original_idx,comment,type_of_hate,target_of_hate,severity_of_hate,silver_explanation,source,verified,verification_status,notes
11346,নগদের করনে মুশফিকুর রহিম গালি খায়,Abusive,Individual,Mild,"মন্তব্যটিতে ""গালি"" এর মতো আক্রমণাত্মক ভাষা ব্যবহার করে নির্দিষ্ট ব্যক্তিকে লক্ষ্য করা হয়েছে। এটি মাঝারি মাত্রার গালিগালাজমূলক বক্তব্য।",rule-contextual,False,pending,
33899,এই প্রতিশোধ একদিন না একদিন নেয়া হবে ইসরাইল ধ্বংস হবে ইনশাল্লাহ আর পশ্চিমাদের গদি উল্টিয়ে যাবে সারা বিশ্ব আজ তামাশা দেখছে মুখে সবাই মানবতার কথা বলছি কিন্তু তাদের অন্তর দিনে দিনে প্রকাশ পাচ্ছে এর চরম পরিনীতি ইসরাইল এবং আমেরিকা কে ভোগ করতে হবে ইনশাল্লাহ ইনশাল্লাহ,Political Hate,Society,Severe,"রাজনৈতিক প্রেক্ষাপটে ""ধ্বংস"" ব্যবহার করে সমাজ বা জাতিকে প্রতি বিদ্বেষ প্রকাশ এই মন্তব্যকে তীব্র ও গুরুতর মাত্রার রাজনৈতিক ঘৃণামূলক বক্তব্য করে তোলে।",rule-contextual,False,pending,
19857,বিএনপির কুকুরগুলো অগ্নি সন্ত্রাস করছে,Political Hate,Organization,Severe,"মন্তব্যকারী ""বিএনপি"" এর প্রসঙ্গে নির্দিষ্ট সংগঠন বা প্রতিষ্ঠানকে সম্পর্কে তীব্র ও গুরুতর মাত্রার রাজনৈতিক বিদ্বেষ ও ঘৃণা প্রকাশ করেছেন।",rule-contextual,False,pending,
26928,কবে আগামী নির্বাচনের পর আন্দোলন করবেন,,,Little to None,"মন্তব্যটিতে কোনো গালিগালাজ, বিদ্বেষ বা আপত্তিকর বিষয়বস্তু পাওয়া যায়নি বলে এটি নিরপেক্ষ মন্তব্য।",rule-based,False,pending,
20920,এক সময় প্যাপাল বাংলাদেশে চালো ছিলো দুঃখের বিষয় দেশে এতো থাকাতে প্যাপালকে ঠিকতে দেয়নি তবে চায় প্যাপাল আবার ফিরে আসুক,,,Little to None,"এই মন্তব্যে কোনো ঘৃণামূলক, আক্রমণাত্মক বা বৈষম্যমূলক ভাষা নেই, তাই এটি স্বাভাবিক মন্তব্য হিসেবে শ্রেণিবদ্ধ।",rule-based,False,pending,
32024,ট্রফি টা আমি চুরি করবো,Abusive,,Little to None,এই বক্তব্যে ব্যবহৃত ভাষা ও দৃষ্টিভঙ্গি সাধারণভাবে মৃদু বা গৌণ মাত্রার গালিগালাজমূলক মন্তব্য প্রকাশ করে।,rule-contextual,False,pending,
4020,এরা থাকে টাকার ধান্দায়,Abusive,Community,Little to None,"এই মন্তব্যের ভাষা ও সুর আক্রমণাত্মক এবং অবমাননাকর, যা একটি সম্প্রদায় বা গোষ্ঠীর বিরুদ্ধে মৃদু বা গৌণ মাত্রার গালিগালাজমূলক বক্তব্য হিসেবে চিহ্নিত।",rule-contextual,False,pending,
19517,মিথ্যা ফকরল সাহেব আমরা সব জানি,Abusive,Individual,Mild,"এই মন্তব্যের ভাষা ও সুর আক্রমণাত্মক এবং অবমাননাকর, যা একটি নির্দিষ্ট ব্যক্তির বিরুদ্ধে মাঝারি মাত্রার গালিগালাজমূলক বক্তব্য হিসেবে চিহ্নিত।",rule-contextual,False,pending,
4044,ধন্যবাদ প্রধান মন্ত্রীকে অর্থ ও পরিকল্পনা মন্ত্রীকে বাদ দেয়ার জন্য,Political Hate,Individual,Little to None,রাজনৈতিক বিষয়ে একটি নির্দিষ্ট ব্যক্তির বিরুদ্ধে মৃদু বা গৌণ মাত্রার বিদ্বেষপূর্ণ মনোভাব এই মন্তব্যে স্পষ্ট।,rule-contextual,False,pending,
29286,তোরা সবাই ভিক্ষা চাইবি কেন এমনিতেই কেও কিছু দিচ্ছে না,Abusive,Community,Mild,মন্তব্যটির সামগ্রিক সুর ও ভাষা একটি সম্প্রদায় বা গোষ্ঠীর বিরুদ্ধে মাঝারি মাত্রার আক্রমণাত্মক বক্তব্য নির্দেশ করে।,rule-contextual,False,pending,
21072,আসসালামু আলাইকুম হাসিনার সরকার কে বলেন মা খালেদা জিয়া হাতে খমতা দিতে সুহস্ত ভাবে নির্বাচন করতে আর বি এম পি সুহস্ত ভাবে নির্বাচন করুক আমরা বাংলা দেশের জনগন ভোট দিবো আমরা বাংলাদেশের জনগন শান্তি চাই বি এম পি ছাড়া কাউকে নির্বাচন দিবে পরে হাসিনা সরকার হবে আমরা জনগন চাই না না হাসিনা আপনে খমতা থেকে নামেন আপনে সুহস্ত ভাবে নির্বাচন করবেন আর বি এম পি সুহস্ত ভাবে নির্বাচন করবে ইনশাআল্লাহ ইনশাআল্লাহ ইনশাআল্লাহ,Political Hate,Organization,Severe,"মন্তব্যকারী ""সরকার"", ""হাসিনা"", ""খালেদা"" এর প্রসঙ্গে নির্দিষ্ট সংগঠন বা প্রতিষ্ঠানকে সম্পর্কে তীব্র ও গুরুতর মাত্রার রাজনৈতিক বিদ্বেষ ও ঘৃণা প্রকাশ করেছেন।",rule-contextual,False,pending,
5410,আসলে আগে ভাবতাম আমরা বাঙালিরাই শুধু বোকা এখন তো দেখি ইউরোপীয় রা আরো বেশি বোকা আমেরিকার অস্র ব্যবসাটা তারা বুজতে পারেনা আর এক দিকে দিয়ে বালোই লাগে যে আমাদের এশিয়াতে যুদ্ধ হলে তাদের কোন মাথা ব্যথা থাকেনা তারা এতোদিন অনেক শান্তিতে ছিলো এখন বুজোক আফগানিস্তানের ও ফিলিস্তিনের বাইয়েরা কি অবস্থায় আছে,Abusive,Society,Mild,"মন্তব্যটিতে ""বোকা"" এর মতো আক্রমণাত্মক ভাষা ব্যবহার করে সমাজ বা জাতিকে লক্ষ্য করা হয়েছে। এটি মাঝারি মাত্রার গালিগালাজমূলক বক্তব্য।",rule-contextual,False,pending,
21899,হে মুসলিম নেতাগন আপনারা ইহুদি ও নাসারাদের নিজেদের বন্ধু হিসাবে গ্রহন করবেন নাতাদের কথা বিশ্বাস করবেন নাতারা আপনাদের দুনিয়াআখিরাত দুই জাহানেই ক্ষতির কারন হবে আপনারা মুসলিমদের সাথে ঐক্য করুন এবং একে অপরকে সাহায্য করুন,,,Little to None,মন্তব্যকারী সাধারণ বিষয়ে মতামত দিয়েছেন এবং কোনো ঘৃণামূলক বক্তব্য প্রকাশ করেননি।,rule-based,False,pending,
33726,এয়ারকন্ডিশনে বসে জনগনের পকেট কেটে হাজার হাজার কোটি টাকা বিদেশে পাচার করা সহজ কিন্তু মাঠে কাজ করে টাকা কামানো কঠিন বুঝলে,Political Hate,Community,Little to None,এই মন্তব্যে রাজনৈতিক প্রেক্ষাপটে একটি সম্প্রদায় বা গোষ্ঠীর বিরুদ্ধে মৃদু বা গৌণ মাত্রার বিদ্বেষ ও ঘৃণা প্রকাশ করা হয়েছে।,rule-contextual,False,pending,
13133,সরকার কী করছে ওনাদের জন্য চারালের মত আচরণ করে বিমানবন্দরে,Political Hate,Organization,Little to None,"নির্দিষ্ট সংগঠন বা প্রতিষ্ঠানকে বিরুদ্ধে ""সরকার"" এর মতো রাজনৈতিক বিদ্বেষমূলক শব্দ ব্যবহার করা হয়েছে। এটি মৃদু বা গৌণ মাত্রার রাজনৈতিক ঘৃণা প্রকাশ করে।",rule-contextual,False,pending,
27703,এসব আন্দোলন করে কিছু হবে একমাত্র উপায় ইসলাম ত্যাগ চুপচাপ,Religious Hate,,Mild,"ধর্মীয় প্রেক্ষাপটে ""ইসলাম"" ব্যবহার করে প্রতি সাম্প্রদায়িক বিদ্বেষ প্রকাশ এটিকে মাঝারি মাত্রার ধর্মীয় ঘৃণামূলক বক্তব্য হিসেবে চিহ্নিত করে।",rule-contextual,False,pending,
33681,প্রিয়তমার গানই আপনার কাম ব্যাকহিটদারুন গান গাইলেন ভাইআপনি ছাড়া বাংলাগানে প্রাণ নাই আপনি মানেই বাংলারোমান্টিক মেলোডিয়াস সুপার গান,,,Little to None,"মন্তব্যটিতে কোনো নির্দিষ্ট ব্যক্তি, গোষ্ঠী বা সম্প্রদায়ের বিরুদ্ধে ঘৃণা বা বিদ্বেষ প্রকাশ পায়নি।",rule-based,False,pending,
3803,বাংলাদেশের দুইটা নাস্তিক চ্যানেল আছে,Abusive,Organization,Little to None,"এই মন্তব্যের ভাষা ও সুর আক্রমণাত্মক এবং অবমাননাকর, যা একটি সংগঠন বা প্রতিষ্ঠানের বিরুদ্ধে মৃদু বা গৌণ মাত্রার গালিগালাজমূলক বক্তব্য হিসেবে চিহ্নিত।",rule-contextual,False,pending,
21655,ব্রাজিল খেলা থেকে নাছ নিয়ে বেশি ব্যাস্ত থাকে এই দলের আরো অধনপতন হবে,,,Little to None,মন্তব্যটি সাধারণ মতামত প্রকাশ করে এবং এতে কোনো ঘৃণা বা সহিংসতামূলক উপাদান নেই।,rule-based,False,pending,
31466,যত কয় তত নয়,,,Little to None,"এই মন্তব্যে কোনো ঘৃণামূলক, আক্রমণাত্মক বা বৈষম্যমূলক ভাষা নেই, তাই এটি স্বাভাবিক মন্তব্য হিসেবে শ্রেণিবদ্ধ।",rule-based,False,pending,
28108,খানকির পোলারা খবর দেখাবি না বিজ্ঞাপন,Abusive,,Little to None,"এই বক্তব্যে প্রতি ""খানকি"" এর মতো অশ্লীল শব্দচয়ন এটিকে মৃদু বা গৌণ মাত্রার কুরুচিপূর্ণ মন্তব্য হিসেবে চিহ্নিত করে।",rule-contextual,False,pending,
1942,চোরদে সময় সংবাদরাচুরি করে দাদাবাড়ি পাচার করেঅচিরেই স্বর্ণচোর দের আইনের আওতায় আনা হবে,Abusive,Community,Severe,"মন্তব্যটিতে ""চোর"" এর মতো আক্রমণাত্মক ভাষা ব্যবহার করে নির্দিষ্ট সম্প্রদায় বা গোষ্ঠীকে লক্ষ্য করা হয়েছে। এটি তীব্র ও গুরুতর মাত্রার গালিগালাজমূলক বক্তব্য।",rule-contextual,False,pending,
13507,সময় চ্যানেল মিথ্যা খবর রটাতে ওস্তাদ,Abusive,Organization,Mild,"এই মন্তব্যের ভাষা ও সুর আক্রমণাত্মক এবং অবমাননাকর, যা একটি সংগঠন বা প্রতিষ্ঠানের বিরুদ্ধে মাঝারি মাত্রার গালিগালাজমূলক বক্তব্য হিসেবে চিহ্নিত।",rule-contextual,False,pending,
33984,আমি ওনার অভিনয় দেখি ভালো ও লাগে অনেক,,,Little to None,এটি একটি নিরপেক্ষ মন্তব্য যেখানে কাউকে লক্ষ্য করে কোনো অবমাননাকর বা বৈষম্যমূলক ভাষা ব্যবহার করা হয়নি।,rule-based,False,pending,
28363,এটি বলার জন্য ভাই তোমাকে কত টাকা দেওয়া হয়েছে,,,Little to None,এই বাক্যে কোনো ঘৃণামূলক শব্দ বা আক্রমণাত্মক প্রকাশ নেই এবং এটি সাধারণ মতামত প্রকাশ করে।,rule-based,False,pending,
21313,হাসিনা দেশ থেকে পালা,Abusive,Individual,Mild,"নির্দিষ্ট ব্যক্তিকে উদ্দেশ্যে ""হাসিনা"", ""থেকে"" এর মতো অবমাননাকর শব্দ ব্যবহার এই মন্তব্যকে মাঝারি মাত্রার গালিগালাজ হিসেবে চিহ্নিত করে।",rule-contextual,False,pending,
2460,পরিচালক সাহেবের সাথে ঘুমানো শেষে জেগে উঠে জামাই খুঁজছেন শিহাব শাহিন সাহেবের সাথে লিভ টুগেদার শেষ সালমান মুকতাদির এর সাথে জেসিয়ার সাথে লিভ টুগেদার শেষ,Gender Hate,Individual,Mild,এই বক্তব্যে লিঙ্গ বৈষম্যমূলক ভাষা ব্যবহার করে একটি নির্দিষ্ট ব্যক্তির বিরুদ্ধে মাঝারি মাত্রার যৌনতাবাদী মনোভাব প্রকাশ করা হয়েছে।,rule-contextual,False,pending,
14771,একজন চৌকিদারের মিছিলও তো এর থেকে অনেক বেশি লোক হয়,Political Hate,Organization,Mild,এই মন্তব্যে রাজনৈতিক প্রেক্ষাপটে একটি সংগঠন বা প্রতিষ্ঠানের বিরুদ্ধে মাঝারি মাত্রার বিদ্বেষ ও ঘৃণা প্রকাশ করা হয়েছে।,rule-contextual,False,pending,
31270,সময় সংবাদকে বলব চোখ কান খোলা রেখে নিউজ করার জন্য বরগুনার জায়গায় বগুড়া দিছেন কেন আমাদের বগুড়া জেলার মান সম্মান নষ্ট করতেছেন কেন ভালো করে আগে আবার স্কুলে যান নতুন করে আবার প্রাইমারি থেকে শুরু করে লেখাপড়া করে আসেন তার পর সাংবাদিকতা করতে আসেন সাংবাদিকতা করতে আসছেন নাকি আপনারা ফাজলামি করার জন্য আসছেন,Abusive,Organization,Little to None,"এই মন্তব্যে ""নষ্ট"" শব্দ ব্যবহার করে নির্দিষ্ট সংগঠন বা প্রতিষ্ঠানকে অবমাননা করা হয়েছে, যা মৃদু বা গৌণ মাত্রার আক্রমণাত্মক ভাষা নির্দেশ করে।",rule-contextual,False,pending,
19816,তোমার জাংগিয়া সামলানোর সুযোগ পাবে না,Abusive,Individual,Mild,এই বক্তব্যে ব্যবহৃত ভাষা ও দৃষ্টিভঙ্গি একটি নির্দিষ্ট ব্যক্তির বিরুদ্ধে মাঝারি মাত্রার গালিগালাজমূলক মন্তব্য প্রকাশ করে।,rule-contextual,False,pending,
15012,দল থেকে নৌকার সাথে প্রতিদ্বন্দ্বিক করার জন্য যাকে দিবেন তাকে কুরবানী দেওয়া শামিল হবে আবার ভাইবেন না এই কুরবানী সেই কুরবানী না,,,Little to None,মন্তব্যকারী সাধারণ বিষয়ে মতামত দিয়েছেন এবং কোনো ঘৃণামূলক বক্তব্য প্রকাশ করেননি।,rule-based,False,pending,
14967,এগুলা সম্পন্ন সরকারের সফলতামানুষ পানিতে ডুবি থাকা সরকারের ব্যর্থতাআর সরকারের মন্ত্রীরা শুধু টাকা নিয়ে লুটপাট করেযে জায়গা দিয়ে পানি আসে সেই জায়গাটা আসলে ব্লক করার প্রয়োজনসরকারের সেই জায়গাতে কিন্তু মাথা একটাবার দেয় নাসরকার শুধু যেখানে রাজনীতি কেডা কোনায় আছে হেদেরকে খালি দূরে দূরেদেশে সাধারণ পাবলিকের চিন্তা যদি করত তাইলে আজকাল মানুষ এমনভাবে পানির নিচে দুধ ডুবিয়ে থাকত নানিত্য পুণ্যের দামও এমন হতো নাদোয়া করি সরকারের ঊর্ধ্বতন কর্মকর্তাকে এই মেসেজটি গ্রহণ হবেসাধারণ পাবলিক এখন পানির নিচে তুলে আছে আপনারা সবাই তাদের একটু নজর করেনআল্লাহর এই খোদারিদের সময়মানুষ এখনই পানিতে দুর্ভোগপ্রত্যেকটা বছর বছর সিলেটে শুধু সমস্যা হয় পানিতেআমরা সব সময় ইন্ডিয়ার সাথে চুক্তি করে সবকিছু চুক্তি করে কিন্তু এখানে নিয়ে চুক্তি হয় নাযখন আমাদের পানির প্রয়োজন হয় তখন আর তারা আমাদেরকে কোন পানি দেয় নাযখন আমাদের পানির প্রয়োজন না হয় তখন তারা আমাদেরকে পানি দিয়া একবারে সব ডুবাইয়া দেয়আমাদের সীমান্ততে আমরা একটা বান্দিমনে হয় এটাই ভালো হবেযে সীমান্ত আছে ওইখানে বিশাল করে একটা বান দিলে ইন্ডিয়ার মতো ইন্ডিয়া পানি কোন দিকে না আমরা কোন দিকে নিতে পারিযদি আমরা তাদের সাথে এই পানি নিয়ে চুক্তি না করতে পারি তাহলে আমরা এখানে কথা বলার প্রয়োজন নেই বছর বছরশুধু ইন্ডিয়া সবকিছু দিয়ে দেয় সবকিছু দিয়ে দেয় এখন একবারে ফানি দিয়ে মানুষ ডুবাইয়া দিছেএখন না আমি অনেক আগ থেকে সবসময় দেখতেছি ইন্ডিয়া থেকে পানি ঢুকে বাংলা প্রশ্ন হয়ে যায়সেই ক্ষতি শুধু সাধারণ পাবলিক হয়ে থাকে আর সরকারেরসরকার কখনো হবে নাসরকার শুধু কখন কোনানো বিরোধী দল কি করে ওইগুলো থেকে নজরকখন খালি সরকার গঠন করবে ওটার দিকে নজরমানুষের দুর্ভোগের দিকে নজর হয় নাকোথায় তারা এখন আইনশৃঙ্খলা বাহিনী কোথায় তার এখন মানুষ জনবলমানুষ তো পানির নিচে ডুবে যাইতেছেআল্লাহ সবকিছুকে হেদায়েত হেফাজত করুক মানুষকেআল্লাহর কাছে দোয়া করি অতি শিগগিরই পানি নামে যাবে,Political Hate,Organization,Mild,"এই মন্তব্যে ""সরকার"", ""বিরোধী"", ""মন্ত্রী"" সম্পর্কিত রাজনৈতিক ঘৃণা প্রকাশ পেয়েছে যেখানে নির্দিষ্ট সংগঠন বা প্রতিষ্ঠানকে আক্রমণের লক্ষ্যবস্তু। তীব্রতা মাঝারি মাত্রার।",rule-contextual,False,pending,
30790,নিজের পরিবারে ভোট টাও পাবেনা আবার কেমেরার সামনে বয়ান দিতে ছে,Political Hate,Individual,Severe,"নির্দিষ্ট ব্যক্তিকে বিরুদ্ধে ""ভোট"" এর মতো রাজনৈতিক বিদ্বেষমূলক শব্দ ব্যবহার করা হয়েছে। এটি তীব্র ও গুরুতর মাত্রার রাজনৈতিক ঘৃণা প্রকাশ করে।",rule-contextual,False,pending,
15421,এরা নাকি চীনের সাথে যুদ্ধ করবে নিজেরা নিজেরা টক্কর খাইয়া ফাইলট মরে চীন যদি এই খবর শুনে ইন্ডিয়ার অর্ধেকটা চীন দখল করবে বাকি অর্ধেক টুকু পাকিস্তান বাংলাদেশ কে বলবে তোরা নিয়ে নে,Political Hate,Organization,Severe,রাজনৈতিক বিষয়ে একটি সংগঠন বা প্রতিষ্ঠানের বিরুদ্ধে তীব্র ও গুরুতর মাত্রার বিদ্বেষপূর্ণ মনোভাব এই মন্তব্যে স্পষ্ট।,rule-contextual,False,pending,
34350,অশ্লীলতা ছড়িয়ে আবার গর্ব করে বলে বিয়ে ছাড়াই একসাথে থাকতাম কত বড় নির্লজ্জ হলে এমন ভাবে বলতে পারে,Abusive,Individual,Mild,এই বক্তব্যে ব্যবহৃত ভাষা ও দৃষ্টিভঙ্গি একটি নির্দিষ্ট ব্যক্তির বিরুদ্ধে মাঝারি মাত্রার গালিগালাজমূলক মন্তব্য প্রকাশ করে।,rule-contextual,False,pending,
2562,মাশাল্লাহ সুবহানাল্লাহ উত্তর কোরিয়ার প্রেসিডেন্ট কিম জং তুমিতো গর্বিত মায়ের গর্বিত সন্তান তুমি আমেরিকার মতো জঙ্গিবাদ রাষ্ট্রকে তক্কা না করে যেভাবে এগিয়ে যাচ্ছ তোমার জয় হবে ইনশাআল্লাহ আমেরিকার মতো সন্ত্রাসী রাষ্ট্রগুলো ইসরাইলের মতো সন্ত্রাসী রাষ্ট্রকে সমর্থক দিয়ে আছে এবং প্রকাশ্যে তাদেরকে সাপোর্ট করছে মুসলমানদেরকে হত্যা করার জন্য বিশ্বের মধ্যে মুসলমান কান্ট্রি প্রেসিডেন্ট গুলা হিজড়া হিজড়া হয়ে গেছে কাপুরুষের বাচ্চা হয়ে গেছে আর পৃথিবীর মধ্যে ছোট্ট একটা রাষ্ট্র উত্তর কোরিয়ার প্রেসিডেন্ট কিম জং আমেরিকার মতো সন্ত্রাসী রাষ্ট্রকে তোয়াক্কা না করে নিজের মতো দেশকে গঠন করছে এই বিশ্বের মুসলমান কান্ট্রির প্রধানমন্ত্রী গুলা তোমরা হিজড়া হয়ে যাও তোমরা দেখো পৃথিবীর মানচিত্রের মত একটা ছোট্ট একটা রাষ্ট্রের উত্তর কোরিয়া একেবারে আমেরিকার মতো ইসরাইলের মত সন্ত্রাসী রাষ্ট্রকে বুড়ো আঙ্গুল দেখিয়ে কিভাবে নিজের রাষ্ট্রকে এগিয়ে যাচ্ছে নিজের দেশকে আত্মরক্ষা করার জন্য এবং নিজের দেশের জনগণকে রক্ষা করার জন্য আর বর্তমানে আমাদের বিশ্বের মুসলমান কান্ট্রির প্রধানমন্ত্রী গুলা হিজড়া হয়ে ঘরে চুরি পরে বসে আছে কারণ তারা আমেরিকার পাছাটা গোলাম হয়ে গেছে বিশ্বের মুসলমানকান্ট্রির প্রধানমন্ত্রী গুলা আমেরিকার এবং ইহুদি নাস্তিকের গোলাম হয়ে আছে তারা চাইতো আমেরিকা চাই সারা বিশ্বের মুসলমান কান্ট্রি গুলো যেন আমেরিকার গোলাম হয়ে থাকে এই কারণে মুসলমান কান্ট্রি গুলোকে সামনে এগিয়ে যেতে দিচ্ছে না আমেরিকার মত একটা তোমাদের কাছে হায় হাতে পায়ে ধরে বলছি তোমরা ইরানের সাথে হাত মিলিয়ে সারা বিশ্বের মুসলমান কান্ট্রি গুলো ঐক্যবদ্ধ আমেরিকার মতো সন্ত্রাসী রাষ্ট্রকে দমন করো ইসরাইলের মত সন্ত্রাসী রাষ্ট্রকে যারা কিনা নিরীহ ফিলিস্তিনি মুসলমানদেরকে হত্যা করছে আমেরিকার মতো ইহুদি নাস্তিকের বাচ্চারা এবং ইসরাইলের মত সন্ত্রাসী,Political Hate,Individual,Severe,"মন্তব্যটিতে ""মুসলমান"" এর মতো রাজনৈতিক ঘৃণামূলক ভাষা ব্যবহার করা হয়েছে। এটি একটি নির্দিষ্ট ব্যক্তির বিরুদ্ধে তীব্র ও গুরুতর মাত্রার বক্তব্য।",rule-contextual,False,pending,
12038,ভাই আপনারা পোল্টি শিল্প নিয়ে আরো প্রতিবেদন তৈরি করেন খামারীদেরকে বাঁচান,,,Little to None,মন্তব্যটি সাধারণ মতামত প্রকাশ করে এবং এতে কোনো ঘৃণা বা সহিংসতামূলক উপাদান নেই।,rule-based,False,pending,
14644,আলহামদুলিল্লাহ আল্লাহ বিএনপি র উপর মুখ করেছে,Political Hate,Organization,Little to None,"রাজনৈতিক প্রেক্ষাপটে ""বিএনপি"" ব্যবহার করে নির্দিষ্ট সংগঠন বা প্রতিষ্ঠানকে প্রতি বিদ্বেষ প্রকাশ এই মন্তব্যকে মৃদু বা গৌণ মাত্রার রাজনৈতিক ঘৃণামূলক বক্তব্য করে তোলে।",rule-contextual,False,pending,
9928,এইসব পুরনো নিউজ তোদের দ্বারাই সম্ভব কারণ তোরাতো সরকারের দালালী করতেই দিন শেষ সব টিভি চ্যানেল এই নিউজ ও ভিডিও দেখানো শেষ করেছে আর এখন নিয়ে আসছিস তোরা এমন পা চাটা দালালী বাদ দিয়ে দেশের মানুষের মতামত কে অগ্রধিকার দে,Political Hate,,Mild,"বিরুদ্ধে ""সরকার"", ""দালাল"" এর মতো রাজনৈতিক বিদ্বেষমূলক শব্দ ব্যবহার করা হয়েছে। এটি মাঝারি মাত্রার রাজনৈতিক ঘৃণা প্রকাশ করে।",rule-contextual,False,pending,
23470,বাংলাদেশের রাজনীতি একটি মুরখো রাজনীতি,Political Hate,Society,Severe,এই মন্তব্যে রাজনৈতিক প্রেক্ষাপটে সামগ্রিকভাবে সমাজ বা জাতির বিরুদ্ধে তীব্র ও গুরুতর মাত্রার বিদ্বেষ ও ঘৃণা প্রকাশ করা হয়েছে।,rule-contextual,False,pending,
14307,এমন ঘটনা বিশ্বের কোন দেশে ঘটেনা শুধুমাত্র বাংলাদেশে ঘটে এটা লজ্জাজনক,Abusive,Society,Mild,"এই মন্তব্যে ""লজ্জা"" শব্দ ব্যবহার করে সমাজ বা জাতিকে অবমাননা করা হয়েছে, যা মাঝারি মাত্রার আক্রমণাত্মক ভাষা নির্দেশ করে।",rule-contextual,False,pending,
20359,আমেরিকা আগুন লাগায় অন্যের ঘরে আর তার বিচার করে মহান আল্লাহ,,,Little to None,মন্তব্যকারী সাধারণ বিষয়ে মতামত দিয়েছেন এবং কোনো ঘৃণামূলক বক্তব্য প্রকাশ করেননি।,rule-based,False,pending,
32521,যুক্তরাষ্ট্র এবং ইসরায়েল সন্রাসী রাষ্ট্র,Abusive,Organization,Severe,এই বক্তব্যে ব্যবহৃত ভাষা ও দৃষ্টিভঙ্গি একটি সংগঠন বা প্রতিষ্ঠানের বিরুদ্ধে তীব্র ও গুরুতর মাত্রার গালিগালাজমূলক মন্তব্য প্রকাশ করে।,rule-contextual,False,pending,
6665,চিনের ভারতকে দরকার ভারতের চিনকে দরকার নেই জয় কৃষ্ণ,,,Little to None,এই বাক্যে কোনো ঘৃণামূলক শব্দ বা আক্রমণাত্মক প্রকাশ নেই এবং এটি সাধারণ মতামত প্রকাশ করে।,rule-based,False,pending,
13128,আপনার প্রস্তাব কে সম্মানের সহিত একমত,,,Little to None,মন্তব্যকারী সাধারণ বিষয়ে মতামত দিয়েছেন এবং কোনো ঘৃণামূলক বক্তব্য প্রকাশ করেননি।,rule-based,False,pending,
26935,শুনতে খারাপ হলেও বলতেই হচ্ছে ছাগল দিয়ে হাল চাষ হলেমানুষ গুরু কিন্তুনা আচ্ছা মুশফিক বা ফেলতে পারিনি বুঝলামতো আপনি কয়টা লোম ফেলেছেন,Abusive,Individual,Mild,"মন্তব্যটিতে ""খারাপ"" এর মতো আক্রমণাত্মক ভাষা ব্যবহার করে নির্দিষ্ট ব্যক্তিকে লক্ষ্য করা হয়েছে। এটি মাঝারি মাত্রার গালিগালাজমূলক বক্তব্য।",rule-contextual,False,pending,
2290,এতো উন্নয়ন বাজারে গেলে হিমসিম খেতে হয়,Abusive,Society,Little to None,মন্তব্যটির সামগ্রিক সুর ও ভাষা সামগ্রিকভাবে সমাজ বা জাতির বিরুদ্ধে মৃদু বা গৌণ মাত্রার আক্রমণাত্মক বক্তব্য নির্দেশ করে।,rule-contextual,False,pending,
6205,ফালতু ও মুখরোচক সংবাদ প্রচার বন্ধ রাখাই ভাল,Abusive,Organization,Little to None,"এই মন্তব্যের ভাষা ও সুর আক্রমণাত্মক এবং অবমাননাকর, যা একটি সংগঠন বা প্রতিষ্ঠানের বিরুদ্ধে মৃদু বা গৌণ মাত্রার গালিগালাজমূলক বক্তব্য হিসেবে চিহ্নিত।",rule-contextual,False,pending,
28997,সরকার প্রবাসিদের সাপোর্ট করে না,Political Hate,Organization,Mild,"রাজনৈতিক প্রেক্ষাপটে ""সরকার"" ব্যবহার করে নির্দিষ্ট সংগঠন বা প্রতিষ্ঠানকে প্রতি বিদ্বেষ প্রকাশ এই মন্তব্যকে মাঝারি মাত্রার রাজনৈতিক ঘৃণামূলক বক্তব্য করে তোলে।",rule-contextual,False,pending,
13970,১ করে পেলান্টি,,,Little to None,এটি একটি নিরপেক্ষ মন্তব্য যেখানে কাউকে লক্ষ্য করে কোনো অবমাননাকর বা বৈষম্যমূলক ভাষা ব্যবহার করা হয়নি।,rule-based,False,pending,
7883,সেজন্যই বলি ইজরাইলের সমর্থন ছেড়ে দাও এখন তো পড়ে গিয়ে উঠে যায় একদিন এমনি পড়বে যার উঠতেই পারবে না এখন তো আমেরিকায় শয়তানের পূজা করাও সমর্থন করে দিয়েছে,Abusive,Community,Mild,"এই মন্তব্যের ভাষা ও সুর আক্রমণাত্মক এবং অবমাননাকর, যা একটি সম্প্রদায় বা গোষ্ঠীর বিরুদ্ধে মাঝারি মাত্রার গালিগালাজমূলক বক্তব্য হিসেবে চিহ্নিত।",rule-contextual,False,pending,
9288,অগ্রগতি হোক রাশিয়া চীন ইরান কোরিয়া তুরস্ক ধ্বংস হোক আমেরিকা ন্যাটো ইসরায়েল ইউক্রেন,Political Hate,Society,Mild,"রাজনৈতিক প্রেক্ষাপটে ""ধ্বংস"" ব্যবহার করে সমাজ বা জাতিকে প্রতি বিদ্বেষ প্রকাশ এই মন্তব্যকে মাঝারি মাত্রার রাজনৈতিক ঘৃণামূলক বক্তব্য করে তোলে।",rule-contextual,False,pending,
14806,দেশটি রসাতলে যাচ্ছে,,,Little to None,মন্তব্যটি সাধারণ মতামত প্রকাশ করে এবং এতে কোনো ঘৃণা বা সহিংসতামূলক উপাদান নেই।,rule-based,False,pending,
13921,কিছু কিছু বাজে পোলাপান যেমন তাদের আব্বা আছে এই ভেবে নিশ্চিন্তে আকাম করে ঠিক তেমনি বিসিবি টপ অর্ডার ব্যাটসম্যানরা তাদের মাহমুদউল্লাহ আব্বার উপর নির্ভর করে ব্যাট করতে নামে,Abusive,Community,Mild,"এই মন্তব্যের ভাষা ও সুর আক্রমণাত্মক এবং অবমাননাকর, যা একটি সম্প্রদায় বা গোষ্ঠীর বিরুদ্ধে মাঝারি মাত্রার গালিগালাজমূলক বক্তব্য হিসেবে চিহ্নিত।",rule-contextual,False,pending,
33322,অবৈধভাবে জায়গা দখল করে আবার উচ্ছেদ করতে গেলে বাধা দেয় এদেরকে কঠোরভাবে দমন করতে হবে,Abusive,Community,Little to None,"এই মন্তব্যের ভাষা ও সুর আক্রমণাত্মক এবং অবমাননাকর, যা একটি সম্প্রদায় বা গোষ্ঠীর বিরুদ্ধে মৃদু বা গৌণ মাত্রার গালিগালাজমূলক বক্তব্য হিসেবে চিহ্নিত।",rule-contextual,False,pending,
12157,সাল সাল তো দেখেছি নিজের প্রথম ভুট দিতে পারলাম না ভোট চুরি হয়ে গেছে,Political Hate,,Mild,"বিরুদ্ধে ""ভোট"" এর মতো রাজনৈতিক বিদ্বেষমূলক শব্দ ব্যবহার করা হয়েছে। এটি মাঝারি মাত্রার রাজনৈতিক ঘৃণা প্রকাশ করে।",rule-contextual,False,pending,
14654,এদের লজ্জা সরম নাই,Abusive,,Little to None,"এই বক্তব্যে প্রতি ""লজ্জা"" এর মতো আপত্তিকর শব্দচয়ন এটিকে মৃদু বা গৌণ মাত্রার আক্রমণাত্মক মন্তব্য হিসেবে শ্রেণিবদ্ধ করে।",rule-contextual,False,pending,
1886,আপনারাতো সুবিধাবাদী লোক,Abusive,Community,Little to None,"এই মন্তব্যের ভাষা ও সুর আক্রমণাত্মক এবং অবমাননাকর, যা একটি সম্প্রদায় বা গোষ্ঠীর বিরুদ্ধে মৃদু বা গৌণ মাত্রার গালিগালাজমূলক বক্তব্য হিসেবে চিহ্নিত।",rule-contextual,False,pending,
21254,আমরা অপেক্ষায় আছি,,,Little to None,"এই মন্তব্যে কোনো আপত্তিকর, অশ্লীল বা ঘৃণাজনক বিষয়বস্তু নেই এবং এটি স্বাভাবিক আলোচনার অংশ।",rule-based,False,pending,
9921,ভারত নিয়ে অনুসন্ধানি রিপোর্ট করো তাহলে এই সরকার বাঁশ দিবে,Political Hate,Society,Mild,"রাজনৈতিক প্রেক্ষাপটে ""সরকার"" ব্যবহার করে সমাজ বা জাতিকে প্রতি বিদ্বেষ প্রকাশ এই মন্তব্যকে মাঝারি মাত্রার রাজনৈতিক ঘৃণামূলক বক্তব্য করে তোলে।",rule-contextual,False,pending,
4915,কয়টা লাগেজ নিয়া গেছে সে নিজেই কয়েক হাজার কুটি টাকা পাচার করেছে দেশের,Abusive,Individual,Severe,এই বক্তব্যে ব্যবহৃত ভাষা ও দৃষ্টিভঙ্গি একটি নির্দিষ্ট ব্যক্তির বিরুদ্ধে তীব্র ও গুরুতর মাত্রার গালিগালাজমূলক মন্তব্য প্রকাশ করে।,rule-contextual,False,pending,
8781,ইনশাআল্লাহ প্রথম রাউন্ডে বিদায় হবে,,,Little to None,মন্তব্যকারী সাধারণ বিষয়ে মতামত দিয়েছেন এবং কোনো ঘৃণামূলক বক্তব্য প্রকাশ করেননি।,rule-based,False,pending,
11289,ডাইনি রক্ত পিপাসু মিথ্যাবাদী চোর ভোটের ইতিহাসে নিকৃষ্টতম জঘন্য কলঙ্কিত নারী এদেশের জনগণ আওয়ামী লীগকে নিশ্চিহ্ন করে দেবে ইনশাল্লাহ,Political Hate,Individual,Severe,"রাজনৈতিক প্রেক্ষাপটে ""আওয়ামী"", ""লীগ"", ""ভোট"" ব্যবহার করে নির্দিষ্ট ব্যক্তিকে প্রতি বিদ্বেষ প্রকাশ এই মন্তব্যকে তীব্র ও গুরুতর মাত্রার রাজনৈতিক ঘৃণামূলক বক্তব্য করে তোলে।",rule-contextual,False,pending,
14012,আমার ছবি দেখা জায় না তো,,,Little to None,এটি একটি নিরপেক্ষ মন্তব্য যেখানে কাউকে লক্ষ্য করে কোনো অবমাননাকর বা বৈষম্যমূলক ভাষা ব্যবহার করা হয়নি।,rule-based,False,pending,
2914,বিএনপি হলো পাকিস্তানের সিস্টার কনসার্ন তাইতো এই অবস্হা,Political Hate,Organization,Mild,"রাজনৈতিক প্রেক্ষাপটে ""বিএনপি"" ব্যবহার করে নির্দিষ্ট সংগঠন বা প্রতিষ্ঠানকে প্রতি বিদ্বেষ প্রকাশ এই মন্তব্যকে মাঝারি মাত্রার রাজনৈতিক ঘৃণামূলক বক্তব্য করে তোলে।",rule-contextual,False,pending,
13541,নাস্তিকের বাচ্চা সাও দিয়ে ভরে দেওয়া দরকার এদের অনুষ্ঠান মাদার,Abusive,Community,Severe,এই বক্তব্যে ব্যবহৃত অশ্লীল ভাষা একটি সম্প্রদায় বা গোষ্ঠীর বিরুদ্ধে তীব্র ও গুরুতর মাত্রার কুরুচিপূর্ণ মন্তব্য নির্দেশ করে।,rule-contextual,False,pending,
12838,১০০ সত্যি কথা ভাইআপনি আমার কাছে অসাধারণ এক শিল্পী,,,Little to None,"মন্তব্যটিতে কোনো নির্দিষ্ট ব্যক্তি, গোষ্ঠী বা সম্প্রদায়ের বিরুদ্ধে ঘৃণা বা বিদ্বেষ প্রকাশ পায়নি।",rule-based,False,pending,
27658,ইনশাআল্লাহ আবার ও হবে,,,Little to None,এটি একটি নিরপেক্ষ মন্তব্য যেখানে কাউকে লক্ষ্য করে কোনো অবমাননাকর বা বৈষম্যমূলক ভাষা ব্যবহার করা হয়নি।,rule-based,False,pending,
6567,হরতাল মানি না মানবো না,,,Little to None,"মন্তব্যটিতে কোনো গালিগালাজ, বিদ্বেষ বা আপত্তিকর বিষয়বস্তু পাওয়া যায়নি বলে এটি নিরপেক্ষ মন্তব্য।",rule-based,False,pending,
89,এর জন্য আইসিসি দায়ী,Abusive,Organization,Severe,"এই মন্তব্যের ভাষা ও সুর আক্রমণাত্মক এবং অবমাননাকর, যা একটি সংগঠন বা প্রতিষ্ঠানের বিরুদ্ধে তীব্র ও গুরুতর মাত্রার গালিগালাজমূলক বক্তব্য হিসেবে চিহ্নিত।",rule-contextual,False,pending,
571,অথচ এরাই ৬০ লক্ষ্য ইহুদি হত্যা করেছিলো,Religious Hate,Community,Mild,ধর্ম ও সম্প্রদায় সম্পর্কে একটি সম্প্রদায় বা গোষ্ঠীর বিরুদ্ধে মাঝারি মাত্রার বিদ্বেষপূর্ণ মনোভাব এই মন্তব্যে প্রকাশিত।,rule-contextual,False,pending,
12208,যারা পাকিস্তান বিরোধী এককথায় তারাই আসল ইসলাম বিরোধী,Political Hate,Community,Mild,"মন্তব্যটিতে ""ইসলাম"" এর মতো রাজনৈতিক ঘৃণামূলক ভাষা ব্যবহার করা হয়েছে। এটি একটি সম্প্রদায় বা গোষ্ঠীর বিরুদ্ধে মাঝারি মাত্রার বক্তব্য।",rule-contextual,False,pending,
12908,আমেরিকা আর ন্যাটো জোটভুক্ত ইউরোপের অন্য সব রাষ্ট্র এবং তাদের সব মিডিয়া নির্লজ্জ ভাবে চেষ্টা করেছে তুরস্কের নির্বাচনে এরদোয়ানকে হারাতে এরা বাংলাদেশের নির্বাচনে হাসিনাকে হারাতে উঠেপড়ে লেগেছে পাকিস্তানে আমেরিকা বিভিন্ন চালে ক্যাপ্টেন ইমরান খানকে ক্ষমতাচ্যুত করে পাকিস্তানকে তছনছ করে দফারফা করে ফেলেছে কিন্তু তুরস্কের জনগণ আমেরিকার মুখে থুতু ছিটিয়ে এরদোয়ান কে পুনরায় নির্বাচিত করেছে তুরস্কের জনগণের মত বাংলাদেশের জণগণও আশা করি আল্লাহর রহমতে আমেরিকার মুখে ছাই দিয়ে শেখ হাসিনাকে আবার দেশের হাল ধরে রাখার সুযোগ দিবে ইনশাআল্লাহ আমরা বাংলাদেশে শান্তি চাই এবং বিশ্বব্যাপী শান্তি চাই বাংলাদেশ কখনো চীন এবং ভারতের বিবাদে কারো পক্ষে বা বিপক্ষে থাকবে না তেমনি রাশিয়া এবং চীনের সাথে আমেরিকার যুদ্ধে বাংলাদেশ আমেরিকার পক্ষে বা বিপক্ষে অবস্থান নিতে পারে না বাংলাদেশের জনগণ কখনোই বাংলাদেশে আমেরিকার সামরিক ঘাটি হতে দিবে না ইনশাআল্লাহ বাংলাদেশ সকল দেশের সাথে বন্ধুত্ব বজায় রেখে বাংলাদেশের মানুষের অর্থনৈতিক উন্নতি চায় ২০১৪ সনে ইউক্রেনের নির্বাচনের ফলাফল প্রত্যাখ্যান করে বিরোধী পক্ষ আমেরিকা ইউক্রেনের এই বিরোধী দলের লোকজনকে টাকা অস্ত্র এবং এমনকি মাদক দ্রব্য সরবরাহ করে তৎকালীন সরকারের বিরুদ্ধে কারণ সেই সরকার প্রতিবেশী রাশিয়ার সাথে সুসম্পর্ক বজায় রাখার পক্ষপাতি ছিল যাইহোক আমেরিকা ২০১৪ সনে ইউক্রেনে সেই প্রচেষ্টায় তৎকালীন সরকারকে আমেরিকার পরিচালনায় সংঘটিত এক কৃত্তিম গণঅভ্যুত্থানের যা ময়দান কু হিসাবে পরিচিত মাধ্যমে ক্ষমতাচ্যুত করতে সফল হয় এবং তাদের পছন্দের রাশিয়া বিরোধী এক সরকার প্রতিষ্ঠা করতে সক্ষম হয় ইউক্রেনের আজকের এই কৌতুক অভিনেতা জেলেনস্কি হচ্ছে আমেরিকার বসান সেই সরকারের ধারাবাহিকতা এই সব কিছুর পিছনে আমেরিকার উদ্দেশ্য ছিলো নিজেরা রাশিয়ার সাথে যুদ্ধ না করে ইউক্রেনকে ব্যবহার করে রাশিয়াকে দুর্বল করা এই পর্যন্ত এই যুদ্ধে ইউক্রেনের কম পক্ষ এক দের লক্ষ সৈনিক হতাহত হয়েছে শেখ হাসিনা প্রথম থেকেই বলে এসেছে যে বাংলাদেশ কিছুতেই চীনের বিরুদ্ধে ভারত এবং আমেরিকার দাবার ঘুটি হবে না যা আমি সমর্থন করি আল্লাহ আমাদেরকে পৃথিবীর সবচাইতে সেরা উর্বর ভূমি দিয়েছেন আমরা গায়ে খেটে ফসল বৃদ্ধি করে দুই বেলা খেয়ে বাচবো তবুও কারো জন্যে যুদ্ধের মধ্যে পরে বোকার মতো জীবন হারাবো না তাই এখন আমার শ্লোগান হবে বাচাও হাসিনা বাচাও দেশ আমেরিকার ফাদে পরলে সব শেষ,Political Hate,Organization,Little to None,"মন্তব্যকারী ""সরকার"", ""বিরোধী"", ""হাসিনা"" এর প্রসঙ্গে নির্দিষ্ট সংগঠন বা প্রতিষ্ঠানকে সম্পর্কে মৃদু বা গৌণ মাত্রার রাজনৈতিক বিদ্বেষ ও ঘৃণা প্রকাশ করেছেন।",rule-contextual,False,pending,
33914,তিন মাস থানা কোট তারপর ভেড়া আজব তো,Abusive,Society,Little to None,"এই মন্তব্যের ভাষা ও সুর আক্রমণাত্মক এবং অবমাননাকর, যা সামগ্রিকভাবে সমাজ বা জাতির বিরুদ্ধে মৃদু বা গৌণ মাত্রার গালিগালাজমূলক বক্তব্য হিসেবে চিহ্নিত।",rule-contextual,False,pending,
28370,লুটপাট নেত্রী চিতলের পেটি খাও,,,Little to None,"মন্তব্যটিতে কোনো নির্দিষ্ট ব্যক্তি, গোষ্ঠী বা সম্প্রদায়ের বিরুদ্ধে ঘৃণা বা বিদ্বেষ প্রকাশ পায়নি।",rule-based,False,pending,
33763,সাকিব সাকিব সাকিব এই নামটা মানেই বিনোদন,Abusive,Individual,Severe,এই বক্তব্যে ব্যবহৃত ভাষা ও দৃষ্টিভঙ্গি একটি নির্দিষ্ট ব্যক্তির বিরুদ্ধে তীব্র ও গুরুতর মাত্রার গালিগালাজমূলক মন্তব্য প্রকাশ করে।,rule-contextual,False,pending,
29097,যার মেম্বার হওয়ার যোগ্যতা নেই সে হবে এমপি,Abusive,Individual,Mild,এই বক্তব্যে ব্যবহৃত ভাষা ও দৃষ্টিভঙ্গি একটি নির্দিষ্ট ব্যক্তির বিরুদ্ধে মাঝারি মাত্রার গালিগালাজমূলক মন্তব্য প্রকাশ করে।,rule-contextual,False,pending,
7002,কি খুশি আবারো সরকারে থাকবে কোন চিন্তা নেইভোট চোর অবৈধ প্রধানমন্ত্রী,Political Hate,Individual,Severe,"এই মন্তব্যে ""সরকার"", ""ভোট"", ""মন্ত্রী"" সম্পর্কিত রাজনৈতিক ঘৃণা প্রকাশ পেয়েছে যেখানে নির্দিষ্ট ব্যক্তিকে আক্রমণের লক্ষ্যবস্তু। তীব্রতা তীব্র ও গুরুতর মাত্রার।",rule-contextual,False,pending,
11458,সময় টিভিমনে রাখো আমরা ক্ষমতায় আসলে তোদের মতো পা চাটা সময় টিভি সাংবাদিকদের ফাঁসি দিবো সব মিথ্যা রিপোর্ট করিস তোরা সময় থাকতে ভালো হয়ে যা,Abusive,Organization,Severe,"নির্দিষ্ট সংগঠন বা প্রতিষ্ঠানকে উদ্দেশ্যে ""ফাঁসি"" এর মতো অবমাননাকর শব্দ ব্যবহার এই মন্তব্যকে তীব্র ও গুরুতর মাত্রার গালিগালাজ হিসেবে চিহ্নিত করে।",rule-contextual,False,pending,
21201,এগুলো চুনোপুটি রাঘব গোয়ালরা রাজত্ব করছে,Abusive,,Little to None,এই বক্তব্যে ব্যবহৃত ভাষা ও দৃষ্টিভঙ্গি সাধারণভাবে মৃদু বা গৌণ মাত্রার গালিগালাজমূলক মন্তব্য প্রকাশ করে।,rule-contextual,False,pending,
17973,পাযরা তো উড়ে গেলো,,,Little to None,"এই মন্তব্যে কোনো ঘৃণামূলক, আক্রমণাত্মক বা বৈষম্যমূলক ভাষা নেই, তাই এটি স্বাভাবিক মন্তব্য হিসেবে শ্রেণিবদ্ধ।",rule-based,False,pending,
25992,আমি বুজলামনা আওয়ামী লীগ খমতায় আসলে টাকা পয়সা এত সিষ্টেমে চুরি হয় কেন,Political Hate,Organization,Severe,"রাজনৈতিক প্রেক্ষাপটে ""লীগ"" ব্যবহার করে নির্দিষ্ট সংগঠন বা প্রতিষ্ঠানকে প্রতি বিদ্বেষ প্রকাশ এই মন্তব্যকে তীব্র ও গুরুতর মাত্রার রাজনৈতিক ঘৃণামূলক বক্তব্য করে তোলে।",rule-contextual,False,pending,
11981,মিডিয়ার মাধ্যমে জানা যায় যে ইরান ও পাকিস্তানের আকাশ প্রতিরক্ষা ব্যবস্হা বেশ ভাল কিন্তু একেঅপরের উপরের আত্রুমণে তাদের আকাশ প্রতিরক্ষা ব্যবস্হার কোন কার্যকর পদক্ষেপ দেখা যায় না বিষয়টি খুবই রহস্যজনক ইরান বিরোধী জঙ্গি গোষ্ঠী পাকিস্তানে আছে এবং তাদের প্রতি ইসরাইলী পৃষ্ঠপোষকতা রয়েছে এটাও সত্য কিন্তু এরপরও ইরানের আত্রুমণ করাটা বিচক্ষণতার অভাব ইরানের মত কুটনৈতিক ভাবে অগ্রগণ্য জাতি কিভাবে এত বড় ভুল করল তা ভাবতে সত্যিই আমি হতাশ হয়েছি,Political Hate,Society,Little to None,রাজনৈতিক বিষয়ে সামগ্রিকভাবে সমাজ বা জাতির বিরুদ্ধে মৃদু বা গৌণ মাত্রার বিদ্বেষপূর্ণ মনোভাব এই মন্তব্যে স্পষ্ট।,rule-contextual,False,pending,
32629,বিএনপির কর্মী গুলো পাগল হয়ে গেছে অন্যায় করে ধরা খায়তাদের নেতারা হাতে নাতে ধরা খায়ততারপর বলে নাটক,Political Hate,Organization,Mild,"নির্দিষ্ট সংগঠন বা প্রতিষ্ঠানকে বিরুদ্ধে ""বিএনপি"", ""পাগল"" এর মতো রাজনৈতিক বিদ্বেষমূলক শব্দ ব্যবহার করা হয়েছে। এটি মাঝারি মাত্রার রাজনৈতিক ঘৃণা প্রকাশ করে।",rule-contextual,False,pending,
19187,ভারত তেল লাগিয়ে ডাবরের নাম মুছেদিলো পাকি বাবরের,Abusive,Individual,Mild,মন্তব্যটির সামগ্রিক সুর ও ভাষা একটি নির্দিষ্ট ব্যক্তির বিরুদ্ধে মাঝারি মাত্রার আক্রমণাত্মক বক্তব্য নির্দেশ করে।,rule-contextual,False,pending,
6616,ঢালতে ঢালতে সব শেষ,,,Little to None,"এই মন্তব্যে কোনো ঘৃণামূলক, আক্রমণাত্মক বা বৈষম্যমূলক ভাষা নেই, তাই এটি স্বাভাবিক মন্তব্য হিসেবে শ্রেণিবদ্ধ।",rule-based,False,pending,
7595,এদের বাচিয়ে রেখে কি হবে ইনকাউন্টার করে দেন এরা জীবন নিয়ে খেলা করে,,,Little to None,এই বাক্যে কোনো ঘৃণামূলক শব্দ বা আক্রমণাত্মক প্রকাশ নেই এবং এটি সাধারণ মতামত প্রকাশ করে।,rule-based,False,pending,
12931,বিএনপি জামাত জঙ্গি মতাদর্শের রাজনৈতিক দল,Political Hate,Organization,Severe,"রাজনৈতিক প্রেক্ষাপটে ""বিএনপি"", ""জামাত"", ""দল"" ব্যবহার করে নির্দিষ্ট সংগঠন বা প্রতিষ্ঠানকে প্রতি বিদ্বেষ প্রকাশ এই মন্তব্যকে তীব্র ও গুরুতর মাত্রার রাজনৈতিক ঘৃণামূলক বক্তব্য করে তোলে।",rule-contextual,False,pending,
255,সব রাজাকারের ছেলেরাই মিথ্যা কথা বলায় পটু,Abusive,Community,Little to None,"এই মন্তব্যে ""রাজাকার"" শব্দ ব্যবহার করে নির্দিষ্ট সম্প্রদায় বা গোষ্ঠীকে অবমাননা করা হয়েছে, যা মৃদু বা গৌণ মাত্রার আক্রমণাত্মক ভাষা নির্দেশ করে।",rule-contextual,False,pending,
32949,সৌম্য সরকার ভালো পেলেয়া,,,Little to None,"এই মন্তব্যে কোনো ঘৃণামূলক, আক্রমণাত্মক বা বৈষম্যমূলক ভাষা নেই, তাই এটি স্বাভাবিক মন্তব্য হিসেবে শ্রেণিবদ্ধ।",rule-based,False,pending,
20315,বাংলাদেশের ওয়ার্ল্ড ক্লাস বোলিং রিয়েলিটি তে আসেন,,,Little to None,"মন্তব্যটিতে কোনো নির্দিষ্ট ব্যক্তি, গোষ্ঠী বা সম্প্রদায়ের বিরুদ্ধে ঘৃণা বা বিদ্বেষ প্রকাশ পায়নি।",rule-based,False,pending,
17873,পেম পেম অবৈধ পেম বন্ধ করতে হবে এটা আল্লাহর কাছে নাফারমানি করা আগে বিয়ে পরে পেম,Religious Hate,Community,Severe,এই মন্তব্যে ধর্মীয় প্রেক্ষাপটে একটি সম্প্রদায় বা গোষ্ঠীর বিরুদ্ধে তীব্র ও গুরুতর মাত্রার সাম্প্রদায়িক বিদ্বেষ প্রকাশ করা হয়েছে।,rule-contextual,False,pending,
16631,এই কারণেই ওঁর স্বামী বাধ্য হয়েছিলেন মনিকা লিউয়েনস্কির সঙ্গে যৌনসম্পর্ক স্থাপন করতে,Gender Hate,Individual,Mild,মন্তব্যটিতে একটি নির্দিষ্ট ব্যক্তির বিরুদ্ধে মাঝারি মাত্রার লিঙ্গভিত্তিক বৈষম্য ও যৌনতাবাদী দৃষ্টিভঙ্গি প্রকাশ পেয়েছে।,rule-contextual,False,pending,
4852,নির্লজ্জ বেহায়া মহিলা দাত কেলাইয়া হাসিছে আর আমরা লজ্জায় মরে যাচ্ছি ছিঃ,Abusive,Individual,Severe,"নির্দিষ্ট ব্যক্তিকে উদ্দেশ্যে ""লজ্জা"" এর মতো অবমাননাকর শব্দ ব্যবহার এই মন্তব্যকে তীব্র ও গুরুতর মাত্রার গালিগালাজ হিসেবে চিহ্নিত করে।",rule-contextual,False,pending,
13295,এইটা নিশ্চিত শেখ হাসিনার আপন বোন,,,Little to None,এটি একটি নিরপেক্ষ মন্তব্য যেখানে কাউকে লক্ষ্য করে কোনো অবমাননাকর বা বৈষম্যমূলক ভাষা ব্যবহার করা হয়নি।,rule-based,False,pending,
30757,আফা কিছু মনে নিয়েন না পুলিশরাতো সরকারি ভিক্ষুকতাই ঘুষ খায়এটা ওদের রক্তে সমস্যাজয় বাংলা,Abusive,Community,Mild,"মন্তব্যটিতে ""সরকার"" এর মতো আক্রমণাত্মক ও গালিগালাজমূলক ভাষা ব্যবহার করা হয়েছে। এটি একটি সম্প্রদায় বা গোষ্ঠীর বিরুদ্ধে মাঝারি মাত্রার বক্তব্য।",rule-contextual,False,pending,
16061,ইনস আল্লাহ সাকিব পতি ম্যসে দশ থেকে পনের রানের মধ্যে আউট হবে অহংকারের মুল পতন ঘটবে,Abusive,Individual,Mild,"নির্দিষ্ট ব্যক্তিকে উদ্দেশ্যে ""পতন"" এর মতো অবমাননাকর শব্দ ব্যবহার এই মন্তব্যকে মাঝারি মাত্রার গালিগালাজ হিসেবে চিহ্নিত করে।",rule-contextual,False,pending,
18452,আমি খুশি আমার ভোট সুমন ভাই কে দিব ইনশাআল্লাহ,,,Little to None,"মন্তব্যটিতে কোনো নির্দিষ্ট ব্যক্তি, গোষ্ঠী বা সম্প্রদায়ের বিরুদ্ধে ঘৃণা বা বিদ্বেষ প্রকাশ পায়নি।",rule-based,False,pending,
10189,সাধারণত প্রতিটি হলে ক্যামেরা থাকে ওইদিন কি ক্যামেরা কারোর পুটকির মধ্যে ধুকে গেছে,Abusive,Individual,Severe,এই বক্তব্যে ব্যবহৃত অশ্লীল ভাষা একটি নির্দিষ্ট ব্যক্তির বিরুদ্ধে তীব্র ও গুরুতর মাত্রার কুরুচিপূর্ণ মন্তব্য নির্দেশ করে।,rule-contextual,False,pending,
22031,আলগা মোমেন একটু থামেন বয়ান দিয়েন না,Abusive,Individual,Mild,মন্তব্যটির সামগ্রিক সুর ও ভাষা একটি নির্দিষ্ট ব্যক্তির বিরুদ্ধে মাঝারি মাত্রার আক্রমণাত্মক বক্তব্য নির্দেশ করে।,rule-contextual,False,pending,
14841,ৎৎ ৎ ৎ ৎৎৎৎৎৎৎৎৎৎৎৎৎ ৎ ৎ ৎ ৎ ৎ ৎৎ,,,Little to None,"মন্তব্যটিতে কোনো নির্দিষ্ট ব্যক্তি, গোষ্ঠী বা সম্প্রদায়ের বিরুদ্ধে ঘৃণা বা বিদ্বেষ প্রকাশ পায়নি।",rule-based,False,pending,
10786,বেতন বাড়ীয়ে কোন লাভ নেই বেতন না বাড়িয়ে জিনিস পত্রের দাম কমাইতে হবে এইটা বলো,Abusive,Organization,Little to None,"এই মন্তব্যের ভাষা ও সুর আক্রমণাত্মক এবং অবমাননাকর, যা একটি সংগঠন বা প্রতিষ্ঠানের বিরুদ্ধে মৃদু বা গৌণ মাত্রার গালিগালাজমূলক বক্তব্য হিসেবে চিহ্নিত।",rule-contextual,False,pending,
12599,পাগলের সুখ মনে মনে ব্রাজিল তো পাগল সাথে নেইমার তো বড় পাগল,Abusive,Individual,Mild,"এই বক্তব্যে নির্দিষ্ট ব্যক্তিকে প্রতি ""পাগল"" এর মতো আপত্তিকর শব্দচয়ন এটিকে মাঝারি মাত্রার আক্রমণাত্মক মন্তব্য হিসেবে শ্রেণিবদ্ধ করে।",rule-contextual,False,pending,
8158,তানজিদ হাসান তামিম কে বাংলাদেশের স্কোয়াড থেকে বাদ করে দেন,Abusive,,Little to None,"এই মন্তব্যের ভাষা ও সুর আক্রমণাত্মক এবং অবমাননাকর, যা সাধারণভাবে মৃদু বা গৌণ মাত্রার গালিগালাজমূলক বক্তব্য হিসেবে চিহ্নিত।",rule-contextual,False,pending,
7871,এতে সময় টিভির কি,,,Little to None,"মন্তব্যটিতে কোনো গালিগালাজ, বিদ্বেষ বা আপত্তিকর বিষয়বস্তু পাওয়া যায়নি বলে এটি নিরপেক্ষ মন্তব্য।",rule-based,False,pending,
2977,আওয়ামী লীগ ভোট চোর সরকার আর নেই দরকার,Abusive,Organization,Severe,"মন্তব্যকারী ""চোর"" ব্যবহার করে নির্দিষ্ট সংগঠন বা প্রতিষ্ঠানকে আক্রমণ করেছেন। ভাষার তীব্রতা তীব্র ও গুরুতর মাত্রার বলে প্রতীয়মান।",rule-contextual,False,pending,
825,বরিশালের মেয়ে ভারতের ছেলেকেও ৪ বছর ধরে পুটকি মেরে খাইতাছে,Abusive,Individual,Severe,এই বক্তব্যে ব্যবহৃত অশ্লীল ভাষা একটি নির্দিষ্ট ব্যক্তির বিরুদ্ধে তীব্র ও গুরুতর মাত্রার কুরুচিপূর্ণ মন্তব্য নির্দেশ করে।,rule-contextual,False,pending,
6730,বিপদে পশ্চিমারাই পড়বে আর কেউ করবে না,Abusive,Society,Little to None,"এই মন্তব্যে ""মারা"" শব্দ ব্যবহার করে সমাজ বা জাতিকে অবমাননা করা হয়েছে, যা মৃদু বা গৌণ মাত্রার আক্রমণাত্মক ভাষা নির্দেশ করে।",rule-contextual,False,pending,
6735,মাত্র শুরু বাংলাদেশের ধ্বংস করতে কয়দিন লাগে ওদের লক্ষ্য এটা,Political Hate,Society,Mild,"মন্তব্যটিতে ""ধ্বংস"" উল্লেখ করে রাজনৈতিক বিদ্বেষ প্রকাশ করা হয়েছে। সমাজ বা জাতিকে লক্ষ্য করে এই মাঝারি মাত্রার রাজনৈতিক ঘৃণামূলক বক্তব্য।",rule-contextual,False,pending,
2264,অবস্থা খারাপ হবে ইউক্রেনের মাঝখানে মজা নিবে আমেরিকা ও ইউরোপ খেলা হবে,Political Hate,Society,Little to None,"এই মন্তব্যে ""খারাপ"" সম্পর্কিত রাজনৈতিক ঘৃণা প্রকাশ পেয়েছে যেখানে সমাজ বা জাতিকে আক্রমণের লক্ষ্যবস্তু। তীব্রতা মৃদু বা গৌণ মাত্রার।",rule-contextual,False,pending,
7654,পদ্না সেতু চালু হলে চট্রগ্রাম টু চুয়াডাঙ্গা যাওয়া আসা সহজ হবে ইন্শাআল্লাহ,,,Little to None,মন্তব্যকারী সাধারণ বিষয়ে মতামত দিয়েছেন এবং কোনো ঘৃণামূলক বক্তব্য প্রকাশ করেননি।,rule-based,False,pending,
10362,এই মহিলার বাড়ি কই গো,,,Little to None,"এই মন্তব্যে কোনো ঘৃণামূলক, আক্রমণাত্মক বা বৈষম্যমূলক ভাষা নেই, তাই এটি স্বাভাবিক মন্তব্য হিসেবে শ্রেণিবদ্ধ।",rule-based,False,pending,
32990,জঙ্গি বাদের নাটক করা হয়েছিলো এজন্য,Political Hate,,Little to None,মন্তব্যটি রাজনৈতিক ব্যক্তি বা দলের প্রতি সাধারণভাবে মৃদু বা গৌণ মাত্রার ঘৃণামূলক দৃষ্টিভঙ্গি প্রকাশ করে।,rule-contextual,False,pending,
25091,রেডি থাকিস কালকে তোদের ৫৬ টা একসাথে জবাই করা হবে,Abusive,Community,Severe,মন্তব্যটির সামগ্রিক সুর ও ভাষা একটি সম্প্রদায় বা গোষ্ঠীর বিরুদ্ধে তীব্র ও গুরুতর মাত্রার আক্রমণাত্মক বক্তব্য নির্দেশ করে।,rule-contextual,False,pending,
438,মাশাআল্লাহ আললাহ জেন এই ভাই দেরকে নেক হায়াত দানকরেন,,,Little to None,"মন্তব্যটিতে কোনো গালিগালাজ, বিদ্বেষ বা আপত্তিকর বিষয়বস্তু পাওয়া যায়নি বলে এটি নিরপেক্ষ মন্তব্য।",rule-based,False,pending,
24433,খুবই ভালো কথা,,,Little to None,এটি একটি নিরপেক্ষ মন্তব্য যেখানে কাউকে লক্ষ্য করে কোনো অবমাননাকর বা বৈষম্যমূলক ভাষা ব্যবহার করা হয়নি।,rule-based,False,pending,
18814,আমরাও হিন্দি জানতাম এটা ভারতীয় কেও জানে না তো আমরা উর্দু ও জানি সসেটা জানতো না পাকিস্তান টিম তো আমরা ইংলিশ জানি সেটাও জানতো না ইংলিশ রা তো ইন্ডিয়ার চামচামি বন্ধ কর হালার সাংবাদিক রা,Abusive,Organization,Severe,"মন্তব্যটিতে ""হালা"", ""চামচা"", ""বন্ধ"" এর মতো অশ্লীল ও কুরুচিপূর্ণ ভাষা ব্যবহার করে নির্দিষ্ট সংগঠন বা প্রতিষ্ঠানকে আক্রমণ করা হয়েছে। এটি তীব্র ও গুরুতর মাত্রার অশ্লীল বক্তব্য।",rule-contextual,False,pending,
198,আরবলীগের অনুষ্ঠানে জেলেনস্কিকে দাওয়াত করা ঠিক হয়নি,,,Little to None,মন্তব্যটি সাধারণ মতামত প্রকাশ করে এবং এতে কোনো ঘৃণা বা সহিংসতামূলক উপাদান নেই।,rule-based,False,pending,
5177,এই দেশের মুসলিম সমাজের মানুষেরা না পারে হিন্দুদের সহ্য করতে না পারে পাহাড়ি জনগোষ্ঠীদের সহ্য করতে,Religious Hate,Community,Mild,"এই মন্তব্যে ""হিন্দু"", ""মুসলিম"" সংক্রান্ত ধর্মীয় ঘৃণা প্রকাশ পেয়েছে যেখানে নির্দিষ্ট সম্প্রদায় বা গোষ্ঠীকে আক্রমণের শিকার। তীব্রতা মাঝারি মাত্রার।",rule-contextual,False,pending,
19729,বিজেপির আগ্রাসনের বলি তাজমহল হয়তো পানির কারণে এই বলি হবেনা,Political Hate,Organization,Mild,মন্তব্যটি রাজনৈতিক ব্যক্তি বা দলের প্রতি একটি সংগঠন বা প্রতিষ্ঠানের বিরুদ্ধে মাঝারি মাত্রার ঘৃণামূলক দৃষ্টিভঙ্গি প্রকাশ করে।,rule-contextual,False,pending,
3963,এরাই দেসের আসল শত্রু,Abusive,Individual,Severe,"এই মন্তব্যের ভাষা ও সুর আক্রমণাত্মক এবং অবমাননাকর, যা একটি নির্দিষ্ট ব্যক্তির বিরুদ্ধে তীব্র ও গুরুতর মাত্রার গালিগালাজমূলক বক্তব্য হিসেবে চিহ্নিত।",rule-contextual,False,pending,
2792,জেলেনাস্কি জালেম একটা,Abusive,Individual,Mild,"এই মন্তব্যের ভাষা ও সুর আক্রমণাত্মক এবং অবমাননাকর, যা একটি নির্দিষ্ট ব্যক্তির বিরুদ্ধে মাঝারি মাত্রার গালিগালাজমূলক বক্তব্য হিসেবে চিহ্নিত।",rule-contextual,False,pending,
14067,বিচারকের কানে সমস্যা ছিল,Abusive,Individual,Mild,মন্তব্যটির সামগ্রিক সুর ও ভাষা একটি নির্দিষ্ট ব্যক্তির বিরুদ্ধে মাঝারি মাত্রার আক্রমণাত্মক বক্তব্য নির্দেশ করে।,rule-contextual,False,pending,
28481,আমেরিকা পৃথিবী জ্বালিয়ে খাচ্ছে,Abusive,Society,Severe,"মন্তব্যটিতে ""বাল"" এর মতো আক্রমণাত্মক ও গালিগালাজমূলক ভাষা ব্যবহার করা হয়েছে। এটি সামগ্রিকভাবে সমাজ বা জাতির বিরুদ্ধে তীব্র ও গুরুতর মাত্রার বক্তব্য।",rule-contextual,False,pending,
6428,নান্নু সালার লজ্জা নেই,Abusive,,Little to None,"মন্তব্যটিতে ""লজ্জা"" এর মতো অশ্লীল ও কুরুচিপূর্ণ ভাষা ব্যবহার করে আক্রমণ করা হয়েছে। এটি মৃদু বা গৌণ মাত্রার অশ্লীল বক্তব্য।",rule-contextual,False,pending,
14642,সেকি ছেলে না তৃতীয় লিঙ্গের কেউ বুঝাতো মুশকিল,Gender Hate,Individual,Mild,এই মন্তব্যে নারীর প্রতি একটি নির্দিষ্ট ব্যক্তির বিরুদ্ধে মাঝারি মাত্রার বৈষম্যমূলক ও অবমাননাকর মনোভাব প্রকাশ পায়।,rule-contextual,False,pending,
34697,আহমাদ আব্দুল্লাহর ফিলিস্তিন নিয়ে গাওয়া দুইটি গজল অনেক সুন্দরঅন্তর শিতল করা,,,Little to None,"এই মন্তব্যে কোনো ঘৃণামূলক, আক্রমণাত্মক বা বৈষম্যমূলক ভাষা নেই, তাই এটি স্বাভাবিক মন্তব্য হিসেবে শ্রেণিবদ্ধ।",rule-based,False,pending,
7912,কুলাঙ্গার হাসিনার থেকে আনেক ভালো,Abusive,Individual,Severe,"মন্তব্যটিতে ""হাসিনা"" এর মতো অশ্লীল ও কুরুচিপূর্ণ ভাষা ব্যবহার করা হয়েছে। এটি একটি নির্দিষ্ট ব্যক্তির বিরুদ্ধে তীব্র ও গুরুতর মাত্রার বক্তব্য।",rule-contextual,False,pending,
35001,আপনারাতো সরকারের দুই নাম্বার দালাল পার্টি,Political Hate,Organization,Severe,"নির্দিষ্ট সংগঠন বা প্রতিষ্ঠানকে বিরুদ্ধে ""সরকার"", ""দালাল"" এর মতো রাজনৈতিক বিদ্বেষমূলক শব্দ ব্যবহার করা হয়েছে। এটি তীব্র ও গুরুতর মাত্রার রাজনৈতিক ঘৃণা প্রকাশ করে।",rule-contextual,False,pending,
5633,সবগুলো পাগল একসাথে,Abusive,Community,Mild,"এই বক্তব্যে নির্দিষ্ট সম্প্রদায় বা গোষ্ঠীকে প্রতি ""পাগল"" এর মতো আপত্তিকর শব্দচয়ন এটিকে মাঝারি মাত্রার আক্রমণাত্মক মন্তব্য হিসেবে শ্রেণিবদ্ধ করে।",rule-contextual,False,pending,
9553,ইসরাইল ধ্বংস হোক মুসলিম বিশ্ব এক হও,Abusive,Society,Severe,"এই বক্তব্যে সমাজ বা জাতিকে প্রতি ""ধ্বংস"" এর মতো আপত্তিকর শব্দচয়ন এটিকে তীব্র ও গুরুতর মাত্রার আক্রমণাত্মক মন্তব্য হিসেবে শ্রেণিবদ্ধ করে।",rule-contextual,False,pending,
20146,বরিশালের মানুষ আসলেই অনেক লোভী,Abusive,,Mild,"এই মন্তব্যের ভাষা ও সুর আক্রমণাত্মক এবং অবমাননাকর, যা সাধারণভাবে মাঝারি মাত্রার গালিগালাজমূলক বক্তব্য হিসেবে চিহ্নিত।",rule-contextual,False,pending,
12361,কাওয়া আর আলগা এই দুই জন মানেই ফ্রী ফ্রী জনগণকে বিনোদন দেওয়া,Abusive,,Little to None,মন্তব্যটির সামগ্রিক সুর ও ভাষা সাধারণভাবে মৃদু বা গৌণ মাত্রার আক্রমণাত্মক বক্তব্য নির্দেশ করে।,rule-contextual,False,pending,
15992,পুলিশ মারা গেলে আলহামদুলিল্লাহ,Abusive,Community,Little to None,"এই মন্তব্যে ""মারা"" শব্দ ব্যবহার করে নির্দিষ্ট সম্প্রদায় বা গোষ্ঠীকে অবমাননা করা হয়েছে, যা মৃদু বা গৌণ মাত্রার আক্রমণাত্মক ভাষা নির্দেশ করে।",rule-contextual,False,pending,
4517,এই জায়গায় পুলিশের বন্দুকে কনডম পড়ানো হয়েছে একটা গুলো ছড়ল না কেন আওয়ামী লীগ বলে,Political Hate,Organization,Severe,"এই মন্তব্যে ""আওয়ামী"", ""লীগ"", ""পুলিশ"" সম্পর্কিত রাজনৈতিক ঘৃণা প্রকাশ পেয়েছে যেখানে নির্দিষ্ট সংগঠন বা প্রতিষ্ঠানকে আক্রমণের লক্ষ্যবস্তু। তীব্রতা তীব্র ও গুরুতর মাত্রার।",rule-contextual,False,pending,
9357,ইনোচের মতো বাংলাদেশে কোন বেমান আর কোন মানোস নাই,Abusive,Individual,Mild,"এই মন্তব্যের ভাষা ও সুর আক্রমণাত্মক এবং অবমাননাকর, যা একটি নির্দিষ্ট ব্যক্তির বিরুদ্ধে মাঝারি মাত্রার গালিগালাজমূলক বক্তব্য হিসেবে চিহ্নিত।",rule-contextual,False,pending,
4154,এই সব কুলাঙ্গারদের পাথর মেরে মেরে ফেলা উচিত,Abusive,Community,Severe,মন্তব্যটির সামগ্রিক সুর ও ভাষা একটি সম্প্রদায় বা গোষ্ঠীর বিরুদ্ধে তীব্র ও গুরুতর মাত্রার আক্রমণাত্মক বক্তব্য নির্দেশ করে।,rule-contextual,False,pending,
9897,ছাত্রলীগ ভোট ছাড়াই তাদের জিতিয়ে দিবে,Political Hate,Organization,Mild,"এই মন্তব্যে ""লীগ"", ""ভোট"" সম্পর্কিত রাজনৈতিক ঘৃণা প্রকাশ পেয়েছে যেখানে নির্দিষ্ট সংগঠন বা প্রতিষ্ঠানকে আক্রমণের লক্ষ্যবস্তু। তীব্রতা মাঝারি মাত্রার।",rule-contextual,False,pending,
15007,আমিরিকান কথা চলে দেশ সাদিন করে লাভ নেই,Abusive,Society,Mild,মন্তব্যটির সামগ্রিক সুর ও ভাষা সামগ্রিকভাবে সমাজ বা জাতির বিরুদ্ধে মাঝারি মাত্রার আক্রমণাত্মক বক্তব্য নির্দেশ করে।,rule-contextual,False,pending,
11218,বাংলাদেশ কি ঢোল নাকি ভারত ও মিয়ানমার দুইদিক দিয়া বাজাইতাসে,,,Little to None,এটি একটি নিরপেক্ষ মন্তব্য যেখানে কাউকে লক্ষ্য করে কোনো অবমাননাকর বা বৈষম্যমূলক ভাষা ব্যবহার করা হয়নি।,rule-based,False,pending,
5991,মিয়ানমারের সঙ্গে যুদ্ধের প্রস্তুতি চলছে,Political Hate,Society,Little to None,রাজনৈতিক বিষয়ে সামগ্রিকভাবে সমাজ বা জাতির বিরুদ্ধে মৃদু বা গৌণ মাত্রার বিদ্বেষপূর্ণ মনোভাব এই মন্তব্যে স্পষ্ট।,rule-contextual,False,pending,
25166,এক দফা এক দাবি হাসিনা তুই ঘরে জাবি,Political Hate,Individual,Severe,"রাজনৈতিক প্রেক্ষাপটে ""হাসিনা"" ব্যবহার করে নির্দিষ্ট ব্যক্তিকে প্রতি বিদ্বেষ প্রকাশ এই মন্তব্যকে তীব্র ও গুরুতর মাত্রার রাজনৈতিক ঘৃণামূলক বক্তব্য করে তোলে।",rule-contextual,False,pending,
11542,জানোয়ারের বাচ্চা চীন পাকিস্তান সীমান্তে মার খাবে আর বাংলাদেশের সীমান্তে গুলি করে,Political Hate,Organization,Severe,"মন্তব্যটিতে ""জানোয়ার"" এর মতো রাজনৈতিক ঘৃণামূলক ভাষা ব্যবহার করা হয়েছে। এটি একটি সংগঠন বা প্রতিষ্ঠানের বিরুদ্ধে তীব্র ও গুরুতর মাত্রার বক্তব্য।",rule-contextual,False,pending,
1999,একদম সঠিক সিদান্ত,,,Little to None,"মন্তব্যটিতে কোনো নির্দিষ্ট ব্যক্তি, গোষ্ঠী বা সম্প্রদায়ের বিরুদ্ধে ঘৃণা বা বিদ্বেষ প্রকাশ পায়নি।",rule-based,False,pending,
24931,সব সালারা চিটার রাশিয়া ও যুক্তরাষ্ট্র শুধু গালগল্প করে,Abusive,Community,Mild,মন্তব্যটিতে একটি সম্প্রদায় বা গোষ্ঠীর বিরুদ্ধে মাঝারি মাত্রার অশ্লীল শব্দচয়ন ও কুরুচিপূর্ণ ভাষা ব্যবহার করা হয়েছে।,rule-contextual,False,pending,
12336,চোরে চোরে খালাত ভাই,Abusive,Individual,Mild,"এই বক্তব্যে নির্দিষ্ট ব্যক্তিকে প্রতি ""চোর"" এর মতো আপত্তিকর শব্দচয়ন এটিকে মাঝারি মাত্রার আক্রমণাত্মক মন্তব্য হিসেবে শ্রেণিবদ্ধ করে।",rule-contextual,False,pending,
189,এমপি মন্ত্রী নেতা কর্মী ও সরকারি কর্মচারী দের বেতন না বাড়িয়ে দেশের নিরাপত্তা বাড়াঁনদেশের নিরাপত্তার জন্য দেশকে রক্ষার জন্য আধুনিক সমরাস্ত্র ক্রয় করুন আর যারা টাকা প্রচার করে তাদের সম্পদ বাজেআপ্ত করে দেশের উন্নয়নের কাজে লাগান,,,Little to None,"মন্তব্যটিতে কোনো গালিগালাজ, বিদ্বেষ বা আপত্তিকর বিষয়বস্তু পাওয়া যায়নি বলে এটি নিরপেক্ষ মন্তব্য।",rule-based,False,pending,
31319,স্বাস্থ্যমন্ত্রী শুয়োরের বাচ্চা মাদারচোদ খানকির পোলা দয়াকরে তোর মেয়ে আর তোর বউয়ের একটা ল্যাংটা করে পাবলিক আশা ছাইড়া দে না অনুরোধ তুই আর তোর পোলা বিদেশ যাস লুচ্চামি করস তো মজা পাস গলার স্বর মাইয়া তো সেই মজা পায় না একটু ছাইরা দিয়া তোর ফুলার বরি নিয়ে তো জনগনের লুচ্চামি করে একটু সুখে থাক,Abusive,Organization,Severe,"এই বক্তব্যে নির্দিষ্ট সংগঠন বা প্রতিষ্ঠানকে প্রতি ""শুয়োর"", ""খানকি"", ""মাদার"" এর মতো অশ্লীল শব্দচয়ন এটিকে তীব্র ও গুরুতর মাত্রার কুরুচিপূর্ণ মন্তব্য হিসেবে চিহ্নিত করে।",rule-contextual,False,pending,
27018,মাশাআল্লাহ স্বামীর সহযোগিতায় পরীক্ষাটি দিতে পারলে আমার একটি বোন কিন্তু আ,,,Little to None,"মন্তব্যটিতে কোনো নির্দিষ্ট ব্যক্তি, গোষ্ঠী বা সম্প্রদায়ের বিরুদ্ধে ঘৃণা বা বিদ্বেষ প্রকাশ পায়নি।",rule-based,False,pending,
32479,বাশের গোয়া দিয়ে বাশ বের ভোট চোর সরকার জনগণের সর্বনাশ হয় ইসকন এর লোক শিক্ষা মন্ত্রী হলে সেখানে কি হবে মূর্তি ছাড়া,Political Hate,Organization,Mild,"মন্তব্যকারী ""সরকার"", ""ভোট"", ""মন্ত্রী"" এর প্রসঙ্গে নির্দিষ্ট সংগঠন বা প্রতিষ্ঠানকে সম্পর্কে মাঝারি মাত্রার রাজনৈতিক বিদ্বেষ ও ঘৃণা প্রকাশ করেছেন।",rule-contextual,False,pending,
16248,পুতিন ম্যারাডোনার চেও ভালো খেলোয়ার,,,Little to None,"মন্তব্যটিতে কোনো নির্দিষ্ট ব্যক্তি, গোষ্ঠী বা সম্প্রদায়ের বিরুদ্ধে ঘৃণা বা বিদ্বেষ প্রকাশ পায়নি।",rule-based,False,pending,
30097,ইসলামের বিজয় একদিন হবে ইনশাআল্লাহ,,,Little to None,"এই মন্তব্যে কোনো আপত্তিকর, অশ্লীল বা ঘৃণাজনক বিষয়বস্তু নেই এবং এটি স্বাভাবিক আলোচনার অংশ।",rule-based,False,pending,
33903,বাহ এই হলো আমাদের দেশের বেহেশত এর অবস্থা,,,Little to None,"মন্তব্যটিতে কোনো গালিগালাজ, বিদ্বেষ বা আপত্তিকর বিষয়বস্তু পাওয়া যায়নি বলে এটি নিরপেক্ষ মন্তব্য।",rule-based,False,pending,
11660,খাদের কিনারায় দাঁড়িয়ে বাংলাদেশের অর্থনীতি আর তাই এক সময়ে গুনায় না ধরা পর্কি নিয়া এখন এসব নিউজ করা হইতাছে,Abusive,Organization,Mild,"এই মন্তব্যের ভাষা ও সুর আক্রমণাত্মক এবং অবমাননাকর, যা একটি সংগঠন বা প্রতিষ্ঠানের বিরুদ্ধে মাঝারি মাত্রার গালিগালাজমূলক বক্তব্য হিসেবে চিহ্নিত।",rule-contextual,False,pending,
26284,অসংখ্য ধন্যবাদ মাননীয় প্রধানমন্ত্রী সঠিক ভাবে গুছিয়ে কথা বলার জন্য,,,Little to None,মন্তব্যকারী সাধারণ বিষয়ে মতামত দিয়েছেন এবং কোনো ঘৃণামূলক বক্তব্য প্রকাশ করেননি।,rule-based,False,pending,
28200,যারা নাকি মালামাল টাকা পয়সা বিমানবন্দর থেকে চুরি করে তাদেরকে রাস্তার কাছে দাঁড়িয়ে গুলি করা মারা উচিত,,,Little to None,"এই মন্তব্যে কোনো ঘৃণামূলক, আক্রমণাত্মক বা বৈষম্যমূলক ভাষা নেই, তাই এটি স্বাভাবিক মন্তব্য হিসেবে শ্রেণিবদ্ধ।",rule-based,False,pending,
10197,মোদি সন্ত্রাস মোদি ধর্মীয় দাঙ্গা সৃষ্টি করে,Abusive,Individual,Mild,"মন্তব্যটিতে ""ধর্ম"" এর মতো আক্রমণাত্মক ও গালিগালাজমূলক ভাষা ব্যবহার করা হয়েছে। এটি একটি নির্দিষ্ট ব্যক্তির বিরুদ্ধে মাঝারি মাত্রার বক্তব্য।",rule-contextual,False,pending,
5080,ভাই এটা যাদি বাংলাদেশে হতো তাহলে অবৈধভাবে বিমান তৈরির মামলা দিয়ে জেলে ভরে দিতো,Abusive,,Mild,এই বক্তব্যে ব্যবহৃত ভাষা ও দৃষ্টিভঙ্গি সাধারণভাবে মাঝারি মাত্রার গালিগালাজমূলক মন্তব্য প্রকাশ করে।,rule-contextual,False,pending,
26511,বিএনপি মানে নাশকতা এদের সবাই বয়কট করুন৷ আমরা শান্তি চাই পিটার হাস এগুলোর উস্কানিদাতা তাকে ও বিচার করা হোক৷,Political Hate,Organization,Mild,"রাজনৈতিক প্রেক্ষাপটে ""বিএনপি"", ""বিচার"" ব্যবহার করে নির্দিষ্ট সংগঠন বা প্রতিষ্ঠানকে প্রতি বিদ্বেষ প্রকাশ এই মন্তব্যকে মাঝারি মাত্রার রাজনৈতিক ঘৃণামূলক বক্তব্য করে তোলে।",rule-contextual,False,pending,
19334,ধিক্কার জানাই বিসিবি কে,Abusive,Organization,Mild,মন্তব্যটির সামগ্রিক সুর ও ভাষা একটি সংগঠন বা প্রতিষ্ঠানের বিরুদ্ধে মাঝারি মাত্রার আক্রমণাত্মক বক্তব্য নির্দেশ করে।,rule-contextual,False,pending,
6276,পি কে হালদারের গড ফাদার কে,,,Little to None,মন্তব্যকারী সাধারণ বিষয়ে মতামত দিয়েছেন এবং কোনো ঘৃণামূলক বক্তব্য প্রকাশ করেননি।,rule-based,False,pending,
21062,একটা বহিরাগত পাখিও যেন আমাদের সীমান্ত দিয়ে প্রবেশ না করে তোমাদের হাতেই আমাদের সার্বভৌমত্ব ও সম্মান বিজিবির মত কাপুরুষতার দেখিয়ো না আমাদের পতাকার সম্মান সবার আগে,,,Little to None,মন্তব্যকারী সাধারণ বিষয়ে মতামত দিয়েছেন এবং কোনো ঘৃণামূলক বক্তব্য প্রকাশ করেননি।,rule-based,False,pending,
10030,সব পাগলের দল বিএনপি,Political Hate,Organization,Severe,"মন্তব্যকারী ""বিএনপি"", ""দল"", ""পাগল"" এর প্রসঙ্গে নির্দিষ্ট সংগঠন বা প্রতিষ্ঠানকে সম্পর্কে তীব্র ও গুরুতর মাত্রার রাজনৈতিক বিদ্বেষ ও ঘৃণা প্রকাশ করেছেন।",rule-contextual,False,pending,
20032,মাদারচোদ বৌদি ও ব্যবসা করস বৌদি মাদারচোদ,Abusive,Individual,Severe,এই বক্তব্যে ব্যবহৃত অশ্লীল ভাষা একটি নির্দিষ্ট ব্যক্তির বিরুদ্ধে তীব্র ও গুরুতর মাত্রার কুরুচিপূর্ণ মন্তব্য নির্দেশ করে।,rule-contextual,False,pending,
17643,বাংলাদেশের মানুষ বাংলা টিভি চ্যানেল দেখা বন্ধ করে দিয়েছে শুধুমাত্র বিজ্ঞাপন এর কারণে শালার পুতেরা ইউটিউব এ বিজ্ঞাপন দেয়া শুরু করছো,Abusive,Organization,Severe,"এই মন্তব্যে ""শালা"", ""শালা"", ""বন্ধ"" জাতীয় অশ্লীল শব্দ ব্যবহার করে নির্দিষ্ট সংগঠন বা প্রতিষ্ঠানকে অবমাননা করা হয়েছে, যা তীব্র ও গুরুতর মাত্রার কুরুচিপূর্ণ ভাষা নির্দেশ করে।",rule-contextual,False,pending,
34520,পুলিশ কি করবে পুলিশতো বেকার হয়ে গেছে পুলিশের টাকাগুলি আঃলীগকে দিয়ে দেয়া দরকার বেতন হিসেবে শান্তি মিছিলে অগ্নেয়াস্ত্র কেন প্রত্যেকের সাথে,Political Hate,Organization,Little to None,"নির্দিষ্ট সংগঠন বা প্রতিষ্ঠানকে বিরুদ্ধে ""লীগ"", ""মিছিল"", ""পুলিশ"" এর মতো রাজনৈতিক বিদ্বেষমূলক শব্দ ব্যবহার করা হয়েছে। এটি মৃদু বা গৌণ মাত্রার রাজনৈতিক ঘৃণা প্রকাশ করে।",rule-contextual,False,pending,
28887,সিমান্ত রাস্তাগুলো আধুনিক করা দরকার,,,Little to None,"মন্তব্যটিতে কোনো নির্দিষ্ট ব্যক্তি, গোষ্ঠী বা সম্প্রদায়ের বিরুদ্ধে ঘৃণা বা বিদ্বেষ প্রকাশ পায়নি।",rule-based,False,pending,
9323,বিসমিল্লাহতে গলদ ভালো না এরা দুর্নীতি প্রশয় দিয়েছে এরা তো পরীক্ষা দিতেই পারবে না এরা যদি এই পরীক্ষায় অংশগ্রহণ করে তাহলে আমি মাহমুদুল হাসান বলবো বাংলাদেশ ধব্বংস হয়ে গেছে যাক ফিরেও তাকাবো না,Political Hate,Organization,Mild,"রাজনৈতিক প্রেক্ষাপটে ""দুর্নীতি"", ""দুর্নীতি"" ব্যবহার করে নির্দিষ্ট সংগঠন বা প্রতিষ্ঠানকে প্রতি বিদ্বেষ প্রকাশ এই মন্তব্যকে মাঝারি মাত্রার রাজনৈতিক ঘৃণামূলক বক্তব্য করে তোলে।",rule-contextual,False,pending,
27392,বিশ্ব কুত্তার মত মর,Abusive,Individual,Severe,"মন্তব্যটিতে ""কুত্তা"" এর মতো আক্রমণাত্মক ভাষা ব্যবহার করে নির্দিষ্ট ব্যক্তিকে লক্ষ্য করা হয়েছে। এটি তীব্র ও গুরুতর মাত্রার গালিগালাজমূলক বক্তব্য।",rule-contextual,False,pending,
5592,ওরে বিনোদন ক্যামেটা রোলিং একশন ছাড়াই গুড শট আর কতগুলা আবাল আবার তালি ও দেয়,Abusive,Individual,Mild,"মন্তব্যটিতে ""বাল"" এর মতো আক্রমণাত্মক ও গালিগালাজমূলক ভাষা ব্যবহার করা হয়েছে। এটি একটি নির্দিষ্ট ব্যক্তির বিরুদ্ধে মাঝারি মাত্রার বক্তব্য।",rule-contextual,False,pending,
19813,ডামী নির্বাচন মানিনা,Political Hate,,Mild,"মন্তব্যটিতে ""নির্বাচন"" উল্লেখ করে রাজনৈতিক বিদ্বেষ প্রকাশ করা হয়েছে। লক্ষ্য করে এই মাঝারি মাত্রার রাজনৈতিক ঘৃণামূলক বক্তব্য।",rule-contextual,False,pending,
17912,মেরুদণ্ড হিন জাতি হলে যা হয় আরকি,,,Little to None,মন্তব্যটি সাধারণ মতামত প্রকাশ করে এবং এতে কোনো ঘৃণা বা সহিংসতামূলক উপাদান নেই।,rule-based,False,pending,
35013,জন পি্য়তা দেখে নমিনেশন দেওয়ার কথা শুনছিলাম এখন দেখি নমিনেশন দেওয়া হচ্ছে তেলবাজ দেখে উদাহরণ বরিশাল ৪,Abusive,Individual,Little to None,"এই মন্তব্যের ভাষা ও সুর আক্রমণাত্মক এবং অবমাননাকর, যা একটি নির্দিষ্ট ব্যক্তির বিরুদ্ধে মৃদু বা গৌণ মাত্রার গালিগালাজমূলক বক্তব্য হিসেবে চিহ্নিত।",rule-contextual,False,pending,
2587,সাংবাদিক দের লজ্জা হচ্ছে না প্রেস কনফারেন্স রিয়াদের কোন পশ্ন নেই যেই দল এশিয়া কাপ খেলতে গেল সেই আবার রিয়াদকে নিয়ে সংবাদ শুরু করলোসব সাংবাদিক ভিউখোর,Abusive,,Mild,"এই বক্তব্যে প্রতি ""লজ্জা"" এর মতো আপত্তিকর শব্দচয়ন এটিকে মাঝারি মাত্রার আক্রমণাত্মক মন্তব্য হিসেবে শ্রেণিবদ্ধ করে।",rule-contextual,False,pending,
22096,শেখ হাসিনা র সরকার দরকার বার বার,,,Little to None,এটি একটি নিরপেক্ষ মন্তব্য যেখানে কাউকে লক্ষ্য করে কোনো অবমাননাকর বা বৈষম্যমূলক ভাষা ব্যবহার করা হয়নি।,rule-based,False,pending,
3558,অবৈধ আওয়ামীলীগ সরকারের অবৈধ প্রধানমন্ত্রী মিথ্যাবাদী শেখহাসিনা সহ সব অবৈধ মন্ত্রী প্রতিমন্ত্রী এমপি কর্মকর্তা কর্মচারীদের ঘরে ঘরে অভিযান চালিয়ে ডলার উদ্ধার করেন সব সমস্যার সমাধান হয়ে যাবে,Political Hate,Organization,Mild,"মন্তব্যকারী ""সরকার"", ""আওয়ামী"", ""লীগ"" এর প্রসঙ্গে নির্দিষ্ট সংগঠন বা প্রতিষ্ঠানকে সম্পর্কে মাঝারি মাত্রার রাজনৈতিক বিদ্বেষ ও ঘৃণা প্রকাশ করেছেন।",rule-contextual,False,pending,
18743,ছাগল গুলি যায় কই,Abusive,Community,Little to None,মন্তব্যটির সামগ্রিক সুর ও ভাষা একটি সম্প্রদায় বা গোষ্ঠীর বিরুদ্ধে মৃদু বা গৌণ মাত্রার আক্রমণাত্মক বক্তব্য নির্দেশ করে।,rule-contextual,False,pending,
24465,বিলগ্রেট মাছের কেজি টাকা,,,Little to None,মন্তব্যকারী সাধারণ বিষয়ে মতামত দিয়েছেন এবং কোনো ঘৃণামূলক বক্তব্য প্রকাশ করেননি।,rule-based,False,pending,
17522,ভোর চোর সরকার আর না ই দরকার,Political Hate,Organization,Mild,"এই মন্তব্যে ""সরকার"", ""চোর"" সম্পর্কিত রাজনৈতিক ঘৃণা প্রকাশ পেয়েছে যেখানে নির্দিষ্ট সংগঠন বা প্রতিষ্ঠানকে আক্রমণের লক্ষ্যবস্তু। তীব্রতা মাঝারি মাত্রার।",rule-contextual,False,pending,
30556,হ্যালো আমরা সুমন ভাইয়ের নাম্বার ফেসবুক এ চাই,,,Little to None,মন্তব্যটি সাধারণ মতামত প্রকাশ করে এবং এতে কোনো ঘৃণা বা সহিংসতামূলক উপাদান নেই।,rule-based,False,pending,
6760,বিএনপির নেত্রীদের চরিত্র খালেদা জিয়ার মতো পবিত্র,,,Little to None,"এই মন্তব্যে কোনো ঘৃণামূলক, আক্রমণাত্মক বা বৈষম্যমূলক ভাষা নেই, তাই এটি স্বাভাবিক মন্তব্য হিসেবে শ্রেণিবদ্ধ।",rule-based,False,pending,
13376,হে আল্লাহ এদেশের ঘুষখোর সরকারি কুত্তাদের উপর তোমার গজব নাজিল কর,Abusive,Organization,Severe,"মন্তব্যকারী ""কুত্তা"", ""কুত্তা"" ব্যবহার করে নির্দিষ্ট সংগঠন বা প্রতিষ্ঠানকে অশ্লীলভাবে আক্রমণ করেছেন। ভাষার মাত্রা তীব্র ও গুরুতর মাত্রার অশ্লীলতা নির্দেশ করে।",rule-contextual,False,pending,
9973,কি হাস্যকর ভারতের আপত্তি পূর্ব পশ্চিম দুই দিগন্তে যুদ্ধ বিমান নিজে কিনবে আর পাকিস্তান কিনলে সমস্যা,,,Little to None,মন্তব্যটি সাধারণ মতামত প্রকাশ করে এবং এতে কোনো ঘৃণা বা সহিংসতামূলক উপাদান নেই।,rule-based,False,pending,
4891,পাপন টাকা খাওয়া ভাল বোজে,Abusive,Individual,Little to None,"এই মন্তব্যের ভাষা ও সুর আক্রমণাত্মক এবং অবমাননাকর, যা একটি নির্দিষ্ট ব্যক্তির বিরুদ্ধে মৃদু বা গৌণ মাত্রার গালিগালাজমূলক বক্তব্য হিসেবে চিহ্নিত।",rule-contextual,False,pending,
19050,আওয়ামিলীগ সরকারের সবচেয়ে বড় দালাল হচ্ছে সময় টিভি,Political Hate,Organization,Little to None,"রাজনৈতিক প্রেক্ষাপটে ""সরকার"", ""লীগ"", ""দালাল"" ব্যবহার করে নির্দিষ্ট সংগঠন বা প্রতিষ্ঠানকে প্রতি বিদ্বেষ প্রকাশ এই মন্তব্যকে মৃদু বা গৌণ মাত্রার রাজনৈতিক ঘৃণামূলক বক্তব্য করে তোলে।",rule-contextual,False,pending,
5169,এই দলটি প্রকৃত এদেশের জন্য একটা অভিসাপএদেশের সরকারি দলের গোলামী করার জন্য জন্ম,Political Hate,Organization,Severe,"রাজনৈতিক প্রেক্ষাপটে ""সরকার"", ""দল"" ব্যবহার করে নির্দিষ্ট সংগঠন বা প্রতিষ্ঠানকে প্রতি বিদ্বেষ প্রকাশ এই মন্তব্যকে তীব্র ও গুরুতর মাত্রার রাজনৈতিক ঘৃণামূলক বক্তব্য করে তোলে।",rule-contextual,False,pending,
28796,এত কিছুর পর ও যারা বিএনপি অথবা বিএনপির দাবীকে সমর্থন করবে তারা যেন ইসরাইল কে সাপর্ট করছে,Political Hate,Society,Mild,"রাজনৈতিক প্রেক্ষাপটে ""বিএনপি"" ব্যবহার করে সমাজ বা জাতিকে প্রতি বিদ্বেষ প্রকাশ এই মন্তব্যকে মাঝারি মাত্রার রাজনৈতিক ঘৃণামূলক বক্তব্য করে তোলে।",rule-contextual,False,pending,
30888,মুসলিম প্রধান দেশকে ভারত কখনো ফ্রী দিলেও নেবে না,Religious Hate,Society,Mild,"সমাজ বা জাতিকে বিরুদ্ধে ""মুসলিম"" এর মতো সাম্প্রদায়িক শব্দ ব্যবহার করা হয়েছে, যা মাঝারি মাত্রার ধর্মীয় বিদ্বেষ নির্দেশ করে।",rule-contextual,False,pending,
4345,আহারে সোনার দেশ,,,Little to None,মন্তব্যকারী সাধারণ বিষয়ে মতামত দিয়েছেন এবং কোনো ঘৃণামূলক বক্তব্য প্রকাশ করেননি।,rule-based,False,pending,
10203,আইন মুন্ত্রি জানোয়ার তোর এই আইন এক দিন পিচনের দরজা দিয়ে ডুকিয়ে দেয়া হবেআর অল্প কিছু দিন অপেক্ষা কর,Abusive,Individual,Mild,"নির্দিষ্ট ব্যক্তিকে উদ্দেশ্যে ""মুন্ত্রি"", ""জানোয়ার"" এর মতো অবমাননাকর শব্দ ব্যবহার এই মন্তব্যকে মাঝারি মাত্রার গালিগালাজ হিসেবে চিহ্নিত করে।",rule-contextual,False,pending,
31817,সেনাবাহিনী আমার আবেদন আপনার কাছে চেনা মরছি আপনার আর কি কষ্ট লাগে না নি কষ্ট যদি লাগে আমি নতুন কথা আপনারা দোস্তই লুক্সন দিন মাঠে লামুন,Abusive,Organization,Mild,এই বক্তব্যে ব্যবহৃত ভাষা ও দৃষ্টিভঙ্গি একটি সংগঠন বা প্রতিষ্ঠানের বিরুদ্ধে মাঝারি মাত্রার গালিগালাজমূলক মন্তব্য প্রকাশ করে।,rule-contextual,False,pending,
23090,তুইত বৌ নামে কলংক ৩০ দিন আদরের কথা না কইয়া এক দিনের মারের বিচার দিছত সন্তান দুই তিন টা চেয়ারম্যানে সাতে ওয়াছত মনে হয়,Abusive,Individual,Severe,মন্তব্যটির সামগ্রিক সুর ও ভাষা একটি নির্দিষ্ট ব্যক্তির বিরুদ্ধে তীব্র ও গুরুতর মাত্রার আক্রমণাত্মক বক্তব্য নির্দেশ করে।,rule-contextual,False,pending,
23232,দালাল সময় টিভিকে সবাই বয়কট করুন,Abusive,,Little to None,"মন্তব্যটিতে ""দালাল"" এর মতো আক্রমণাত্মক ও গালিগালাজমূলক ভাষা ব্যবহার করা হয়েছে। এটি সাধারণভাবে মৃদু বা গৌণ মাত্রার বক্তব্য।",rule-contextual,False,pending,
21042,সবাইকে যেন আল্লাহ হেফাজতে রাখে,,,Little to None,মন্তব্যকারী সাধারণ বিষয়ে মতামত দিয়েছেন এবং কোনো ঘৃণামূলক বক্তব্য প্রকাশ করেননি।,rule-based,False,pending,
766,মাঝখানে না ভারত ওয়ার্ল্ড কাপ নিয়ে নেয়,,,Little to None,মন্তব্যকারী সাধারণ বিষয়ে মতামত দিয়েছেন এবং কোনো ঘৃণামূলক বক্তব্য প্রকাশ করেননি।,rule-based,False,pending,
9489,শালার পুতেরা এ সময় তারা ফজরের নামাজ পড়তে পারতেছি না রে খেলা নিয়ে ফাইজলামি শুরু করছো,Abusive,Society,Little to None,"সমাজ বা জাতিকে উদ্দেশ্যে ""শালা"" এর মতো অবমাননাকর শব্দ ব্যবহার এই মন্তব্যকে মৃদু বা গৌণ মাত্রার গালিগালাজ হিসেবে চিহ্নিত করে।",rule-contextual,False,pending,
33525,আশার বাণী শোনালো চীন,,,Little to None,"মন্তব্যটিতে কোনো নির্দিষ্ট ব্যক্তি, গোষ্ঠী বা সম্প্রদায়ের বিরুদ্ধে ঘৃণা বা বিদ্বেষ প্রকাশ পায়নি।",rule-based,False,pending,
10170,বুইড়া শয়তানকে বের করে পিছনে দিয়ে গরম ডিম দেওয়া উচিত,Abusive,Individual,Mild,এই বক্তব্যে ব্যবহৃত অশ্লীল ভাষা একটি নির্দিষ্ট ব্যক্তির বিরুদ্ধে মাঝারি মাত্রার কুরুচিপূর্ণ মন্তব্য নির্দেশ করে।,rule-contextual,False,pending,
3189,আজকে যদি এই মহিলার কয়েকজন স্বামী থাকতো তাহলে তাকে রক্ষা করা যেতো তাই নারী দের বেশি স্বামী থাকা উচিত অনেক স্বামী র সাথে থাকলে আর কেউ ছুঁতে ও পারবে না,,,Little to None,এই বাক্যে কোনো ঘৃণামূলক শব্দ বা আক্রমণাত্মক প্রকাশ নেই এবং এটি সাধারণ মতামত প্রকাশ করে।,rule-based,False,pending,
1789,চুরি হলে ওদের হবে তোরা কেনো,Abusive,,Mild,এই বক্তব্যে ব্যবহৃত ভাষা ও দৃষ্টিভঙ্গি সাধারণভাবে মাঝারি মাত্রার গালিগালাজমূলক মন্তব্য প্রকাশ করে।,rule-contextual,False,pending,
7394,বাচ্চাদের মত ইংরেজি বলে,,,Little to None,মন্তব্যটি সাধারণ মতামত প্রকাশ করে এবং এতে কোনো ঘৃণা বা সহিংসতামূলক উপাদান নেই।,rule-based,False,pending,
13026,আমি ভারতে গিয়ে ভারত সরকারকে বলেছি শেখ হাসিনাকে টিকে রাখতে হবে হাসিনাকে টিকে রাখতে যা যা করার দরকার তার সবকিছু করার জন্য আমি ভারত সরকারকে অনুরোধ করেছি পররাষ্ট্রমন্ত্রী,,,Little to None,"মন্তব্যটিতে কোনো গালিগালাজ, বিদ্বেষ বা আপত্তিকর বিষয়বস্তু পাওয়া যায়নি বলে এটি নিরপেক্ষ মন্তব্য।",rule-based,False,pending,
18652,বাংলাদেশ ধংশের নায়ক হলো নিরবাচন কমিশন আর আজ বাংলাদের জনগন ভোট দিতে পারছেনা তাহলে কেনো বিরবাচন কমিশন নিরবাচন করার যন্য বেতি ব্যাস্ত,Abusive,Organization,Mild,"মন্তব্যটিতে ""ভোট"" এর মতো আক্রমণাত্মক ও গালিগালাজমূলক ভাষা ব্যবহার করা হয়েছে। এটি একটি সংগঠন বা প্রতিষ্ঠানের বিরুদ্ধে মাঝারি মাত্রার বক্তব্য।",rule-contextual,False,pending,
6230,আশা করি খাদ্যের দাম এবার কমবে,,,Little to None,এই বাক্যে কোনো ঘৃণামূলক শব্দ বা আক্রমণাত্মক প্রকাশ নেই এবং এটি সাধারণ মতামত প্রকাশ করে।,rule-based,False,pending,
28058,কী সব কথা এইসব,,,Little to None,"মন্তব্যটিতে কোনো গালিগালাজ, বিদ্বেষ বা আপত্তিকর বিষয়বস্তু পাওয়া যায়নি বলে এটি নিরপেক্ষ মন্তব্য।",rule-based,False,pending,
28860,যখন খালেদা জিয়াকে টুক করে পদ্মা সেতুতে টুক করে ফেলে দেয় তখন কোন কিছু হয়না আর এখন আপনাদের জলাঞ্জলি শুরু হয়ে গেছে দালালি গিরি করে সাংবাদিকতা করেন কেন,Political Hate,Society,Mild,"রাজনৈতিক প্রেক্ষাপটে ""খালেদা"", ""জিয়া"", ""দালাল"" ব্যবহার করে সমাজ বা জাতিকে প্রতি বিদ্বেষ প্রকাশ এই মন্তব্যকে মাঝারি মাত্রার রাজনৈতিক ঘৃণামূলক বক্তব্য করে তোলে।",rule-contextual,False,pending,
6083,সাত কোটি বাঙালিরে হে মুগ্ধ জননী রেখেছ বাঙালি করে মানুষ করনি,Abusive,Society,Mild,মন্তব্যটির সামগ্রিক সুর ও ভাষা সামগ্রিকভাবে সমাজ বা জাতির বিরুদ্ধে মাঝারি মাত্রার আক্রমণাত্মক বক্তব্য নির্দেশ করে।,rule-contextual,False,pending,
20173,তোমরা বড় ভিআইপি তোমরা পারোনা বৈদেশিক মুদ্রা আনতি এয়ারপোর্টে গেলি তো তোমরা সেই ভিআইপি তোমাদের ভিআইপি দিয়ে দেওয়া লাগে বিদেশি শ্রমিকদের কোন মূল্যায়নই করো না তোমরা এখন ঠেলা সামল সমস্যা তো তোদের না সমস্যা আমাদের,Political Hate,Community,Mild,রাজনৈতিক বিষয়ে একটি সম্প্রদায় বা গোষ্ঠীর বিরুদ্ধে মাঝারি মাত্রার বিদ্বেষপূর্ণ মনোভাব এই মন্তব্যে স্পষ্ট।,rule-contextual,False,pending,
29796,মিথ্যা বলাটাই শেখ হাসিনার একটা পেশা,Abusive,Individual,Little to None,"মন্তব্যটিতে ""হাসিনা"" এর মতো আক্রমণাত্মক ও গালিগালাজমূলক ভাষা ব্যবহার করা হয়েছে। এটি একটি নির্দিষ্ট ব্যক্তির বিরুদ্ধে মৃদু বা গৌণ মাত্রার বক্তব্য।",rule-contextual,False,pending,
3104,বাড়তি পটোকল নিষিদ্ধ করা হোক রাষ্ট্রীয়ভাবে,,,Little to None,মন্তব্যকারী সাধারণ বিষয়ে মতামত দিয়েছেন এবং কোনো ঘৃণামূলক বক্তব্য প্রকাশ করেননি।,rule-based,False,pending,
32674,বেশি বাড়াবাড়ি করে ছেলেটাকে আপনারা নষ্ট করে ফেলবেন,Abusive,Individual,Mild,"মন্তব্যটিতে ""নষ্ট"" এর মতো আক্রমণাত্মক ভাষা ব্যবহার করে নির্দিষ্ট ব্যক্তিকে লক্ষ্য করা হয়েছে। এটি মাঝারি মাত্রার গালিগালাজমূলক বক্তব্য।",rule-contextual,False,pending,
21890,ক্ষমতায় গেছে ভালো মানুষও চোর বাটপার হয়ে যায় মনে হয়,Political Hate,Community,Severe,"রাজনৈতিক প্রেক্ষাপটে ""ক্ষমতা"", ""চোর"", ""বাটপার"" ব্যবহার করে নির্দিষ্ট সম্প্রদায় বা গোষ্ঠীকে প্রতি বিদ্বেষ প্রকাশ এই মন্তব্যকে তীব্র ও গুরুতর মাত্রার রাজনৈতিক ঘৃণামূলক বক্তব্য করে তোলে।",rule-contextual,False,pending,
26701,চুন্নু তোরা কিছুদিন আগে ভারত গিয়া কি প্লান করিছিস এবং ভারত তোদের কি শয়তানী পরামর্শ ও প্লান দিয়েছে সেটা তো বলিস নাই তোরা জাতীয় পার্টি জাতীয় চিটার সেটা জাতি জানে,Political Hate,Organization,Mild,এই মন্তব্যে রাজনৈতিক প্রেক্ষাপটে একটি সংগঠন বা প্রতিষ্ঠানের বিরুদ্ধে মাঝারি মাত্রার বিদ্বেষ ও ঘৃণা প্রকাশ করা হয়েছে।,rule-contextual,False,pending,
3992,আগে ৫৬ সেকেন্ডে বাংলাদেশ বানানটা ঠিক করুন তার পর খবর তৈরি করুন,,,Little to None,এটি একটি নিরপেক্ষ মন্তব্য যেখানে কাউকে লক্ষ্য করে কোনো অবমাননাকর বা বৈষম্যমূলক ভাষা ব্যবহার করা হয়নি।,rule-based,False,pending,
14723,আগে নামাও তারপর দেখি রাশিয়ার বিরুদ্ধে কতক্ষণ টিকে,Political Hate,Society,Little to None,রাজনৈতিক বিষয়ে সামগ্রিকভাবে সমাজ বা জাতির বিরুদ্ধে মৃদু বা গৌণ মাত্রার বিদ্বেষপূর্ণ মনোভাব এই মন্তব্যে স্পষ্ট।,rule-contextual,False,pending,
21410,ইহুদী রা সবচেয়ে নিকৃষ্ট জাতি তা আবার প্রমান করলো ইসরায়েল এর দুই গালে জুতা মারা উচিত,Abusive,Community,Mild,"মন্তব্যটিতে ""মারা"" এর মতো আক্রমণাত্মক ভাষা ব্যবহার করে নির্দিষ্ট সম্প্রদায় বা গোষ্ঠীকে লক্ষ্য করা হয়েছে। এটি মাঝারি মাত্রার গালিগালাজমূলক বক্তব্য।",rule-contextual,False,pending,
6084,ইন্দোনেশিয়াকে অনেক অনেক ধন্যবাদ,,,Little to None,"মন্তব্যটিতে কোনো গালিগালাজ, বিদ্বেষ বা আপত্তিকর বিষয়বস্তু পাওয়া যায়নি বলে এটি নিরপেক্ষ মন্তব্য।",rule-based,False,pending,
8136,পাগল মলম তোমার মায়ের মাং এ লাগাও,Abusive,Individual,Severe,"এই মন্তব্যে ""পাগল"" জাতীয় অশ্লীল শব্দ ব্যবহার করে নির্দিষ্ট ব্যক্তিকে অবমাননা করা হয়েছে, যা তীব্র ও গুরুতর মাত্রার কুরুচিপূর্ণ ভাষা নির্দেশ করে।",rule-contextual,False,pending,
32935,অনেক সুন্দর লাগছে আলহামদুলিল্লাহ,,,Little to None,"এই মন্তব্যে কোনো আপত্তিকর, অশ্লীল বা ঘৃণাজনক বিষয়বস্তু নেই এবং এটি স্বাভাবিক আলোচনার অংশ।",rule-based,False,pending,
10686,শিক্ষক মানুষ পাগল হয়লে যা হয়,Abusive,Individual,Little to None,"এই বক্তব্যে নির্দিষ্ট ব্যক্তিকে প্রতি ""পাগল"" এর মতো আপত্তিকর শব্দচয়ন এটিকে মৃদু বা গৌণ মাত্রার আক্রমণাত্মক মন্তব্য হিসেবে শ্রেণিবদ্ধ করে।",rule-contextual,False,pending,
30338,মাধবপুরে ১২ ঘন্টায় ৬ঘন্টায় বিদ্যুৎ থাকেনা প্রতিবাদ করুন জয় বাংলা,,,Little to None,"এই মন্তব্যে কোনো আপত্তিকর, অশ্লীল বা ঘৃণাজনক বিষয়বস্তু নেই এবং এটি স্বাভাবিক আলোচনার অংশ।",rule-based,False,pending,
26549,তামিম ইকবাল কেন বিসিবি থেকে না খেলে বেতন নিচ্ছে একজন খেলোয়াড় ভালো কোন টুর্নামেন্টে খেলছেনা তাকে দলে রাখার কি দরকার বসে বসে বেতন নিচ্ছে এর কারন দেশের মানুষ জানতে চায়,Abusive,Individual,Little to None,"এই মন্তব্যে ""নিচ"" শব্দ ব্যবহার করে নির্দিষ্ট ব্যক্তিকে অবমাননা করা হয়েছে, যা মৃদু বা গৌণ মাত্রার আক্রমণাত্মক ভাষা নির্দেশ করে।",rule-contextual,False,pending,
34276,ভারতে মোদি আর বাংলাদেশে হাসিনা এরা স্বামী স্ত্রী দুজনই জনগণের জন্য অভিশাপ হয়ে দাড়িয়েছে,Abusive,Individual,Mild,"মন্তব্যটিতে ""হাসিনা"" এর মতো আক্রমণাত্মক ও গালিগালাজমূলক ভাষা ব্যবহার করা হয়েছে। এটি একটি নির্দিষ্ট ব্যক্তির বিরুদ্ধে মাঝারি মাত্রার বক্তব্য।",rule-contextual,False,pending,
9740,আল্লাহ গজব পরবে তুদের উপর,Abusive,,Little to None,"এই মন্তব্যের ভাষা ও সুর আক্রমণাত্মক এবং অবমাননাকর, যা সাধারণভাবে মৃদু বা গৌণ মাত্রার গালিগালাজমূলক বক্তব্য হিসেবে চিহ্নিত।",rule-contextual,False,pending,
3200,আরে ভাই অন্য দেশে তো দিনের ভোট রাতে হয়না,Political Hate,Individual,Little to None,"নির্দিষ্ট ব্যক্তিকে বিরুদ্ধে ""ভোট"" এর মতো রাজনৈতিক বিদ্বেষমূলক শব্দ ব্যবহার করা হয়েছে। এটি মৃদু বা গৌণ মাত্রার রাজনৈতিক ঘৃণা প্রকাশ করে।",rule-contextual,False,pending,
19520,আরও আর ও অভিযান করেন থলের বেড়াল বেরিয়ে আসবে,,,Little to None,"এই মন্তব্যে কোনো আপত্তিকর, অশ্লীল বা ঘৃণাজনক বিষয়বস্তু নেই এবং এটি স্বাভাবিক আলোচনার অংশ।",rule-based,False,pending,
26208,তারা জঙ্গি লীগ,Abusive,Organization,Severe,"মন্তব্যটিতে ""লীগ"" এর মতো আক্রমণাত্মক ও গালিগালাজমূলক ভাষা ব্যবহার করা হয়েছে। এটি একটি সংগঠন বা প্রতিষ্ঠানের বিরুদ্ধে তীব্র ও গুরুতর মাত্রার বক্তব্য।",rule-contextual,False,pending,
17558,দেখলে আমার ভয় করতেছে,,,Little to None,মন্তব্যকারী সাধারণ বিষয়ে মতামত দিয়েছেন এবং কোনো ঘৃণামূলক বক্তব্য প্রকাশ করেননি।,rule-based,False,pending,
16607,এসব কেন করছে কারা মদদ দিচ্ছে আমেরিকা বুঝে ১৯৭৭ সালের বিচার কিভাবে চায় সব মরে শেষ হাস্যকর ব্যাপার,Abusive,Community,Mild,"এই মন্তব্যের ভাষা ও সুর আক্রমণাত্মক এবং অবমাননাকর, যা একটি সম্প্রদায় বা গোষ্ঠীর বিরুদ্ধে মাঝারি মাত্রার গালিগালাজমূলক বক্তব্য হিসেবে চিহ্নিত।",rule-contextual,False,pending,
33615,আল্লাহ তাআলা আপনি সবাইকে রহমত করুন,,,Little to None,মন্তব্যকারী সাধারণ বিষয়ে মতামত দিয়েছেন এবং কোনো ঘৃণামূলক বক্তব্য প্রকাশ করেননি।,rule-based,False,pending,
28491,কমল দে জানোয়ারটা কে প্রতিবেদক থেকে অপসারণ করা হোক,Abusive,,Severe,"মন্তব্যকারী ""জানোয়ার"" ব্যবহার করে অশ্লীলভাবে আক্রমণ করেছেন। ভাষার মাত্রা তীব্র ও গুরুতর মাত্রার অশ্লীলতা নির্দেশ করে।",rule-contextual,False,pending,
26214,ছাগল লোক ভালো হয়ে যান,Abusive,Individual,Little to None,এই বক্তব্যে ব্যবহৃত ভাষা ও দৃষ্টিভঙ্গি একটি নির্দিষ্ট ব্যক্তির বিরুদ্ধে মৃদু বা গৌণ মাত্রার গালিগালাজমূলক মন্তব্য প্রকাশ করে।,rule-contextual,False,pending,
18146,তুমরা কেমন মুমিন মুসলমান মুখ ভর্তি দাড়ি নিয়া সুদি লোন কইরা ব্যাবসা করো সেই কারনে তোমাগো এই অবস্থা,Abusive,Community,Mild,"মন্তব্যটিতে ""মুসলমান"" এর মতো আক্রমণাত্মক ও গালিগালাজমূলক ভাষা ব্যবহার করা হয়েছে। এটি একটি সম্প্রদায় বা গোষ্ঠীর বিরুদ্ধে মাঝারি মাত্রার বক্তব্য।",rule-contextual,False,pending,
4060,আওয়ামীলীগের উন্নয়ন বলে কথা,Political Hate,Organization,Mild,"এই মন্তব্যে ""লীগ"" সম্পর্কিত রাজনৈতিক ঘৃণা প্রকাশ পেয়েছে যেখানে নির্দিষ্ট সংগঠন বা প্রতিষ্ঠানকে আক্রমণের লক্ষ্যবস্তু। তীব্রতা মাঝারি মাত্রার।",rule-contextual,False,pending,
7167,এদের জন্য দেশের দেশের এত দুর্নাম,Abusive,Community,Mild,"এই মন্তব্যের ভাষা ও সুর আক্রমণাত্মক এবং অবমাননাকর, যা একটি সম্প্রদায় বা গোষ্ঠীর বিরুদ্ধে মাঝারি মাত্রার গালিগালাজমূলক বক্তব্য হিসেবে চিহ্নিত।",rule-contextual,False,pending,
3696,এই সমস্ত মাগির পুত সাংবাদিকরা আর্জেন্টিনা হাত দিয়ে গোল করলে বলে হ্যান্ড অব গড মাঠের মধ্যে জঘন্যতম অপরাধ ঘুমের ওষুধ খাইয়ে দিল আর সেটার নাম দিয়েছে হলি ওয়াটার,Abusive,Community,Severe,"নির্দিষ্ট সম্প্রদায় বা গোষ্ঠীকে উদ্দেশ্যে ""জঘন্য"" এর মতো চরম অশ্লীল ভাষা প্রয়োগ এই মন্তব্যকে তীব্র ও গুরুতর মাত্রার অশ্লীল বক্তব্য হিসেবে শ্রেণিবদ্ধ করে।",rule-contextual,False,pending,
23308,আল্লাহর কাছে ক্ষমতা তাই যদি অর্জন করতে পারি এদেশে কোনো ছাত্র লীগ বলে কিছু থাকবেনা,Religious Hate,Organization,Little to None,"মন্তব্যটিতে ""লীগ"" এর মতো ধর্মীয় বিদ্বেষমূলক ও সাম্প্রদায়িক ভাষা ব্যবহার করা হয়েছে। এটি একটি সংগঠন বা প্রতিষ্ঠানের বিরুদ্ধে মৃদু বা গৌণ মাত্রার বক্তব্য।",rule-contextual,False,pending,
6529,ভারতকে উচিত শিক্ষা দেওয়া হবে,Abusive,Society,Mild,মন্তব্যটির সামগ্রিক সুর ও ভাষা সামগ্রিকভাবে সমাজ বা জাতির বিরুদ্ধে মাঝারি মাত্রার আক্রমণাত্মক বক্তব্য নির্দেশ করে।,rule-contextual,False,pending,
21117,শয়তানগুলো এত সহজে ধ্বংস হলে মুসলমানদের কষ্ট দিবে কে,Abusive,Community,Mild,"মন্তব্যকারী ""ধ্বংস"" ব্যবহার করে নির্দিষ্ট সম্প্রদায় বা গোষ্ঠীকে আক্রমণ করেছেন। ভাষার তীব্রতা মাঝারি মাত্রার বলে প্রতীয়মান।",rule-contextual,False,pending,
27320,আল্লাহ সুস্থ করুক এটা তো কেউ কইলো না,,,Little to None,"মন্তব্যটিতে কোনো নির্দিষ্ট ব্যক্তি, গোষ্ঠী বা সম্প্রদায়ের বিরুদ্ধে ঘৃণা বা বিদ্বেষ প্রকাশ পায়নি।",rule-based,False,pending,
27058,সুজন তুই এখনো ভালো হইলি না,Abusive,Individual,Little to None,"এই মন্তব্যের ভাষা ও সুর আক্রমণাত্মক এবং অবমাননাকর, যা একটি নির্দিষ্ট ব্যক্তির বিরুদ্ধে মৃদু বা গৌণ মাত্রার গালিগালাজমূলক বক্তব্য হিসেবে চিহ্নিত।",rule-contextual,False,pending,
15911,জুতা পিটা করনের দরকার শালা,Abusive,Individual,Severe,"এই বক্তব্যে নির্দিষ্ট ব্যক্তিকে প্রতি ""শালা"", ""শালা"" এর মতো অশ্লীল শব্দচয়ন এটিকে তীব্র ও গুরুতর মাত্রার কুরুচিপূর্ণ মন্তব্য হিসেবে চিহ্নিত করে।",rule-contextual,False,pending,
31569,রাম চাগল মএী,Abusive,Individual,Severe,"এই মন্তব্যের ভাষা ও সুর আক্রমণাত্মক এবং অবমাননাকর, যা একটি নির্দিষ্ট ব্যক্তির বিরুদ্ধে তীব্র ও গুরুতর মাত্রার গালিগালাজমূলক বক্তব্য হিসেবে চিহ্নিত।",rule-contextual,False,pending,
32580,উনি তো সন্ত্রাসীদের মত কথা বললো,Abusive,Individual,Mild,"এই মন্তব্যের ভাষা ও সুর আক্রমণাত্মক এবং অবমাননাকর, যা একটি নির্দিষ্ট ব্যক্তির বিরুদ্ধে মাঝারি মাত্রার গালিগালাজমূলক বক্তব্য হিসেবে চিহ্নিত।",rule-contextual,False,pending,
11489,নিউজটা সেই ছিল,,,Little to None,মন্তব্যকারী সাধারণ বিষয়ে মতামত দিয়েছেন এবং কোনো ঘৃণামূলক বক্তব্য প্রকাশ করেননি।,rule-based,False,pending,
5937,বিএনপি কোআন পোড়াইলে মসজিদে নাচগাণ করলে হাদিছে জায়েজ আছে আলেম সমাজ ঘুমাইয়া আছে হেফাজতের সমাবেশে জামাত হেফাজত হাজার হাজার কোরআন শরীফ পোড়াইছিল দেশের বেঈমান মোনাফেক মোল্লারা কেউ একটা কথা বলেনাই আজও চুপ তাই বাংলাদেশে হেফাজতি জমাতি মোল্লাদের ঈমান নাই এরা মুসলমাননা এরা হারাম প্রাণি এদের থেকে দূরে থাকুন,Religious Hate,Community,Severe,"নির্দিষ্ট সম্প্রদায় বা গোষ্ঠীকে বিরুদ্ধে ""মুসলমান"", ""মসজিদ"", ""মোল্লা"" এর মতো সাম্প্রদায়িক শব্দ ব্যবহার করা হয়েছে, যা তীব্র ও গুরুতর মাত্রার ধর্মীয় বিদ্বেষ নির্দেশ করে।",rule-contextual,False,pending,
4266,তাহলে এতদিন উন্নয়ন উন্নয়ন বলে কুত্তার মত ঘেউ ঘেউ করেছেন ক্যান,Abusive,Individual,Severe,"এই বক্তব্যে নির্দিষ্ট ব্যক্তিকে প্রতি ""কুত্তা"", ""কুত্তার"", ""কুত্তা"" এর মতো অশ্লীল শব্দচয়ন এটিকে তীব্র ও গুরুতর মাত্রার কুরুচিপূর্ণ মন্তব্য হিসেবে চিহ্নিত করে।",rule-contextual,False,pending,
34767,সব দলের অংশগ্রহণ ছাড়া একতরফা নির্বাচন হলে দেশের অর্থনীতির বড় ক্ষতি হবে সেই ক্ষতির খেসারত দিতে হবে দেশের জনগণকে দেখতে থাকুন,,,Little to None,"এই মন্তব্যে কোনো আপত্তিকর, অশ্লীল বা ঘৃণাজনক বিষয়বস্তু নেই এবং এটি স্বাভাবিক আলোচনার অংশ।",rule-based,False,pending,
30903,পাখিগুলারে মাইরা এখন আসছে বর্ষাবরণ করতে কত জায়গায় আগুন তার ও খবর নাই উল্টা উৎসাহ দিচ্ছে পুরা ঢাকা আগুনে পুড়লে খুশি হইতাম বাঙালিদের পাছায় আগুন না লাগলে এরা কোনোদিন ভালো হবে না,Abusive,Society,Severe,মন্তব্যটির সামগ্রিক সুর ও ভাষা সামগ্রিকভাবে সমাজ বা জাতির বিরুদ্ধে তীব্র ও গুরুতর মাত্রার আক্রমণাত্মক বক্তব্য নির্দেশ করে।,rule-contextual,False,pending,
24476,পিটের হাস সময় টিভির গোয়া মারা স্বার্থে কাজ করছে,Abusive,Organization,Severe,"মন্তব্যকারী ""মারা"" ব্যবহার করে নির্দিষ্ট সংগঠন বা প্রতিষ্ঠানকে অশ্লীলভাবে আক্রমণ করেছেন। ভাষার মাত্রা তীব্র ও গুরুতর মাত্রার অশ্লীলতা নির্দেশ করে।",rule-contextual,False,pending,
15823,বিগোর প্রেমের প্রতিফলন হলো আজ তার আত্বহত্য,Abusive,Individual,Severe,মন্তব্যটির সামগ্রিক সুর ও ভাষা একটি নির্দিষ্ট ব্যক্তির বিরুদ্ধে তীব্র ও গুরুতর মাত্রার আক্রমণাত্মক বক্তব্য নির্দেশ করে।,rule-contextual,False,pending,
19039,আমুলিগ হাচিনা জাতিয় পাটি তারা এক বর চুর হাচিনা,Political Hate,Organization,Mild,মন্তব্যটি রাজনৈতিক ব্যক্তি বা দলের প্রতি একটি সংগঠন বা প্রতিষ্ঠানের বিরুদ্ধে মাঝারি মাত্রার ঘৃণামূলক দৃষ্টিভঙ্গি প্রকাশ করে।,rule-contextual,False,pending,
12245,এসব গুজব আমাদের আম গাছে অনেক হতো এক ডালে হতো সবুজ অন্য দিকে হতো এই কালার এটা কুনু টেনসনের কারন নাই গাছ পুরুন হলে এমন হতেই পারে,,,Little to None,"মন্তব্যটিতে কোনো নির্দিষ্ট ব্যক্তি, গোষ্ঠী বা সম্প্রদায়ের বিরুদ্ধে ঘৃণা বা বিদ্বেষ প্রকাশ পায়নি।",rule-based,False,pending,
16119,এই ভিডিও যদি হাসিনা দেখে তাহলে বাংলাদেশের নাম বদলে হাসিনার বাপের নামে এই দেশের নাম রেখে দিতে পারে,Political Hate,Individual,Mild,"মন্তব্যটিতে ""হাসিনা"", ""দল"" উল্লেখ করে রাজনৈতিক বিদ্বেষ প্রকাশ করা হয়েছে। নির্দিষ্ট ব্যক্তিকে লক্ষ্য করে এই মাঝারি মাত্রার রাজনৈতিক ঘৃণামূলক বক্তব্য।",rule-contextual,False,pending,
16623,মহ কাটলে সংসার শেষ এদের,Abusive,Individual,Mild,এই বক্তব্যে ব্যবহৃত ভাষা ও দৃষ্টিভঙ্গি একটি নির্দিষ্ট ব্যক্তির বিরুদ্ধে মাঝারি মাত্রার গালিগালাজমূলক মন্তব্য প্রকাশ করে।,rule-contextual,False,pending,
11970,তোমার ভয়ের কিছু নাই জনগণের আছেআছে তোমরা তো বিদেশে টাকাযপাচার করেছেচলতে তো অসুবিধা হবে নাসমস্যা যা হবেআমজনতার হবে,,,Little to None,এই বাক্যে কোনো ঘৃণামূলক শব্দ বা আক্রমণাত্মক প্রকাশ নেই এবং এটি সাধারণ মতামত প্রকাশ করে।,rule-based,False,pending,
2374,এটা যে কাফেরদের নাটক তা মানুষ খুব ভালো ভাবেই বোঝে,Abusive,Community,Severe,"মন্তব্যটিতে ""কাফের"" এর মতো আক্রমণাত্মক ও গালিগালাজমূলক ভাষা ব্যবহার করা হয়েছে। এটি একটি সম্প্রদায় বা গোষ্ঠীর বিরুদ্ধে তীব্র ও গুরুতর মাত্রার বক্তব্য।",rule-contextual,False,pending,
23925,আমরাও মায়ের দুধ খেয়ে বড় হয়েছি ব্যবস্থা আমরাও নিতে জানি বোতল খেয়ে যা তা বলেন না,Abusive,Organization,Little to None,মন্তব্যটির সামগ্রিক সুর ও ভাষা একটি সংগঠন বা প্রতিষ্ঠানের বিরুদ্ধে মৃদু বা গৌণ মাত্রার আক্রমণাত্মক বক্তব্য নির্দেশ করে।,rule-contextual,False,pending,
12103,সকল দল মতের মুসলমান লাটি হাতে বেরিয়ে কাদিয়ানী হারাম জাদা গুলারে পিতায়া আতুর বানাও,Abusive,Community,Severe,"মন্তব্যকারী ""মতের"", ""মুসলমান"" ব্যবহার করে নির্দিষ্ট সম্প্রদায় বা গোষ্ঠীকে আক্রমণ করেছেন। ভাষার তীব্রতা তীব্র ও গুরুতর মাত্রার বলে প্রতীয়মান।",rule-contextual,False,pending,
13290,ওই বিএনপি জামাত আর কোনোদিন বাংলাদেশের মানুষের ভাগ্য নিয়ে ছিনিমিনি খেলতে পারবেনা ইনশাআল্লাহ জামাত বিএনপি নিপাত যাক দেশের মানুষ মুক্তি পাক,Political Hate,Organization,Severe,"মন্তব্যটিতে ""বিএনপি"", ""জামাত"" উল্লেখ করে রাজনৈতিক বিদ্বেষ প্রকাশ করা হয়েছে। নির্দিষ্ট সংগঠন বা প্রতিষ্ঠানকে লক্ষ্য করে এই তীব্র ও গুরুতর মাত্রার রাজনৈতিক ঘৃণামূলক বক্তব্য।",rule-contextual,False,pending,
1397,মাদার অফ মাফিয়া জুতা বৃষ্টি দরকার ছিল,Abusive,Individual,Mild,"এই মন্তব্যের ভাষা ও সুর আক্রমণাত্মক এবং অবমাননাকর, যা একটি নির্দিষ্ট ব্যক্তির বিরুদ্ধে মাঝারি মাত্রার গালিগালাজমূলক বক্তব্য হিসেবে চিহ্নিত।",rule-contextual,False,pending,
27550,শতভাগের বেশি কিভাবে দেওয়া যায় গাঁজাখুরি দেশের অপদার্থ ক্রিকেটদল সবচেয়ে বড় গাঁজাখোর সাংবাদিকমহল,,,Little to None,এটি একটি নিরপেক্ষ মন্তব্য যেখানে কাউকে লক্ষ্য করে কোনো অবমাননাকর বা বৈষম্যমূলক ভাষা ব্যবহার করা হয়নি।,rule-based,False,pending,
29276,এটিকে বানিজ্যিক ভাবে কাজে লাগাতে পারলে দেশের মানুষের উপকার হতো,,,Little to None,"এই মন্তব্যে কোনো আপত্তিকর, অশ্লীল বা ঘৃণাজনক বিষয়বস্তু নেই এবং এটি স্বাভাবিক আলোচনার অংশ।",rule-based,False,pending,
14236,বাজপাখির টিমের কোনো খেলোয়াড়ের নাম শুনলাম নাএই নিউজ ভুয়া,Abusive,Organization,Little to None,মন্তব্যটির সামগ্রিক সুর ও ভাষা একটি সংগঠন বা প্রতিষ্ঠানের বিরুদ্ধে মৃদু বা গৌণ মাত্রার আক্রমণাত্মক বক্তব্য নির্দেশ করে।,rule-contextual,False,pending,
8703,তো এটা জেনে আমাদের কি লাভ সেটা একটু বলা উচিত না সময় টিভির নিজের দেশের নেতাদের প্রেমিকা অবৈধ বৌ এর অভাব নাই অন্য দেশ নিয়ে মাতামাতি,Abusive,Organization,Mild,মন্তব্যটির সামগ্রিক সুর ও ভাষা একটি সংগঠন বা প্রতিষ্ঠানের বিরুদ্ধে মাঝারি মাত্রার আক্রমণাত্মক বক্তব্য নির্দেশ করে।,rule-contextual,False,pending,
4673,প্রাণী সম্পদ বিভাগের ডাক্তার কি বলতে চেয়েছিলেন বুঝেছেন কেউ,,,Little to None,"এই মন্তব্যে কোনো ঘৃণামূলক, আক্রমণাত্মক বা বৈষম্যমূলক ভাষা নেই, তাই এটি স্বাভাবিক মন্তব্য হিসেবে শ্রেণিবদ্ধ।",rule-based,False,pending,
31742,সবাই জানাশোনা বেহেশত কিনতে চায় এখন কতো বিশেষণেই বিশেষায়িত করবেন এখন এতো গালগপ্পো প্রশংসা চুমাচুমি এতোদিন এদের সংগ্রামের দিনগুলোতে কোথায় ছিলেন পারেনও আপনারা,Abusive,Community,Mild,এই মন্তব্যে অশ্লীল ও কুরুচিপূর্ণ ভাষা ব্যবহার করে একটি সম্প্রদায় বা গোষ্ঠীর বিরুদ্ধে মাঝারি মাত্রার আপত্তিকর বক্তব্য প্রকাশ করা হয়েছে।,rule-contextual,False,pending,
5735,আমি দোয়া করি কুওা লীগ যাতে আরও দেড়শ বছর কমতায় থাকে মিয়ানমার থেকে রোহিংগা তো আমাদের দেশে থাকতে পারছে আমরা কি যাই,Political Hate,Organization,Mild,"নির্দিষ্ট সংগঠন বা প্রতিষ্ঠানকে বিরুদ্ধে ""লীগ"" এর মতো রাজনৈতিক বিদ্বেষমূলক শব্দ ব্যবহার করা হয়েছে। এটি মাঝারি মাত্রার রাজনৈতিক ঘৃণা প্রকাশ করে।",rule-contextual,False,pending,
14863,যখন বিএনপি জাতীয় পার্টি ক্ষমতায় ছিলো তখন চাউলের কেজি আর তেলের কেজি কত ছিলো আর আপনার আমলে কত এটা হিসাব মিলালে আপনার জবাব আপনি পেয়ে যাবেন,Political Hate,Organization,Little to None,"মন্তব্যটিতে ""বিএনপি"", ""ক্ষমতা"" উল্লেখ করে রাজনৈতিক বিদ্বেষ প্রকাশ করা হয়েছে। নির্দিষ্ট সংগঠন বা প্রতিষ্ঠানকে লক্ষ্য করে এই মৃদু বা গৌণ মাত্রার রাজনৈতিক ঘৃণামূলক বক্তব্য।",rule-contextual,False,pending,
31023,এদের অপোপ্রচারে দেশে এবং বিদেশে বাংলা দেশের ভাব মুর্তি খারাপ করছে,,,Little to None,এটি একটি নিরপেক্ষ মন্তব্য যেখানে কাউকে লক্ষ্য করে কোনো অবমাননাকর বা বৈষম্যমূলক ভাষা ব্যবহার করা হয়নি।,rule-based,False,pending,
9134,রাশিয়ার মানুষ পুতিন কে পছন্দ করে এটাই পশ্চিমারা সহ্য করতে পারে না অনেক চেষ্টা করতেছে পুতিনকে নামিয়ে রাশিয়া ধ্বংস করে দেয়ার পুতিনকে নামাতে পারলেই রাশিয়ার সম্পদ পশ্চিমা এলিটদের হাতে চলে যাবে,Political Hate,Society,Mild,"মন্তব্যকারী ""ধ্বংস"", ""মারা"" এর প্রসঙ্গে সমাজ বা জাতিকে সম্পর্কে মাঝারি মাত্রার রাজনৈতিক বিদ্বেষ ও ঘৃণা প্রকাশ করেছেন।",rule-contextual,False,pending,
4326,আসল কারাগারে জাইয়া দেখ কেমন লাগেখাবার খাইবা দুরের কথা কান্না করে ওই শেষ করতে পারবা না,Abusive,,Little to None,এই বক্তব্যে ব্যবহৃত ভাষা ও দৃষ্টিভঙ্গি সাধারণভাবে মৃদু বা গৌণ মাত্রার গালিগালাজমূলক মন্তব্য প্রকাশ করে।,rule-contextual,False,pending,
25994,হুম নাটক আহারে কি আবেগ রে দেশটা কারো বাবার নাহ,,,Little to None,"এই মন্তব্যে কোনো আপত্তিকর, অশ্লীল বা ঘৃণাজনক বিষয়বস্তু নেই এবং এটি স্বাভাবিক আলোচনার অংশ।",rule-based,False,pending,
7091,মিথ্যা কে সত্যি বলে প্রতিষ্ঠিত করতে চায় বিরোধী মত দল বলতে কিছু রাখছেন,Abusive,Individual,Severe,মন্তব্যটির সামগ্রিক সুর ও ভাষা একটি নির্দিষ্ট ব্যক্তির বিরুদ্ধে তীব্র ও গুরুতর মাত্রার আক্রমণাত্মক বক্তব্য নির্দেশ করে।,rule-contextual,False,pending,
34264,ধিক্কার জানাই মুসলিম বিশ্বের বিশ্ব মুসলিম নেতাদের,Religious Hate,Society,Mild,"মন্তব্যটিতে ""মুসলিম"" উল্লেখ করে ধর্মীয় বিদ্বেষ প্রকাশ করা হয়েছে। সমাজ বা জাতিকে লক্ষ্য করে এটি মাঝারি মাত্রার সাম্প্রদায়িক ঘৃণামূলক বক্তব্য।",rule-contextual,False,pending,
32834,এই মেরুদণ্ডহীন অকার্যকর নির্বাচন কমিশনার দিয়ে সুষ্ঠু নির্বাচন সম্ভব হবে না একমাত্র প্রয়োজন তত্ত্বাবধার সরকার ছাড়া কোন বিকল্প নেই,Political Hate,Organization,Severe,"রাজনৈতিক প্রেক্ষাপটে ""সরকার"", ""নির্বাচন"" ব্যবহার করে নির্দিষ্ট সংগঠন বা প্রতিষ্ঠানকে প্রতি বিদ্বেষ প্রকাশ এই মন্তব্যকে তীব্র ও গুরুতর মাত্রার রাজনৈতিক ঘৃণামূলক বক্তব্য করে তোলে।",rule-contextual,False,pending,
7200,উড়ছে লুঙ্গী লাগছে বেস বাল ছিড়লো বাংলাদেশ কলা মামনি কলা খাও নাইজেরিয়ান ভুয়া ভুয়া ভুয়া ভুয়া ভুয়া ভুয়া ভুয়া ভুয়া ভুয়া ভুয়া ভুয়া ভুয়া ভুয়া ভুয়া ভুয়া ভুয়া ভুয়া ভুয়া ভুয়া ভুয়া ভুয়া ভুয়া,Abusive,Society,Severe,"মন্তব্যটিতে ""বাল"" এর মতো অশ্লীল ও কুরুচিপূর্ণ ভাষা ব্যবহার করে সমাজ বা জাতিকে আক্রমণ করা হয়েছে। এটি তীব্র ও গুরুতর মাত্রার অশ্লীল বক্তব্য।",rule-contextual,False,pending,
27754,বাঘের মতো গর্জে ওঠো পুতিন আমেরিকা ইউরোপ কে তামা তামা করে দাও,Political Hate,Individual,Mild,রাজনৈতিক বিষয়ে একটি নির্দিষ্ট ব্যক্তির বিরুদ্ধে মাঝারি মাত্রার বিদ্বেষপূর্ণ মনোভাব এই মন্তব্যে স্পষ্ট।,rule-contextual,False,pending,
14527,জো বাইডেনই শুধু আপনার বন্ধু থাকবে আর কাউকে বন্ধু হিসেবে পাবেন না,,,Little to None,এটি একটি নিরপেক্ষ মন্তব্য যেখানে কাউকে লক্ষ্য করে কোনো অবমাননাকর বা বৈষম্যমূলক ভাষা ব্যবহার করা হয়নি।,rule-based,False,pending,
12724,আলহামদুলিল্লাহ ভুয়া আল্লাহ ফাকের রহমতে এই সুন্দর ঘটনাটা ঘটলো,Religious Hate,Community,Severe,ধর্ম ও সম্প্রদায় সম্পর্কে একটি সম্প্রদায় বা গোষ্ঠীর বিরুদ্ধে তীব্র ও গুরুতর মাত্রার বিদ্বেষপূর্ণ মনোভাব এই মন্তব্যে প্রকাশিত।,rule-contextual,False,pending,
842,ভারতকে কিছুু রাখার দরকার ছিলো জারুদেয়া লাগবেনা,,,Little to None,এই বাক্যে কোনো ঘৃণামূলক শব্দ বা আক্রমণাত্মক প্রকাশ নেই এবং এটি সাধারণ মতামত প্রকাশ করে।,rule-based,False,pending,
27796,নেতাদের নেতা মোদীজি,,,Little to None,"মন্তব্যটিতে কোনো নির্দিষ্ট ব্যক্তি, গোষ্ঠী বা সম্প্রদায়ের বিরুদ্ধে ঘৃণা বা বিদ্বেষ প্রকাশ পায়নি।",rule-based,False,pending,
26280,আবার উন্নয়ন হবে,,,Little to None,"মন্তব্যটিতে কোনো নির্দিষ্ট ব্যক্তি, গোষ্ঠী বা সম্প্রদায়ের বিরুদ্ধে ঘৃণা বা বিদ্বেষ প্রকাশ পায়নি।",rule-based,False,pending,
13563,গোপালভাড় নিজেদের পালানোর পথ খুঁজেক,,,Little to None,এটি একটি নিরপেক্ষ মন্তব্য যেখানে কাউকে লক্ষ্য করে কোনো অবমাননাকর বা বৈষম্যমূলক ভাষা ব্যবহার করা হয়নি।,rule-based,False,pending,
32295,তুই কেমনে জানোস ঐ মাদারচোদ তোরা জরিত তুর মারে চুদি আকাম তুরা করে বিএনপির নাম দেছ,Abusive,Individual,Severe,"মন্তব্যটিতে ""বিএনপি"" এর মতো অশ্লীল ও কুরুচিপূর্ণ ভাষা ব্যবহার করা হয়েছে। এটি একটি নির্দিষ্ট ব্যক্তির বিরুদ্ধে তীব্র ও গুরুতর মাত্রার বক্তব্য।",rule-contextual,False,pending,
13358,আওয়ামিলিগ এই জানওয়ারার এই কাজ করেচে,Political Hate,Organization,Little to None,রাজনৈতিক বিষয়ে একটি সংগঠন বা প্রতিষ্ঠানের বিরুদ্ধে মৃদু বা গৌণ মাত্রার বিদ্বেষপূর্ণ মনোভাব এই মন্তব্যে স্পষ্ট।,rule-contextual,False,pending,
2720,কি তামাশা করছে ক্ষমতায় রাখার জন্য এই সরকারকে,Political Hate,Organization,Little to None,"মন্তব্যটিতে ""সরকার"", ""ক্ষমতা"" উল্লেখ করে রাজনৈতিক বিদ্বেষ প্রকাশ করা হয়েছে। নির্দিষ্ট সংগঠন বা প্রতিষ্ঠানকে লক্ষ্য করে এই মৃদু বা গৌণ মাত্রার রাজনৈতিক ঘৃণামূলক বক্তব্য।",rule-contextual,False,pending,
5568,নেটো অনেক আগ থেকে সেনা পস্তুত করে রেখেছেমসার সাথে যোদ্ধা করবে বলে,,,Little to None,"মন্তব্যটিতে কোনো নির্দিষ্ট ব্যক্তি, গোষ্ঠী বা সম্প্রদায়ের বিরুদ্ধে ঘৃণা বা বিদ্বেষ প্রকাশ পায়নি।",rule-based,False,pending,
22474,লোক পুলিশ দিয় দোরাস কেনো পাগোল,Abusive,Individual,Mild,"এই মন্তব্যের ভাষা ও সুর আক্রমণাত্মক এবং অবমাননাকর, যা একটি নির্দিষ্ট ব্যক্তির বিরুদ্ধে মাঝারি মাত্রার গালিগালাজমূলক বক্তব্য হিসেবে চিহ্নিত।",rule-contextual,False,pending,
23528,যুক্তরাষ্ট্রের সেনারা বিবেক হীন,Political Hate,Community,Mild,রাজনৈতিক বিষয়ে একটি সম্প্রদায় বা গোষ্ঠীর বিরুদ্ধে মাঝারি মাত্রার বিদ্বেষপূর্ণ মনোভাব এই মন্তব্যে স্পষ্ট।,rule-contextual,False,pending,
17249,পতিতা মাগী সাংবাদিক তোরা তোদের গুদ দুধ রাস্তার কুকুর দের দেখাস পতিতা বৃত্তি করছিস কুকুর মাগি তোরা তাদের খাবার কস্টো হলেও আল্লাহর আইন কে মেনে নিবে তারা,Abusive,Individual,Severe,"এই বক্তব্যে নির্দিষ্ট ব্যক্তিকে প্রতি ""মাগী"", ""গু"" এর মতো অশ্লীল শব্দচয়ন এটিকে তীব্র ও গুরুতর মাত্রার কুরুচিপূর্ণ মন্তব্য হিসেবে চিহ্নিত করে।",rule-contextual,False,pending,
3327,যুক্তরাষ্ট্রকে বাংলাদেশ থেকে জুতা মেরে বের করে দেওয়া হোক,Abusive,Society,Severe,এই বক্তব্যে ব্যবহৃত ভাষা ও দৃষ্টিভঙ্গি সামগ্রিকভাবে সমাজ বা জাতির বিরুদ্ধে তীব্র ও গুরুতর মাত্রার গালিগালাজমূলক মন্তব্য প্রকাশ করে।,rule-contextual,False,pending,
5465,কাদিরা ভালা হই যা,,,Little to None,"এই মন্তব্যে কোনো ঘৃণামূলক, আক্রমণাত্মক বা বৈষম্যমূলক ভাষা নেই, তাই এটি স্বাভাবিক মন্তব্য হিসেবে শ্রেণিবদ্ধ।",rule-based,False,pending,
4744,সাকিব বিসিবিকে বাল বলেও কিছু মনে করে না যেমন বোর্ড তেমন খেলোয়াড়,Abusive,Individual,Severe,"এই মন্তব্যে ""বাল"" জাতীয় অশ্লীল শব্দ ব্যবহার করে নির্দিষ্ট ব্যক্তিকে অবমাননা করা হয়েছে, যা তীব্র ও গুরুতর মাত্রার কুরুচিপূর্ণ ভাষা নির্দেশ করে।",rule-contextual,False,pending,
20986,মিনি মাছের মত মিনমিন্ করে এখনও রাজনীতি করতে চান,Abusive,Individual,Mild,"এই মন্তব্যের ভাষা ও সুর আক্রমণাত্মক এবং অবমাননাকর, যা একটি নির্দিষ্ট ব্যক্তির বিরুদ্ধে মাঝারি মাত্রার গালিগালাজমূলক বক্তব্য হিসেবে চিহ্নিত।",rule-contextual,False,pending,
25953,কর আরো রাশিয়া লগে জাউরামি সালারা,Abusive,Community,Mild,এই বক্তব্যে ব্যবহৃত অশ্লীল ভাষা একটি সম্প্রদায় বা গোষ্ঠীর বিরুদ্ধে মাঝারি মাত্রার কুরুচিপূর্ণ মন্তব্য নির্দেশ করে।,rule-contextual,False,pending,
21705,বাপে আওয়ামীলীগ করে পোলার সেই পাওয়ার,Abusive,Individual,Little to None,"মন্তব্যটিতে ""লীগ"" এর মতো আক্রমণাত্মক ও গালিগালাজমূলক ভাষা ব্যবহার করা হয়েছে। এটি একটি নির্দিষ্ট ব্যক্তির বিরুদ্ধে মৃদু বা গৌণ মাত্রার বক্তব্য।",rule-contextual,False,pending,
4704,ভারতকে হারাবে বাংলাদেশবাংলাদেশ কি দিনেরবেলাতেও স্বপ্ন দেখেআজব পাগলের দেশরে বাবাশোনেও হাঁসি পাচ্ছে,Abusive,Society,Little to None,"মন্তব্যটিতে ""পাগল"" এর মতো আক্রমণাত্মক ভাষা ব্যবহার করে সমাজ বা জাতিকে লক্ষ্য করা হয়েছে। এটি মৃদু বা গৌণ মাত্রার গালিগালাজমূলক বক্তব্য।",rule-contextual,False,pending,
14921,মানুষের জীবন আপার পেটিকোটে আপা এটাই চাচ্ছেমানবাধিকার লঙ্ঘন বলতে যে কিছউ আছে তা বাংলাদেশে থাকলে বুঝা যায় নাএগুলা কি জাতিসংঘ বা অন্যান্য সংস্থা দেখে নাছি বাংলাদেশ,Abusive,Society,Little to None,এই বক্তব্যে ব্যবহৃত ভাষা ও দৃষ্টিভঙ্গি সামগ্রিকভাবে সমাজ বা জাতির বিরুদ্ধে মৃদু বা গৌণ মাত্রার গালিগালাজমূলক মন্তব্য প্রকাশ করে।,rule-contextual,False,pending,
32061,ঋণ দেবে জাপান ঋণ পরিশোধ করবে জনগণ আর সুবিধা ভোগ করবে ভারত বাংলাদেশের স্বাধীনতা ও সার্বভৌমত্বের উপর চরম আঘাত,Political Hate,,Little to None,এই মন্তব্যে রাজনৈতিক প্রেক্ষাপটে সাধারণভাবে মৃদু বা গৌণ মাত্রার বিদ্বেষ ও ঘৃণা প্রকাশ করা হয়েছে।,rule-contextual,False,pending,
2406,আর্মি এভিয়েশনে কিভাবে জয়েন করে,,,Little to None,"এই মন্তব্যে কোনো ঘৃণামূলক, আক্রমণাত্মক বা বৈষম্যমূলক ভাষা নেই, তাই এটি স্বাভাবিক মন্তব্য হিসেবে শ্রেণিবদ্ধ।",rule-based,False,pending,
14245,আমার যাওয়ার সময় হলো দাও বিদায়,,,Little to None,"মন্তব্যটিতে কোনো নির্দিষ্ট ব্যক্তি, গোষ্ঠী বা সম্প্রদায়ের বিরুদ্ধে ঘৃণা বা বিদ্বেষ প্রকাশ পায়নি।",rule-based,False,pending,
28386,কিভাবে দেশের একজন প্রদান মন্ত্রী এভাবে মিথ্যা কথা বলতে পারে,Abusive,Individual,Mild,"এই মন্তব্যের ভাষা ও সুর আক্রমণাত্মক এবং অবমাননাকর, যা একটি নির্দিষ্ট ব্যক্তির বিরুদ্ধে মাঝারি মাত্রার গালিগালাজমূলক বক্তব্য হিসেবে চিহ্নিত।",rule-contextual,False,pending,
6880,কম বা বেশি হোক টাকা চুরি হবে কেন বিশ্বে তারা দেশের নাম উজ্জ্বল করেছে তার বিপরীতে এটা কি ঠিক হলো যে বা যারা এ কাজ করেছে তাদের মুখও দেশের মানুষের সামনে তুলে ধরা হোক,Abusive,Organization,Little to None,মন্তব্যটির সামগ্রিক সুর ও ভাষা একটি সংগঠন বা প্রতিষ্ঠানের বিরুদ্ধে মৃদু বা গৌণ মাত্রার আক্রমণাত্মক বক্তব্য নির্দেশ করে।,rule-contextual,False,pending,
4244,ভিখারির বাচ্ছা রা খাই তো কুকুরের মাংস তারা খেলবে ফুটবল কাংলাদেশের নোংরা পাবলিক,Abusive,Community,Severe,"এই বক্তব্যে নির্দিষ্ট সম্প্রদায় বা গোষ্ঠীকে প্রতি ""নোংরা"" এর মতো আপত্তিকর শব্দচয়ন এটিকে তীব্র ও গুরুতর মাত্রার আক্রমণাত্মক মন্তব্য হিসেবে শ্রেণিবদ্ধ করে।",rule-contextual,False,pending,
8994,পাখির মত গুলি করে প্যালেসটিনিয়ানদের হত্যা করছে তারপরও মানবাধিকার সংস্থা গুলো ইসরাইলকে কিছু বলে না মানবাধিকার সংস্থা গুলো শুধু বাংলাদেশেই মানবাধিকার নিয়ে সোচ্চার,Political Hate,Organization,Little to None,মন্তব্যটি রাজনৈতিক ব্যক্তি বা দলের প্রতি একটি সংগঠন বা প্রতিষ্ঠানের বিরুদ্ধে মৃদু বা গৌণ মাত্রার ঘৃণামূলক দৃষ্টিভঙ্গি প্রকাশ করে।,rule-contextual,False,pending,
19130,দুর্নীতিবাজ ও উগ্র সন্ত্রাসী আওয়ামী লীগ ১০ ডিসেম্বর সমাবেশ উপলক্ষে ঢাকায় আগত বিএনপির কর্মীদের ওপর গুরুতর আঘাত হানতে পারে তাই প্রত্যেককে জীবন রক্ষাকারী সরঞ্জাম সাথে নিয়ে আসা উচিত,Political Hate,Organization,Severe,"মন্তব্যকারী ""আওয়ামী"", ""বিএনপি"", ""লীগ"" এর প্রসঙ্গে নির্দিষ্ট সংগঠন বা প্রতিষ্ঠানকে সম্পর্কে তীব্র ও গুরুতর মাত্রার রাজনৈতিক বিদ্বেষ ও ঘৃণা প্রকাশ করেছেন।",rule-contextual,False,pending,
8482,এই বর্তমান আওয়ামীলীগ সরকার ইসলাম কে খুব একটা গুরুত্ব দেয়না এটা তার কার্যকলাপের উপরই প্রমাণিত হয় যেটা বাংলাদেশের সংখ্যাগরিষ্ঠ মুসলমানদের জন্য কলঙ্কজনক,Political Hate,Organization,Mild,"এই মন্তব্যে ""সরকার"", ""লীগ"" সম্পর্কিত রাজনৈতিক ঘৃণা প্রকাশ পেয়েছে যেখানে নির্দিষ্ট সংগঠন বা প্রতিষ্ঠানকে আক্রমণের লক্ষ্যবস্তু। তীব্রতা মাঝারি মাত্রার।",rule-contextual,False,pending,
21198,বিশ্বের অযোগ্য ও কম ক্ষমতাধর নেতা জো বাইডেন,Abusive,Individual,Mild,"মন্তব্যটিতে ""অযোগ্য"" এর মতো আক্রমণাত্মক ভাষা ব্যবহার করে নির্দিষ্ট ব্যক্তিকে লক্ষ্য করা হয়েছে। এটি মাঝারি মাত্রার গালিগালাজমূলক বক্তব্য।",rule-contextual,False,pending,
27043,গমরুল মাদারী মাদারী চ্যানেলে মাফিয়া সংবাদ,Abusive,Individual,Severe,মন্তব্যটিতে একটি নির্দিষ্ট ব্যক্তির বিরুদ্ধে তীব্র ও গুরুতর মাত্রার অশ্লীল শব্দচয়ন ও কুরুচিপূর্ণ ভাষা ব্যবহার করা হয়েছে।,rule-contextual,False,pending,
19552,সব যায়গায় রাজনীতি টানবেই এরা,Political Hate,Society,Mild,রাজনৈতিক বিষয়ে সামগ্রিকভাবে সমাজ বা জাতির বিরুদ্ধে মাঝারি মাত্রার বিদ্বেষপূর্ণ মনোভাব এই মন্তব্যে স্পষ্ট।,rule-contextual,False,pending,
22750,বাকি আছে রিকশা আলা জজ আলুর কেজি ৬০ ডিমের হালি ৬০,,,Little to None,"এই মন্তব্যে কোনো আপত্তিকর, অশ্লীল বা ঘৃণাজনক বিষয়বস্তু নেই এবং এটি স্বাভাবিক আলোচনার অংশ।",rule-based,False,pending,
2422,নুর জাহানশাহজাহান অনেক অনেক অপকর্মের সাক্ষী,Abusive,Individual,Little to None,এই বক্তব্যে ব্যবহৃত ভাষা ও দৃষ্টিভঙ্গি একটি নির্দিষ্ট ব্যক্তির বিরুদ্ধে মৃদু বা গৌণ মাত্রার গালিগালাজমূলক মন্তব্য প্রকাশ করে।,rule-contextual,False,pending,
20780,শিরক হচ্ছে নাতো,Abusive,,Little to None,এই বক্তব্যে ব্যবহৃত ভাষা ও দৃষ্টিভঙ্গি সাধারণভাবে মৃদু বা গৌণ মাত্রার গালিগালাজমূলক মন্তব্য প্রকাশ করে।,rule-contextual,False,pending,
33531,দেশের টেক্স টাকা দিয়ে ভোগবিলাস আনন্দ উৎসব করে ন খাওয়া জন্য গরীব মানুষ আত্মহত্যা করে দেশের জনগণ মাছ মাংস দলের কথা ডাল ভাত খেতে পারেনা,Abusive,Organization,Mild,"এই মন্তব্যের ভাষা ও সুর আক্রমণাত্মক এবং অবমাননাকর, যা একটি সংগঠন বা প্রতিষ্ঠানের বিরুদ্ধে মাঝারি মাত্রার গালিগালাজমূলক বক্তব্য হিসেবে চিহ্নিত।",rule-contextual,False,pending,
354,আমরা কিছু ভয় করি না আমাদের আছে হাসু আপা আরো আছে কুত্তালীগ,Political Hate,Individual,Severe,"নির্দিষ্ট ব্যক্তিকে বিরুদ্ধে ""লীগ"", ""কুত্তা"" এর মতো রাজনৈতিক বিদ্বেষমূলক শব্দ ব্যবহার করা হয়েছে। এটি তীব্র ও গুরুতর মাত্রার রাজনৈতিক ঘৃণা প্রকাশ করে।",rule-contextual,False,pending,
24872,জনগনকে বোকা বানিয়ে বেশি দূর আগাতে পারবেন না,Abusive,Organization,Little to None,"মন্তব্যকারী ""বোকা"" ব্যবহার করে নির্দিষ্ট সংগঠন বা প্রতিষ্ঠানকে আক্রমণ করেছেন। ভাষার তীব্রতা মৃদু বা গৌণ মাত্রার বলে প্রতীয়মান।",rule-contextual,False,pending,
12787,রাম ছাগল হাসলে ভুগলবিরু,,,Little to None,এটি একটি নিরপেক্ষ মন্তব্য যেখানে কাউকে লক্ষ্য করে কোনো অবমাননাকর বা বৈষম্যমূলক ভাষা ব্যবহার করা হয়নি।,rule-based,False,pending,
17641,আরে ভাই গার্লস স্কুলের সিকিউরিটি মহিলা কে যদি ম্যাডাম বলতে হয় সেখানে ইনি তো ডাক্তার ম্যাডাম বলাই বাহুল্য,Gender Hate,Individual,Mild,"এই মন্তব্যে ""মহিলা"" সম্পর্কিত লিঙ্গভিত্তিক বৈষম্য প্রকাশ পেয়েছে যেখানে নির্দিষ্ট ব্যক্তিকে আক্রমণের লক্ষ্যবস্তু। তীব্রতা মাঝারি মাত্রার।",rule-contextual,False,pending,
33872,তাদের পরীক্ষা দেওয়ার ব্যবস্থা করা হলো খুব ভালো হতো,,,Little to None,"এই মন্তব্যে কোনো আপত্তিকর, অশ্লীল বা ঘৃণাজনক বিষয়বস্তু নেই এবং এটি স্বাভাবিক আলোচনার অংশ।",rule-based,False,pending,
5363,সময় চ্যানেলের দৃষ্টি আকর্ষণ করছি বঙ্গবন্ধু বানানটি সংশোধন করুন,,,Little to None,"মন্তব্যটিতে কোনো নির্দিষ্ট ব্যক্তি, গোষ্ঠী বা সম্প্রদায়ের বিরুদ্ধে ঘৃণা বা বিদ্বেষ প্রকাশ পায়নি।",rule-based,False,pending,
24200,ভাই ভুজা ভালো বেশি ভুজা ভালো না অন্যায় করে কেউ কোনদিন শান্তি পায় নাই,,,Little to None,"মন্তব্যটিতে কোনো গালিগালাজ, বিদ্বেষ বা আপত্তিকর বিষয়বস্তু পাওয়া যায়নি বলে এটি নিরপেক্ষ মন্তব্য।",rule-based,False,pending,
13820,বাংলাদেশ একটা ব্যার্থ ক্রিকেট টিম বিশ্বদরবারে প্রোতিযোগীতা করার কোন প্লেয়াড় নেই বলার নেই ব্যাটম্যান নেই বাংলাদেশ গত ২৫বছর আগের অবস্থানে আছে এখনো বাংলাদেশ ক্রিকেটবোর্ডের কোন চমক নেই সফলতা নেই বাংলাদেশ বরাবরই প্রতিপক্ষের দূভাগ্যের সুযোগ নিতেমুখিয়ে থাকে বাংলাদেশ প্রতিপক্ষ যেদিন খারাপ খেলে সে দিন ভালো খেলে পাপন্দা হাসিনার মতন রাজতন্ত্র বানিয়ে ক্রিকেটবোর্ড টাকে শুধু চুষে খাচ্ছে,Abusive,Community,Mild,"এই মন্তব্যে ""খারাপ"" শব্দ ব্যবহার করে নির্দিষ্ট সম্প্রদায় বা গোষ্ঠীকে অবমাননা করা হয়েছে, যা মাঝারি মাত্রার আক্রমণাত্মক ভাষা নির্দেশ করে।",rule-contextual,False,pending,
17534,শ্রমিকদের উচিত কাজ না করে গারর্মেন্স এ চাকরি করা,,,Little to None,"এই মন্তব্যে কোনো আপত্তিকর, অশ্লীল বা ঘৃণাজনক বিষয়বস্তু নেই এবং এটি স্বাভাবিক আলোচনার অংশ।",rule-based,False,pending,
21338,দিপু মনির মুখে একটু মাল খিচে দিতে চায়,Gender Hate,Individual,Mild,এই বক্তব্যে লিঙ্গ বৈষম্যমূলক ভাষা ব্যবহার করে একটি নির্দিষ্ট ব্যক্তির বিরুদ্ধে মাঝারি মাত্রার যৌনতাবাদী মনোভাব প্রকাশ করা হয়েছে।,rule-contextual,False,pending,
18206,আমি যে টয়লেটে হাগু দেই সেটা মনে হয় হাসিনার মুখের থেকেও পবিত্র,Abusive,Individual,Severe,"মন্তব্যটিতে ""হাসিনা"" এর মতো আক্রমণাত্মক ও গালিগালাজমূলক ভাষা ব্যবহার করা হয়েছে। এটি একটি নির্দিষ্ট ব্যক্তির বিরুদ্ধে তীব্র ও গুরুতর মাত্রার বক্তব্য।",rule-contextual,False,pending,
34085,ত্রান নিয়ে যান রোহিংগাদের জন্য এইবার ঠেলা সামলান,Abusive,,Little to None,মন্তব্যটির সামগ্রিক সুর ও ভাষা সাধারণভাবে মৃদু বা গৌণ মাত্রার আক্রমণাত্মক বক্তব্য নির্দেশ করে।,rule-contextual,False,pending,
17657,সব ব্যাংকতো খাওয়া শেষ গ্রামীণটা রেখে লাভ কি,Abusive,,Severe,"এই মন্তব্যের ভাষা ও সুর আক্রমণাত্মক এবং অবমাননাকর, যা সাধারণভাবে তীব্র ও গুরুতর মাত্রার গালিগালাজমূলক বক্তব্য হিসেবে চিহ্নিত।",rule-contextual,False,pending,
19711,চোরে দেশে বিনিয়োগ করলে ওদেরই ক্ষতি,Abusive,Society,Severe,"এই মন্তব্যে ""চোর"" শব্দ ব্যবহার করে সমাজ বা জাতিকে অবমাননা করা হয়েছে, যা তীব্র ও গুরুতর মাত্রার আক্রমণাত্মক ভাষা নির্দেশ করে।",rule-contextual,False,pending,
21402,আগে ভারতীয় সন্ত্রাসী লীগ কে সামলা প্রতিনিয়ত সিমান্তে মানুষ হত্যা করছে,Political Hate,Organization,Severe,"নির্দিষ্ট সংগঠন বা প্রতিষ্ঠানকে বিরুদ্ধে ""লীগ"" এর মতো রাজনৈতিক বিদ্বেষমূলক শব্দ ব্যবহার করা হয়েছে। এটি তীব্র ও গুরুতর মাত্রার রাজনৈতিক ঘৃণা প্রকাশ করে।",rule-contextual,False,pending,
19794,আমার ইন্টার পরিক্ষার সময় দাদুর লাশ রেখে যেতে হয়েছিলো,,,Little to None,"এই মন্তব্যে কোনো ঘৃণামূলক, আক্রমণাত্মক বা বৈষম্যমূলক ভাষা নেই, তাই এটি স্বাভাবিক মন্তব্য হিসেবে শ্রেণিবদ্ধ।",rule-based,False,pending,
26811,বাংলাদেশ এমন একটা দেশসারা বিশ্ব যদি দৌড়ায় পশ্চিম দিকে বাংলাদেশ দৌড় মারে তার উল্টো দিকে মানে পূর্ব দিকে জয় হোক বাংলার গরু ছাগলের,Abusive,Society,Mild,"এই মন্তব্যের ভাষা ও সুর আক্রমণাত্মক এবং অবমাননাকর, যা সামগ্রিকভাবে সমাজ বা জাতির বিরুদ্ধে মাঝারি মাত্রার গালিগালাজমূলক বক্তব্য হিসেবে চিহ্নিত।",rule-contextual,False,pending,
31208,১০০ ভুয়া ডাক্তার আর নয় তো ডাক্তারের অবহেলার কারণে মারা গেছেসারাদেশে অহরহর এই ধরনের ঘটনা ঘটছেএদেরকে কঠিন শাস্তির দেয়া হোক,,,Little to None,"এই মন্তব্যে কোনো ঘৃণামূলক, আক্রমণাত্মক বা বৈষম্যমূলক ভাষা নেই, তাই এটি স্বাভাবিক মন্তব্য হিসেবে শ্রেণিবদ্ধ।",rule-based,False,pending,
34620,বাংলাদেশ কুকুর লীগ,Political Hate,Organization,Mild,"রাজনৈতিক প্রেক্ষাপটে ""লীগ"" ব্যবহার করে নির্দিষ্ট সংগঠন বা প্রতিষ্ঠানকে প্রতি বিদ্বেষ প্রকাশ এই মন্তব্যকে মাঝারি মাত্রার রাজনৈতিক ঘৃণামূলক বক্তব্য করে তোলে।",rule-contextual,False,pending,
35328,একটা ইসলাম অন্ধ মুসলিম কে ঢুকিয়ে দিলে বাচ্চার বন্যা বইয়ে দেবে,Religious Hate,,Mild,"মন্তব্যটিতে ""মুসলিম"", ""ইসলাম"" উল্লেখ করে ধর্মীয় বিদ্বেষ প্রকাশ করা হয়েছে। লক্ষ্য করে এটি মাঝারি মাত্রার সাম্প্রদায়িক ঘৃণামূলক বক্তব্য।",rule-contextual,False,pending,
5810,ইনশাআল্লাহ স্বৈরাচারের পতন অনিবার্য,,,Little to None,এই বাক্যে কোনো ঘৃণামূলক শব্দ বা আক্রমণাত্মক প্রকাশ নেই এবং এটি সাধারণ মতামত প্রকাশ করে।,rule-based,False,pending,
808,তাহাজ্জুদি নেত্রীর দল করা,Political Hate,Organization,Little to None,এই মন্তব্যে রাজনৈতিক প্রেক্ষাপটে একটি সংগঠন বা প্রতিষ্ঠানের বিরুদ্ধে মৃদু বা গৌণ মাত্রার বিদ্বেষ ও ঘৃণা প্রকাশ করা হয়েছে।,rule-contextual,False,pending,
35391,মিতু হত্যার মুল নায়ক বনজ কুমার এবং সময় টিভির রিপোর্টার দান্ডির বাচ্ছা কমল দে এই দুইজনকে গ্রেপ্তার করে এই আলোচিত হত্যাকান্ডের মুল রহস্য উদঘাঠন করা জরুরী,Abusive,Individual,Severe,মন্তব্যটিতে একটি নির্দিষ্ট ব্যক্তির বিরুদ্ধে তীব্র ও গুরুতর মাত্রার অশ্লীল শব্দচয়ন ও কুরুচিপূর্ণ ভাষা ব্যবহার করা হয়েছে।,rule-contextual,False,pending,
889,তার সাথে যা ঘটল এটা তারই কৃতি কর্মের ফল,,,Little to None,"মন্তব্যটিতে কোনো গালিগালাজ, বিদ্বেষ বা আপত্তিকর বিষয়বস্তু পাওয়া যায়নি বলে এটি নিরপেক্ষ মন্তব্য।",rule-based,False,pending,
29205,তাহলে বুঝা যাচ্ছে রাশিয়া থেকে বিশ্বযুদ্ধ ইঙ্গির দিচ্ছে এটা কিন্তু ভালো খবর নয়,Abusive,Society,Severe,মন্তব্যটির সামগ্রিক সুর ও ভাষা সামগ্রিকভাবে সমাজ বা জাতির বিরুদ্ধে তীব্র ও গুরুতর মাত্রার আক্রমণাত্মক বক্তব্য নির্দেশ করে।,rule-contextual,False,pending,
34044,বছর পর সরকারি বেতন বাড়ে তারপর ওদের নানা ধরনের অজুহাত ওরা এটা বাড়ছে জ্বালানি তেলের দাম বাড়ছে বলতেছে কিন্তু সাধারন জনগন খাবে কি নিত্য পণ্যের দাম যে পরিমাণ বেড়ে গেছে মানুষ তো না খেয়ে মারা যাবে,,,Little to None,"মন্তব্যটিতে কোনো নির্দিষ্ট ব্যক্তি, গোষ্ঠী বা সম্প্রদায়ের বিরুদ্ধে ঘৃণা বা বিদ্বেষ প্রকাশ পায়নি।",rule-based,False,pending,
7242,তদের এই স্বভাবের জন্যই জীবনেও আর ক্ষমতায় আসতে পারবি না শালারা জঘন্যতমত মানুষ,Abusive,Community,Severe,"এই মন্তব্যে ""শালা"", ""জঘন্য"" শব্দ ব্যবহার করে নির্দিষ্ট সম্প্রদায় বা গোষ্ঠীকে অবমাননা করা হয়েছে, যা তীব্র ও গুরুতর মাত্রার আক্রমণাত্মক ভাষা নির্দেশ করে।",rule-contextual,False,pending,
23119,বর্তমান ইউরোপ আমেরিকা ইরানের বিরুদ্ধে চুপ কেনতা হলে তাদের স্বার্থে কি ইরানের সাথে সাথে সম্পর্কে করতে চাই মনে হচ্ছে ইরান এখন থেকে আর ইউরোপ আমেরিকার সত্রু থাকবেনা,Political Hate,Society,Mild,মন্তব্যটি রাজনৈতিক ব্যক্তি বা দলের প্রতি সামগ্রিকভাবে সমাজ বা জাতির বিরুদ্ধে মাঝারি মাত্রার ঘৃণামূলক দৃষ্টিভঙ্গি প্রকাশ করে।,rule-contextual,False,pending,
8574,নতুন বছরের প্রথম দিনেই এটি একটি সুসংবাদ,,,Little to None,"মন্তব্যটিতে কোনো গালিগালাজ, বিদ্বেষ বা আপত্তিকর বিষয়বস্তু পাওয়া যায়নি বলে এটি নিরপেক্ষ মন্তব্য।",rule-based,False,pending,
14875,চুরি করা সব টাকা,Abusive,Individual,Mild,"এই মন্তব্যের ভাষা ও সুর আক্রমণাত্মক এবং অবমাননাকর, যা একটি নির্দিষ্ট ব্যক্তির বিরুদ্ধে মাঝারি মাত্রার গালিগালাজমূলক বক্তব্য হিসেবে চিহ্নিত।",rule-contextual,False,pending,
16711,জালিমরা যত অত্যাচার করবে মুসলিমদের ঘুরে দাঁড়ানোর সম্ভবনা ততো বেশি,,,Little to None,"এই মন্তব্যে কোনো ঘৃণামূলক, আক্রমণাত্মক বা বৈষম্যমূলক ভাষা নেই, তাই এটি স্বাভাবিক মন্তব্য হিসেবে শ্রেণিবদ্ধ।",rule-based,False,pending,
10357,এটা না আমাদের সৎ এমপি মাশরাফি বিন মুর্তজা ভাইয়ার এলাকা,,,Little to None,"মন্তব্যটিতে কোনো গালিগালাজ, বিদ্বেষ বা আপত্তিকর বিষয়বস্তু পাওয়া যায়নি বলে এটি নিরপেক্ষ মন্তব্য।",rule-based,False,pending,
5814,চ্যানেলের সমস্যা কোথায়,,,Little to None,এটি একটি নিরপেক্ষ মন্তব্য যেখানে কাউকে লক্ষ্য করে কোনো অবমাননাকর বা বৈষম্যমূলক ভাষা ব্যবহার করা হয়নি।,rule-based,False,pending,
12765,সব জায়গায় সিন্ডিকেটশালার এই সিন্ডিকেট একদিন বাংলাদেশ কে শেষ করে দিবে যদি এই সিন্ডিকেট বন্ধ করা না হয়,Abusive,Organization,Mild,"মন্তব্যকারী ""শালা"", ""বন্ধ"" ব্যবহার করে নির্দিষ্ট সংগঠন বা প্রতিষ্ঠানকে আক্রমণ করেছেন। ভাষার তীব্রতা মাঝারি মাত্রার বলে প্রতীয়মান।",rule-contextual,False,pending,
13208,ভিশা করতে আনেক জটিল সমসা হছে তায় সরকার উচিত জেনো তা তারি কি করতে,,,Little to None,"মন্তব্যটিতে কোনো গালিগালাজ, বিদ্বেষ বা আপত্তিকর বিষয়বস্তু পাওয়া যায়নি বলে এটি নিরপেক্ষ মন্তব্য।",rule-based,False,pending,
23487,বাইডেন আসলে পলিটিশিয়ান,Political Hate,Individual,Severe,এই মন্তব্যে রাজনৈতিক প্রেক্ষাপটে একটি নির্দিষ্ট ব্যক্তির বিরুদ্ধে তীব্র ও গুরুতর মাত্রার বিদ্বেষ ও ঘৃণা প্রকাশ করা হয়েছে।,rule-contextual,False,pending,
15623,ইসরায়েল একটা যারোজ দেশ,Abusive,Society,Severe,এই বক্তব্যে ব্যবহৃত অশ্লীল ভাষা সামগ্রিকভাবে সমাজ বা জাতির বিরুদ্ধে তীব্র ও গুরুতর মাত্রার কুরুচিপূর্ণ মন্তব্য নির্দেশ করে।,rule-contextual,False,pending,
30902,বিসিবির উচিত সাকিবকে শুরু থেকে আইপিএল খেলায় দেওয়া উচিত,,,Little to None,এই বাক্যে কোনো ঘৃণামূলক শব্দ বা আক্রমণাত্মক প্রকাশ নেই এবং এটি সাধারণ মতামত প্রকাশ করে।,rule-based,False,pending,
20275,আপনিতো বোর্ডচরের সরকার আমাদের ভোটটা চুরি করে বেলট বাক্স ভড়েন,Political Hate,Individual,Mild,"মন্তব্যটিতে ""সরকার"", ""ভোট"" উল্লেখ করে রাজনৈতিক বিদ্বেষ প্রকাশ করা হয়েছে। নির্দিষ্ট ব্যক্তিকে লক্ষ্য করে এই মাঝারি মাত্রার রাজনৈতিক ঘৃণামূলক বক্তব্য।",rule-contextual,False,pending,
7268,হায়রে মনুষ খালি নিজের জন্য যুদ্ধ করলি চারিদিকে দেখ উন্নয়ন ছাদে উঠে এসেছে নিজে বাঁচলে বাপের নাম তোমাদের মনের পরিচয় পেলামএরকম মন নিয়ে যুদ্ধ করলে আজকে স্বাধীন হইতেন না,Abusive,Community,Little to None,এই বক্তব্যে ব্যবহৃত ভাষা ও দৃষ্টিভঙ্গি একটি সম্প্রদায় বা গোষ্ঠীর বিরুদ্ধে মৃদু বা গৌণ মাত্রার গালিগালাজমূলক মন্তব্য প্রকাশ করে।,rule-contextual,False,pending,
4389,আল্লাহ রছতে সবাই সময় টিভি সয়কট করেন কারন সময় টিভি জনগণের হয়ে কাজ করে না লীগের হয়ে কাজ করে,Abusive,Organization,Mild,"মন্তব্যটিতে ""লীগ"" এর মতো আক্রমণাত্মক ও গালিগালাজমূলক ভাষা ব্যবহার করা হয়েছে। এটি একটি সংগঠন বা প্রতিষ্ঠানের বিরুদ্ধে মাঝারি মাত্রার বক্তব্য।",rule-contextual,False,pending,
16951,রাজনৈতি মুক্ত ক্রিকেট চাই,,,Little to None,এই বাক্যে কোনো ঘৃণামূলক শব্দ বা আক্রমণাত্মক প্রকাশ নেই এবং এটি সাধারণ মতামত প্রকাশ করে।,rule-based,False,pending,
210,আজকে তারিখ কত,,,Little to None,"মন্তব্যটিতে কোনো নির্দিষ্ট ব্যক্তি, গোষ্ঠী বা সম্প্রদায়ের বিরুদ্ধে ঘৃণা বা বিদ্বেষ প্রকাশ পায়নি।",rule-based,False,pending,
8884,নির্বাচনে কে জানি ভোট দিয়েছে,,,Little to None,"এই মন্তব্যে কোনো ঘৃণামূলক, আক্রমণাত্মক বা বৈষম্যমূলক ভাষা নেই, তাই এটি স্বাভাবিক মন্তব্য হিসেবে শ্রেণিবদ্ধ।",rule-based,False,pending,
18601,বাশের জন্য প্রস্তুত হও,Abusive,Individual,Mild,মন্তব্যটির সামগ্রিক সুর ও ভাষা একটি নির্দিষ্ট ব্যক্তির বিরুদ্ধে মাঝারি মাত্রার আক্রমণাত্মক বক্তব্য নির্দেশ করে।,rule-contextual,False,pending,
25587,খাদ্য ঘাটতি হবে না শালার পুতেরা কৃষকের সব জমি বালু দিয়া ভরাট করে ফেলতেছে কয়দিন পরে গু খাইছ সালারা,Abusive,Society,Severe,"মন্তব্যটিতে ""বাল"", ""শালা"", ""গু"" এর মতো অশ্লীল ও কুরুচিপূর্ণ ভাষা ব্যবহার করে সমাজ বা জাতিকে আক্রমণ করা হয়েছে। এটি তীব্র ও গুরুতর মাত্রার অশ্লীল বক্তব্য।",rule-contextual,False,pending,
1064,হিন্দু ছাড়া সাক্ষাৎকারের জন্য আর কাউকে খুঁজে পেলা না হালার প্রতিবন্ধী সাংবাদিক,Abusive,Individual,Severe,"মন্তব্যটিতে ""হিন্দু"", ""হালা"" এর মতো আক্রমণাত্মক ও গালিগালাজমূলক ভাষা ব্যবহার করা হয়েছে। এটি একটি নির্দিষ্ট ব্যক্তির বিরুদ্ধে তীব্র ও গুরুতর মাত্রার বক্তব্য।",rule-contextual,False,pending,
33716,এই জাতীয় সম্পদ রক্ষায় যখন বাংলাদেশের জেলেদের কে মাছ ধরতে নিষেধ করা হয় ঠিক তখনই ভারতের জেলেদের কে স্বাগত জানানো হয়,Abusive,Society,Severe,"এই মন্তব্যের ভাষা ও সুর আক্রমণাত্মক এবং অবমাননাকর, যা সামগ্রিকভাবে সমাজ বা জাতির বিরুদ্ধে তীব্র ও গুরুতর মাত্রার গালিগালাজমূলক বক্তব্য হিসেবে চিহ্নিত।",rule-contextual,False,pending,
21392,সুন্দরী মডেলদের সাথে শান্ত মিরাজ নয় বলেন শান্ত মিরাজদের সাথে মডেল করতে এসেছেন কিছু সুন্দরী মেয়েরাসত্যি তাদের ভাগ্য টা অনেক ভালো,,,Little to None,এটি একটি নিরপেক্ষ মন্তব্য যেখানে কাউকে লক্ষ্য করে কোনো অবমাননাকর বা বৈষম্যমূলক ভাষা ব্যবহার করা হয়নি।,rule-based,False,pending,
25303,ব্যাকগ্রাউন্ডে চমলক্কো মিউজিক লাগাইছে একটু ভয় দেখানোর জন্য,Abusive,,Little to None,এই বক্তব্যে ব্যবহৃত ভাষা ও দৃষ্টিভঙ্গি সাধারণভাবে মৃদু বা গৌণ মাত্রার গালিগালাজমূলক মন্তব্য প্রকাশ করে।,rule-contextual,False,pending,
25251,যেকোনো কিছু ত্যাগ করতে প্রস্তুত থাকুন কিন্তু আপনি সেরা হওয়ার জন্য কোনো কিছুই বাদ দিবেন না,,,Little to None,এটি একটি নিরপেক্ষ মন্তব্য যেখানে কাউকে লক্ষ্য করে কোনো অবমাননাকর বা বৈষম্যমূলক ভাষা ব্যবহার করা হয়নি।,rule-based,False,pending,
7019,এই ভারতীয়রাই আবার সবাইকেই কট্টরপন্থী বলে কটাক্ষ করে,Abusive,Society,Mild,মন্তব্যটির সামগ্রিক সুর ও ভাষা সামগ্রিকভাবে সমাজ বা জাতির বিরুদ্ধে মাঝারি মাত্রার আক্রমণাত্মক বক্তব্য নির্দেশ করে।,rule-contextual,False,pending,
1300,সত্যের সন্ধানে নিপাত যাক নিপাত যাক ফাঁসীর পরে তদন্ত এর হোতা জংগীশাহী রাতের আঁধারে কাপুরুষের মতো খমতা দখলকারী স্বঘোষিত রাষ্ট্রপতি জিয়ার অন্ধ সমর্থকদের হৈচৈ পুরোটাই অসাড়ের তর্জন গর্জন এরা আমড়া কাঠের ঢেঁকি কাগুজে বাঘ কুয়ার ব্যঙ অল্প পানির মাছ তমসার নিষছিদ্র অন্ধকারে নিমজ্জিত ঠান্ডা মাথার খুনি জিয়ার সরিসৃপ নেতা কর্মীরা নিপাত যাক নিপাত যাক জাতীয়তাবাদী গুনডা দল ঠান্ডা মাথার খুৃনী জিয়া নিপাত যাক নিপাত যাক ঘোষেটি বেগম খালেদা নিপাত যাক নিপাত যাক খাম্বা তারেক নিপাত যাক নিপাত যাক ছিন্ন মস্তা চন্ডী রণদা সর্বনাশী অগ্নীদেবী লেডী হিটলার খালেদা খানডব দাহনরুপী তান্ডবের প্রতিভূ রাজাকারের তল্পিবাহক খালেদা নিপাত যাক নিপাত যাক গ্রেনেড ফিরআউন নিপাত যাক নিপাত যাক,Political Hate,,Mild,"রাজনৈতিক প্রেক্ষাপটে ""খালেদা"", ""রাষ্ট্রপতি"", ""দল"" ব্যবহার করে প্রতি বিদ্বেষ প্রকাশ এই মন্তব্যকে মাঝারি মাত্রার রাজনৈতিক ঘৃণামূলক বক্তব্য করে তোলে।",rule-contextual,False,pending,
27293,আমার চুলকানি আপনার পাগলা মলম কোথায় পাবো,,,Little to None,এটি একটি নিরপেক্ষ মন্তব্য যেখানে কাউকে লক্ষ্য করে কোনো অবমাননাকর বা বৈষম্যমূলক ভাষা ব্যবহার করা হয়নি।,rule-based,False,pending,
15997,ভোটের অধিকার ফিরে চাই,,,Little to None,"এই মন্তব্যে কোনো ঘৃণামূলক, আক্রমণাত্মক বা বৈষম্যমূলক ভাষা নেই, তাই এটি স্বাভাবিক মন্তব্য হিসেবে শ্রেণিবদ্ধ।",rule-based,False,pending,
20115,এগিয়ে যাও পুতিন নানা ইহুদি মেরে কমাও,Religious Hate,Community,Severe,মন্তব্যটি ধর্মীয় বিষয়ে একটি সম্প্রদায় বা গোষ্ঠীর বিরুদ্ধে তীব্র ও গুরুতর মাত্রার ঘৃণামূলক দৃষ্টিভঙ্গি প্রকাশ করে।,rule-contextual,False,pending,
17713,এদের হাত কেটে দেওয়া উচিত এইসব বিষয়গুলোতে রাষ্ট্রীয় আইন জারি করা প্রয়োজন,Abusive,Community,Severe,এই বক্তব্যে ব্যবহৃত ভাষা ও দৃষ্টিভঙ্গি একটি সম্প্রদায় বা গোষ্ঠীর বিরুদ্ধে তীব্র ও গুরুতর মাত্রার গালিগালাজমূলক মন্তব্য প্রকাশ করে।,rule-contextual,False,pending,
22842,সারাজীবনই বৈষম্যর শিকার হতে হবে বাংলাদেশ কে,Political Hate,,Little to None,মন্তব্যটি রাজনৈতিক ব্যক্তি বা দলের প্রতি সাধারণভাবে মৃদু বা গৌণ মাত্রার ঘৃণামূলক দৃষ্টিভঙ্গি প্রকাশ করে।,rule-contextual,False,pending,
32618,কারা কারা সময় লীগ বর্জনের পক্ষ দেখি তো একটু,Political Hate,Organization,Mild,"রাজনৈতিক প্রেক্ষাপটে ""লীগ"" ব্যবহার করে নির্দিষ্ট সংগঠন বা প্রতিষ্ঠানকে প্রতি বিদ্বেষ প্রকাশ এই মন্তব্যকে মাঝারি মাত্রার রাজনৈতিক ঘৃণামূলক বক্তব্য করে তোলে।",rule-contextual,False,pending,
13135,এই বেস্সার বেটাদের কথা আর শোনার ধয্য নাই,,,Little to None,এই বাক্যে কোনো ঘৃণামূলক শব্দ বা আক্রমণাত্মক প্রকাশ নেই এবং এটি সাধারণ মতামত প্রকাশ করে।,rule-based,False,pending,
15465,এ দেশের সকল রাজনীতিবিদ চোর,Political Hate,Community,Mild,"এই মন্তব্যে ""রাজনীতি"", ""চোর"" সম্পর্কিত রাজনৈতিক ঘৃণা প্রকাশ পেয়েছে যেখানে নির্দিষ্ট সম্প্রদায় বা গোষ্ঠীকে আক্রমণের লক্ষ্যবস্তু। তীব্রতা মাঝারি মাত্রার।",rule-contextual,False,pending,
12920,পৃথিবীর সবকিছু তো বানর থেকেই আসছে রে বোকাচো,Abusive,Individual,Severe,"নির্দিষ্ট ব্যক্তিকে উদ্দেশ্যে ""বোকা"" এর মতো চরম অশ্লীল ভাষা প্রয়োগ এই মন্তব্যকে তীব্র ও গুরুতর মাত্রার অশ্লীল বক্তব্য হিসেবে শ্রেণিবদ্ধ করে।",rule-contextual,False,pending,
979,পুলিশের উপর খুব দ্রুত আল্লাহর গজব নামুক আমি সেই দোয়া করি,Abusive,,Mild,"এই মন্তব্যের ভাষা ও সুর আক্রমণাত্মক এবং অবমাননাকর, যা সাধারণভাবে মাঝারি মাত্রার গালিগালাজমূলক বক্তব্য হিসেবে চিহ্নিত।",rule-contextual,False,pending,
10932,মুসলমানদের সাথে আল্লাহর রহমত আছে,,,Little to None,মন্তব্যকারী সাধারণ বিষয়ে মতামত দিয়েছেন এবং কোনো ঘৃণামূলক বক্তব্য প্রকাশ করেননি।,rule-based,False,pending,
9718,আমাদের ও ত মা বোন আছে এগুলা নাকি বাঙালি নারী কতগুলা নটি মারা গেছেসমাজ কিছুটা পাপ মুক্ত হল,Abusive,Community,Severe,"মন্তব্যটিতে ""মারা"" এর মতো আক্রমণাত্মক ভাষা ব্যবহার করে নির্দিষ্ট সম্প্রদায় বা গোষ্ঠীকে লক্ষ্য করা হয়েছে। এটি তীব্র ও গুরুতর মাত্রার গালিগালাজমূলক বক্তব্য।",rule-contextual,False,pending,
13908,কাদের কাকু তুমি সালাম দিলানা কেন,,,Little to None,"মন্তব্যটিতে কোনো নির্দিষ্ট ব্যক্তি, গোষ্ঠী বা সম্প্রদায়ের বিরুদ্ধে ঘৃণা বা বিদ্বেষ প্রকাশ পায়নি।",rule-based,False,pending,
1642,আমরা চাই রোহিঙ্গাদের নিজ বাস ভূমি ফিরিয়ে দেওয়া হোক,Abusive,Community,Little to None,মন্তব্যটির সামগ্রিক সুর ও ভাষা একটি সম্প্রদায় বা গোষ্ঠীর বিরুদ্ধে মৃদু বা গৌণ মাত্রার আক্রমণাত্মক বক্তব্য নির্দেশ করে।,rule-contextual,False,pending,
4409,পৃথিবীতে রাজাকার মীরজাফর অনেক নাম শুনেছি যারা তৃণমূলে যোগ দেবে তারা পৃথিবীর সবচাইতে নিকৃষ্ট রাজাকার মীরজাফর হবে,Political Hate,Community,Mild,"রাজনৈতিক প্রেক্ষাপটে ""রাজাকার"" ব্যবহার করে নির্দিষ্ট সম্প্রদায় বা গোষ্ঠীকে প্রতি বিদ্বেষ প্রকাশ এই মন্তব্যকে মাঝারি মাত্রার রাজনৈতিক ঘৃণামূলক বক্তব্য করে তোলে।",rule-contextual,False,pending,
7686,যুবরাজের ফুঁকো আওয়াজে আমরা বিরক্ত বিশ্ব মুসলিম যখন ইসরায়েলের নাম মুছে দিতে চাইছে যুবরাজ তখন সীমানা নির্ধারণের কথা বলছেন এতেই ওদের দ্বিচারিতা পরিষ্কার ওদের উদাসীনতায় আমরা মর্মাহত আমাদের কাছে এখন মুসলমান শুধু ইরান লেবানন সিরিয়া আর হামাসের মতো সক্রিয় সংগঠন গুলি,Abusive,Individual,Little to None,"মন্তব্যটিতে ""মুসলিম"", ""হামাস"" এর মতো আক্রমণাত্মক ও গালিগালাজমূলক ভাষা ব্যবহার করা হয়েছে। এটি একটি নির্দিষ্ট ব্যক্তির বিরুদ্ধে মৃদু বা গৌণ মাত্রার বক্তব্য।",rule-contextual,False,pending,
22747,তুর মারে চোদি খানকির পোলা তুকে পাইলে কুত্তার মতো রাস্তার মধ্যে ফেলে পিটিয়ে মারবে জন গন,Abusive,Individual,Severe,"মন্তব্যটিতে ""কুত্তা"", ""খানকি"", ""কুত্তার"" এর মতো অশ্লীল ও কুরুচিপূর্ণ ভাষা ব্যবহার করে নির্দিষ্ট ব্যক্তিকে আক্রমণ করা হয়েছে। এটি তীব্র ও গুরুতর মাত্রার অশ্লীল বক্তব্য।",rule-contextual,False,pending,
6736,জে দেশ মহিলা ফুটবলারদের ১০ হাজার টাকা বেতন দিতে পারে না হামজার মতো ফুটবলারদের বেতন কোথায় থেকে দিবে,,,Little to None,মন্তব্যকারী সাধারণ বিষয়ে মতামত দিয়েছেন এবং কোনো ঘৃণামূলক বক্তব্য প্রকাশ করেননি।,rule-based,False,pending,
31496,জঘন্য দানব হাতিকে নিয়ন্ত্রণ করার জন্য কর্তৃপক্ষের গাফিলতির কারণে মারা যাচ্ছে হাতি বেহুশ করার ইনজেকশন পুশ করার ব্যবস্থা করা হোক,Abusive,Organization,Mild,"মন্তব্যটিতে ""জঘন্য"", ""মারা"" এর মতো আক্রমণাত্মক ভাষা ব্যবহার করে নির্দিষ্ট সংগঠন বা প্রতিষ্ঠানকে লক্ষ্য করা হয়েছে। এটি মাঝারি মাত্রার গালিগালাজমূলক বক্তব্য।",rule-contextual,False,pending,
4717,বাংলাদেশের মুসলিম গুলো দেখছে আর লুচির মত ফুলছে,Religious Hate,Community,Little to None,"ধর্মীয় প্রেক্ষাপটে ""মুসলিম"" ব্যবহার করে নির্দিষ্ট সম্প্রদায় বা গোষ্ঠীকে প্রতি সাম্প্রদায়িক বিদ্বেষ প্রকাশ এটিকে মৃদু বা গৌণ মাত্রার ধর্মীয় ঘৃণামূলক বক্তব্য হিসেবে চিহ্নিত করে।",rule-contextual,False,pending,
22540,অভ্যন্তরীণ রাজনীতি যেদিন শেষ হবে সেদিন থেকে বাংলাদেশ দলের আরো উন্নতি হবে তবে সবার আগে পাপন হাতুরুকে সরাতে হবে,Political Hate,Individual,Mild,এই মন্তব্যে রাজনৈতিক প্রেক্ষাপটে একটি নির্দিষ্ট ব্যক্তির বিরুদ্ধে মাঝারি মাত্রার বিদ্বেষ ও ঘৃণা প্রকাশ করা হয়েছে।,rule-contextual,False,pending,
18673,ধুর বেটা না জেনে কথা বলা ঠিক নয়,Abusive,Individual,Severe,"এই মন্তব্যের ভাষা ও সুর আক্রমণাত্মক এবং অবমাননাকর, যা একটি নির্দিষ্ট ব্যক্তির বিরুদ্ধে তীব্র ও গুরুতর মাত্রার গালিগালাজমূলক বক্তব্য হিসেবে চিহ্নিত।",rule-contextual,False,pending,
2666,এই গদাদের খেলা দেখে বড় হয়েছি আর এখন এই গদার ক্রিকেটের অভিভাবক আকরামের পেট আজও কমলো না,Abusive,Community,Little to None,এই বক্তব্যে ব্যবহৃত ভাষা ও দৃষ্টিভঙ্গি একটি সম্প্রদায় বা গোষ্ঠীর বিরুদ্ধে মৃদু বা গৌণ মাত্রার গালিগালাজমূলক মন্তব্য প্রকাশ করে।,rule-contextual,False,pending,
4896,মাদারচোদ সময় টিভি চ্যানেল,Abusive,Organization,Severe,এই বক্তব্যে ব্যবহৃত অশ্লীল ভাষা একটি সংগঠন বা প্রতিষ্ঠানের বিরুদ্ধে তীব্র ও গুরুতর মাত্রার কুরুচিপূর্ণ মন্তব্য নির্দেশ করে।,rule-contextual,False,pending,
30491,এরা মনে হয়ে এদের বাবার টাকা দিয়ে বাজেট করে,Abusive,Organization,Mild,এই বক্তব্যে ব্যবহৃত ভাষা ও দৃষ্টিভঙ্গি একটি সংগঠন বা প্রতিষ্ঠানের বিরুদ্ধে মাঝারি মাত্রার গালিগালাজমূলক মন্তব্য প্রকাশ করে।,rule-contextual,False,pending,
33005,এরা হলো নাক কাটা,Abusive,Community,Little to None,মন্তব্যটির সামগ্রিক সুর ও ভাষা একটি সম্প্রদায় বা গোষ্ঠীর বিরুদ্ধে মৃদু বা গৌণ মাত্রার আক্রমণাত্মক বক্তব্য নির্দেশ করে।,rule-contextual,False,pending,
3832,শাকিব একটা সাওয়ার পিলিয়ার,Abusive,Individual,Severe,এই বক্তব্যে ব্যবহৃত অশ্লীল ভাষা একটি নির্দিষ্ট ব্যক্তির বিরুদ্ধে তীব্র ও গুরুতর মাত্রার কুরুচিপূর্ণ মন্তব্য নির্দেশ করে।,rule-contextual,False,pending,
1751,দোয়া ব্যতীত ভাগ্য পরিবর্তন হয় না সুবহানাল্লাহ,,,Little to None,এই বাক্যে কোনো ঘৃণামূলক শব্দ বা আক্রমণাত্মক প্রকাশ নেই এবং এটি সাধারণ মতামত প্রকাশ করে।,rule-based,False,pending,
10104,আমরা স্বাধীন তাহলে ১৮ সালের নির্বাচনের আগে ২৪ ডিসেম্বর আমি থেকে ব্যাংকে যাওয়ার পাথে আমাকে র তকমা লাগিয়ে আমাকে কেন গ্রেফতার করা হয় প্রচন্ড শীতের রাতে ছেড়ে দেয় এটাই কি স্বাধীনতা,Political Hate,Organization,Mild,"নির্দিষ্ট সংগঠন বা প্রতিষ্ঠানকে বিরুদ্ধে ""নির্বাচন"" এর মতো রাজনৈতিক বিদ্বেষমূলক শব্দ ব্যবহার করা হয়েছে। এটি মাঝারি মাত্রার রাজনৈতিক ঘৃণা প্রকাশ করে।",rule-contextual,False,pending,
21660,যথাযথ কর্তৃপক্ষের দৃষ্টি আকর্ষণ করছি,,,Little to None,এই বাক্যে কোনো ঘৃণামূলক শব্দ বা আক্রমণাত্মক প্রকাশ নেই এবং এটি সাধারণ মতামত প্রকাশ করে।,rule-based,False,pending,
9152,পানি প্রাণের উৎসঃ সুবাহানআল্লাহ,,,Little to None,মন্তব্যটি সাধারণ মতামত প্রকাশ করে এবং এতে কোনো ঘৃণা বা সহিংসতামূলক উপাদান নেই।,rule-based,False,pending,
15925,আমেরিকা যখন হাজার হাজার টন বোমা ফেলে তখন কোথায় ছিল বিশ মানবতাবাদী মানুষ গুলা,Political Hate,Organization,Little to None,রাজনৈতিক বিষয়ে একটি সংগঠন বা প্রতিষ্ঠানের বিরুদ্ধে মৃদু বা গৌণ মাত্রার বিদ্বেষপূর্ণ মনোভাব এই মন্তব্যে স্পষ্ট।,rule-contextual,False,pending,
19818,আল্লাহ্ তুমি দয়া কর,,,Little to None,এই বাক্যে কোনো ঘৃণামূলক শব্দ বা আক্রমণাত্মক প্রকাশ নেই এবং এটি সাধারণ মতামত প্রকাশ করে।,rule-based,False,pending,
20306,মানুষ বর্তমানে আওয়ামী লীগ কে এতটাই ঘৃণা করেযতটা তারা তাদের মলমুত্র কে ঘৃণা করেআমি এখানে মানুষের কথা বলেছিমানুষ রুপি জানোয়ারর কথা নয়,Political Hate,Organization,Mild,"মন্তব্যটিতে ""লীগ"" উল্লেখ করে রাজনৈতিক বিদ্বেষ প্রকাশ করা হয়েছে। নির্দিষ্ট সংগঠন বা প্রতিষ্ঠানকে লক্ষ্য করে এই মাঝারি মাত্রার রাজনৈতিক ঘৃণামূলক বক্তব্য।",rule-contextual,False,pending,
28592,জামাতকে বাদ দিয়ে রাজপথের আন্দোলন অতিতেও সফল হয়নি ভবিষ্যতেও হবে না বামেরা এবারো ১৮ মতো বিএনপিকে ডোবানোর প্ল্যান করেছে গতবার তো কামালের মাধ্যমে ডুবিয়েছে এবার কাকে বিএনপি নেতা বানায় সেইটা দেখার অপেক্ষায় আছি,Political Hate,Organization,Mild,"নির্দিষ্ট সংগঠন বা প্রতিষ্ঠানকে বিরুদ্ধে ""বিএনপি"", ""জামাত"", ""আন্দোলন"" এর মতো রাজনৈতিক বিদ্বেষমূলক শব্দ ব্যবহার করা হয়েছে। এটি মাঝারি মাত্রার রাজনৈতিক ঘৃণা প্রকাশ করে।",rule-contextual,False,pending,
21260,মিথ্যা প্রচার করেন কেন মাননীয় প্রধানমন্ত্রী অবশ্যই যুক্তরাষ্ট্র সফর করছেন না তিনি বিশ্বব্যাংক হেড কোয়ার্টার সফর করছেন,Abusive,Individual,Little to None,মন্তব্যটির সামগ্রিক সুর ও ভাষা একটি নির্দিষ্ট ব্যক্তির বিরুদ্ধে মৃদু বা গৌণ মাত্রার আক্রমণাত্মক বক্তব্য নির্দেশ করে।,rule-contextual,False,pending,
7133,শহীদ প্রেসিডেন্ট কথাটায় আমার ঘোরতর আপত্তি আছে তিনি তো কোন ধর্ম যুদ্ধে মারা যান নি তাহলে তিনি শহীদ হলেন কি করে তিনি খুন হয়েছিলেন তাই নিহত কথাটা সঠিক হবার কথা শেখ মুজিবুর রহমান সাহেবের বিষয়েও আমার একি মততিনিও নিহতকারা শহীদ তার অবশ্যই একটা ডেফিনেশন আছে,Political Hate,Individual,Severe,"রাজনৈতিক প্রেক্ষাপটে ""মুজিব"", ""প্রেসিডেন্ট"", ""মারা"" ব্যবহার করে নির্দিষ্ট ব্যক্তিকে প্রতি বিদ্বেষ প্রকাশ এই মন্তব্যকে তীব্র ও গুরুতর মাত্রার রাজনৈতিক ঘৃণামূলক বক্তব্য করে তোলে।",rule-contextual,False,pending,
32752,পশ্চিমারা সব নষ্টের মূল,Political Hate,Society,Mild,"এই মন্তব্যে ""নষ্ট"", ""মারা"" সম্পর্কিত রাজনৈতিক ঘৃণা প্রকাশ পেয়েছে যেখানে সমাজ বা জাতিকে আক্রমণের লক্ষ্যবস্তু। তীব্রতা মাঝারি মাত্রার।",rule-contextual,False,pending,
22952,দেশটাকে সবাই মিলে ধর্ষণ করতেছে,Abusive,Society,Mild,"মন্তব্যটিতে ""ধর্ষণ"" এর মতো আক্রমণাত্মক ও গালিগালাজমূলক ভাষা ব্যবহার করা হয়েছে। এটি সামগ্রিকভাবে সমাজ বা জাতির বিরুদ্ধে মাঝারি মাত্রার বক্তব্য।",rule-contextual,False,pending,
30859,বাঘ এর চোখ গুলো লাল হলে আরোভালো লাগতো,,,Little to None,"মন্তব্যটিতে কোনো গালিগালাজ, বিদ্বেষ বা আপত্তিকর বিষয়বস্তু পাওয়া যায়নি বলে এটি নিরপেক্ষ মন্তব্য।",rule-based,False,pending,
20006,মনে হয় সময় টেলিভিশন কে নগদের কাছে বিক্রি হয়ে গেছে,,,Little to None,"মন্তব্যটিতে কোনো গালিগালাজ, বিদ্বেষ বা আপত্তিকর বিষয়বস্তু পাওয়া যায়নি বলে এটি নিরপেক্ষ মন্তব্য।",rule-based,False,pending,
19691,সরকারি কর্মকর্তারা যে পলিথিন ফ্যাক্টরি থেকে প্রতিনিয়ত মাল খায় তাই ওদের কাছে যায় না,Abusive,Organization,Mild,"মন্তব্যটিতে ""সরকার"" এর মতো আক্রমণাত্মক ও গালিগালাজমূলক ভাষা ব্যবহার করা হয়েছে। এটি একটি সংগঠন বা প্রতিষ্ঠানের বিরুদ্ধে মাঝারি মাত্রার বক্তব্য।",rule-contextual,False,pending,
25885,পুলিশ লীগ আগুন ধরিয়ে দিয়েছে,Political Hate,Organization,Severe,"নির্দিষ্ট সংগঠন বা প্রতিষ্ঠানকে বিরুদ্ধে ""লীগ"", ""পুলিশ"" এর মতো রাজনৈতিক বিদ্বেষমূলক শব্দ ব্যবহার করা হয়েছে। এটি তীব্র ও গুরুতর মাত্রার রাজনৈতিক ঘৃণা প্রকাশ করে।",rule-contextual,False,pending,
11594,বাহ নিউজ এজেন্সি নাকি দালালি এজেন্সি এইসব নিউজ চ্যানেল দেখে মানুষ বিভ্রান্ত হয় এরা হলো অসত্য প্রকাশ ও প্রচারের কারিগর এদের লজ্জা নেই,Abusive,Organization,Severe,"এই বক্তব্যে নির্দিষ্ট সংগঠন বা প্রতিষ্ঠানকে প্রতি ""লজ্জা"", ""দালাল"" এর মতো আপত্তিকর শব্দচয়ন এটিকে তীব্র ও গুরুতর মাত্রার আক্রমণাত্মক মন্তব্য হিসেবে শ্রেণিবদ্ধ করে।",rule-contextual,False,pending,
21788,বাংলাদেশের প্রত্যেকটা থানায় সাব রেজিস্টার নামের দানব গুলি পুরো দেশটাকে লুটেপুটে খাচ্ছে প্রত্যেকটা রেজিস্টার এর সম্পদের হিসাব মিলে বোঝা যাবে তারা কত বড় মাপের চোর হিসাব নেওয়ার তো কেউ নেই মেরুদণ্ডহীন দুদক তাদের দুর্নীতি শেষ হয় না তারা দেশের দুর্নীতি কি দূর করবে,Political Hate,,Severe,"মন্তব্যটিতে ""দুর্নীতি"", ""চোর"", ""দুর্নীতি"" উল্লেখ করে রাজনৈতিক বিদ্বেষ প্রকাশ করা হয়েছে। লক্ষ্য করে এই তীব্র ও গুরুতর মাত্রার রাজনৈতিক ঘৃণামূলক বক্তব্য।",rule-contextual,False,pending,
910,যুক্তরাষ্ট্র ইরানের ভূখন্ডে হামলা চালালে ইরান হাইড্রোজেন বোমা দিয়ে নিউইয়র্ক শহর উড়িয়ে দিবে বিশ্বে শান্তি ফিরিয়ে আনার একটাই উপায় আমেরিকা বয়কট ডলার বয়কট,Political Hate,Society,Mild,রাজনৈতিক বিষয়ে সামগ্রিকভাবে সমাজ বা জাতির বিরুদ্ধে মাঝারি মাত্রার বিদ্বেষপূর্ণ মনোভাব এই মন্তব্যে স্পষ্ট।,rule-contextual,False,pending,
20397,বিএনপি তো জানোয়ার তাদেরকে আবার অনুরত করেন কেন,Abusive,Organization,Severe,"এই বক্তব্যে নির্দিষ্ট সংগঠন বা প্রতিষ্ঠানকে প্রতি ""বিএনপি"", ""জানোয়ার"" এর মতো অশ্লীল শব্দচয়ন এটিকে তীব্র ও গুরুতর মাত্রার কুরুচিপূর্ণ মন্তব্য হিসেবে চিহ্নিত করে।",rule-contextual,False,pending,
29711,ইসলামের শত্রুকেই তো নবেল দেওয়া হয়,Abusive,Community,Severe,"মন্তব্যটিতে ""ইসলাম"" এর মতো আক্রমণাত্মক ও গালিগালাজমূলক ভাষা ব্যবহার করা হয়েছে। এটি একটি সম্প্রদায় বা গোষ্ঠীর বিরুদ্ধে তীব্র ও গুরুতর মাত্রার বক্তব্য।",rule-contextual,False,pending,
15816,নৌকা তো ডুবাইছেই আবার ট্রলার থেকে সাতরানো মানুষ গুলারে পিটাইছে এটা কেমন বিচার,Abusive,Community,Little to None,মন্তব্যটির সামগ্রিক সুর ও ভাষা একটি সম্প্রদায় বা গোষ্ঠীর বিরুদ্ধে মৃদু বা গৌণ মাত্রার আক্রমণাত্মক বক্তব্য নির্দেশ করে।,rule-contextual,False,pending,
18377,ক্রিকেট বিশ্বে আমার সবচেয়ে পছন্দের প্লেয়ার,,,Little to None,"মন্তব্যটিতে কোনো গালিগালাজ, বিদ্বেষ বা আপত্তিকর বিষয়বস্তু পাওয়া যায়নি বলে এটি নিরপেক্ষ মন্তব্য।",rule-based,False,pending,
11483,আমাদের ভোটের অধিকার ফিরে দেন আজকে ৮ বছর হল ভোট দিতে পারতাছিনা আওয়ামী লীগ ক্ষমতায় থাকলে আর ভোট দেওয়া সম্ভব হবে না মনে হয়,Political Hate,Organization,Mild,"রাজনৈতিক প্রেক্ষাপটে ""আওয়ামী"", ""লীগ"", ""ভোট"" ব্যবহার করে নির্দিষ্ট সংগঠন বা প্রতিষ্ঠানকে প্রতি বিদ্বেষ প্রকাশ এই মন্তব্যকে মাঝারি মাত্রার রাজনৈতিক ঘৃণামূলক বক্তব্য করে তোলে।",rule-contextual,False,pending,
26837,দুর্নীতি এসব টাকা নিত্যপণ্যের দাম বৃদ্ধি করে জনগণের কাছ থেকে নেওয়া হবে দুর্নীতি একটি শিল্প পর্যায়ে চলে গেছে,Abusive,Society,Mild,"মন্তব্যকারী ""দুর্নীতি"" ব্যবহার করে সমাজ বা জাতিকে আক্রমণ করেছেন। ভাষার তীব্রতা মাঝারি মাত্রার বলে প্রতীয়মান।",rule-contextual,False,pending,
2902,পিবিয়াই কে বিশবাস করি না ওরা টাকা দিয়ে ঘুরাই দেই মাদারিচুদ রা,Abusive,Organization,Severe,মন্তব্যটিতে একটি সংগঠন বা প্রতিষ্ঠানের বিরুদ্ধে তীব্র ও গুরুতর মাত্রার অশ্লীল শব্দচয়ন ও কুরুচিপূর্ণ ভাষা ব্যবহার করা হয়েছে।,rule-contextual,False,pending,
25735,আল্লাহ তো জবান বন্ধ করে দে না কেন,Abusive,Individual,Mild,"এই মন্তব্যের ভাষা ও সুর আক্রমণাত্মক এবং অবমাননাকর, যা একটি নির্দিষ্ট ব্যক্তির বিরুদ্ধে মাঝারি মাত্রার গালিগালাজমূলক বক্তব্য হিসেবে চিহ্নিত।",rule-contextual,False,pending,
402,চুর দের হাতে বেড়িবাদের টাকা দিয়ে কৃষক দের ফসল নষ্ট করে নিজেদের খাদ্য নিজেরা উৎপাদন করা সম্ভব না,Abusive,Organization,Mild,"নির্দিষ্ট সংগঠন বা প্রতিষ্ঠানকে উদ্দেশ্যে ""নষ্ট"" এর মতো অবমাননাকর শব্দ ব্যবহার এই মন্তব্যকে মাঝারি মাত্রার গালিগালাজ হিসেবে চিহ্নিত করে।",rule-contextual,False,pending,
33223,তুই একটা পাগল ছাগল কুকুর জানোয়ার শয়তানের বংশধর,Abusive,Individual,Severe,"মন্তব্যকারী ""জানোয়ার"", ""পাগল"" ব্যবহার করে নির্দিষ্ট ব্যক্তিকে অশ্লীলভাবে আক্রমণ করেছেন। ভাষার মাত্রা তীব্র ও গুরুতর মাত্রার অশ্লীলতা নির্দেশ করে।",rule-contextual,False,pending,
5638,বিনা ভোটের জারজ,Political Hate,Organization,Severe,"মন্তব্যকারী ""ভোট"" এর প্রসঙ্গে নির্দিষ্ট সংগঠন বা প্রতিষ্ঠানকে সম্পর্কে তীব্র ও গুরুতর মাত্রার রাজনৈতিক বিদ্বেষ ও ঘৃণা প্রকাশ করেছেন।",rule-contextual,False,pending,
16983,ডেট এক্সপায়ার গ্যাস সিলিন্ডারে গাজীপুরের প্রতিটি গ্যাস স্টেশনে প্রতিদিন প্রচুর পরিমাণ গ্যাস দেওয়া হয় সিএনজি রিফুয়েলিং স্টেশন মালিকরা কোন নিয়ম নীতির তোয়াক্কা করে না,,,Little to None,এই বাক্যে কোনো ঘৃণামূলক শব্দ বা আক্রমণাত্মক প্রকাশ নেই এবং এটি সাধারণ মতামত প্রকাশ করে।,rule-based,False,pending,
10539,হে হে ইসলামিক দেশ বোরকা পরিহিতরা সবাই চোর,Religious Hate,Society,Mild,"সমাজ বা জাতিকে বিরুদ্ধে ""ইসলাম"", ""চোর"" এর মতো সাম্প্রদায়িক শব্দ ব্যবহার করা হয়েছে, যা মাঝারি মাত্রার ধর্মীয় বিদ্বেষ নির্দেশ করে।",rule-contextual,False,pending,
4938,বিজয় হোক বিএনপির,,,Little to None,এটি একটি নিরপেক্ষ মন্তব্য যেখানে কাউকে লক্ষ্য করে কোনো অবমাননাকর বা বৈষম্যমূলক ভাষা ব্যবহার করা হয়নি।,rule-based,False,pending,
29506,উনি অনেক ভালো কোচ এটা মানিকিন্তু আইসিসি নিজেই যেই নিয়ম করেছে তার বিরুদ্ধে কথা না বলে কেন তিনি সাকিবের দিকে আঙুল তুললেন কেন এটা আমার প্রশ্ন,Abusive,Individual,Mild,"এই মন্তব্যের ভাষা ও সুর আক্রমণাত্মক এবং অবমাননাকর, যা একটি নির্দিষ্ট ব্যক্তির বিরুদ্ধে মাঝারি মাত্রার গালিগালাজমূলক বক্তব্য হিসেবে চিহ্নিত।",rule-contextual,False,pending,
19657,মন চাচ্ছিলো জি এম কাদের কাকা কে বাজে ভাষায় গালি দেই,Abusive,Individual,Mild,"এই মন্তব্যে ""গালি"" শব্দ ব্যবহার করে নির্দিষ্ট ব্যক্তিকে অবমাননা করা হয়েছে, যা মাঝারি মাত্রার আক্রমণাত্মক ভাষা নির্দেশ করে।",rule-contextual,False,pending,
9895,কাউয়া কাদার ওবায়দুল কাদের আওয়ামী লীগের সাধারণ সম্পাদক কাউয়া কাদের তোর বাপ ছিল রাজাকার কাউয়া কাঁদার রাজাকারের বাচ্চা রাজাকার আওয়ামী লীগে মোট রাজাকারের ৮০ লোক রাজাকার,Abusive,Individual,Severe,"মন্তব্যটিতে ""রাজাকার"" এর মতো আক্রমণাত্মক ভাষা ব্যবহার করে নির্দিষ্ট ব্যক্তিকে লক্ষ্য করা হয়েছে। এটি তীব্র ও গুরুতর মাত্রার গালিগালাজমূলক বক্তব্য।",rule-contextual,False,pending,
34987,এতো সুন্দরভাবে মিথ্যা কথা বলার জন্য আপনাকে নোবেল দেওয়া উচিত,Abusive,Individual,Mild,এই বক্তব্যে ব্যবহৃত ভাষা ও দৃষ্টিভঙ্গি একটি নির্দিষ্ট ব্যক্তির বিরুদ্ধে মাঝারি মাত্রার গালিগালাজমূলক মন্তব্য প্রকাশ করে।,rule-contextual,False,pending,
31997,ধর্মপ্রাণ ফিলিস্তিনি মানুষের পক্ষে আমৃত্যু থাকবো আর ইসরায়েলের সাথে যোগসাজশ কারীদের ইসলামের শত্রু হিসেবে বিবেচনা করবো,,,Little to None,এই বাক্যে কোনো ঘৃণামূলক শব্দ বা আক্রমণাত্মক প্রকাশ নেই এবং এটি সাধারণ মতামত প্রকাশ করে।,rule-based,False,pending,
7090,আমরা সাধারণ মানুষ আমরা চাই দূর্নিতি দূর হোক আমরা তাতেই খুশি আপনিরা নতুনরা যদি দেশকে এগিয়ে নিয়ে যান পুরো জাতি মনে রাখবে আর যদি আপনিরাই দূর্নিতির হলি খেলায় মেতে উঠেন তাহলে পাবলিক আগেও যেভাবে গালি দিতো আজও সেভাবে দিবে আর যেদিন মারা যাবেন সেদিন আলহামদুল্লিলহ বলবে,,,Little to None,"এই মন্তব্যে কোনো ঘৃণামূলক, আক্রমণাত্মক বা বৈষম্যমূলক ভাষা নেই, তাই এটি স্বাভাবিক মন্তব্য হিসেবে শ্রেণিবদ্ধ।",rule-based,False,pending,
33271,তোর কাছে শিখতে যাবো মাগি কোধাকার ১২ বাতারি,Abusive,Individual,Severe,মন্তব্যটিতে একটি নির্দিষ্ট ব্যক্তির বিরুদ্ধে তীব্র ও গুরুতর মাত্রার অশ্লীল শব্দচয়ন ও কুরুচিপূর্ণ ভাষা ব্যবহার করা হয়েছে।,rule-contextual,False,pending,
2218,ভোলোডিমির জেলেনস্কির মত একজন কমেডিয়ানকে একটা দেশের দায়িত্ব দিলে দেশের পরিস্থিতি খারাপ হবে এটাই স্বাভাবিক,Abusive,Individual,Little to None,"এই বক্তব্যে নির্দিষ্ট ব্যক্তিকে প্রতি ""খারাপ"" এর মতো আপত্তিকর শব্দচয়ন এটিকে মৃদু বা গৌণ মাত্রার আক্রমণাত্মক মন্তব্য হিসেবে শ্রেণিবদ্ধ করে।",rule-contextual,False,pending,
29755,দেশ বড় সংকটেই পড়বে,,,Little to None,এটি একটি নিরপেক্ষ মন্তব্য যেখানে কাউকে লক্ষ্য করে কোনো অবমাননাকর বা বৈষম্যমূলক ভাষা ব্যবহার করা হয়নি।,rule-based,False,pending,
25814,যুক্তরাষ্টের কাজই হলো অন্যের চরকায় তেল দেয়া,Abusive,Society,Little to None,"এই মন্তব্যের ভাষা ও সুর আক্রমণাত্মক এবং অবমাননাকর, যা সামগ্রিকভাবে সমাজ বা জাতির বিরুদ্ধে মৃদু বা গৌণ মাত্রার গালিগালাজমূলক বক্তব্য হিসেবে চিহ্নিত।",rule-contextual,False,pending,
34056,তারা এখন ম্যাচ খেলার যোগ্যতা হারাইছে পাকিস্তান যাইতেছে তাদেরকে বাংলাদেশের পাঠায় দিলে আরো ভালো হবে,Abusive,Society,Little to None,"এই মন্তব্যের ভাষা ও সুর আক্রমণাত্মক এবং অবমাননাকর, যা সামগ্রিকভাবে সমাজ বা জাতির বিরুদ্ধে মৃদু বা গৌণ মাত্রার গালিগালাজমূলক বক্তব্য হিসেবে চিহ্নিত।",rule-contextual,False,pending,
27710,এসব সার চলে যাবে ভারতে,,,Little to None,"মন্তব্যটিতে কোনো গালিগালাজ, বিদ্বেষ বা আপত্তিকর বিষয়বস্তু পাওয়া যায়নি বলে এটি নিরপেক্ষ মন্তব্য।",rule-based,False,pending,
3165,নগদ কি এমন ব্যবসা যে সবাই কে গাড়ি দেওয়া হয় ফাজলামির একটা সিমা থাকা দরকার আর আমাদের কিছু বালের অভিনেতা আর অভিনেত্রী তাদের ভাড়া করে এডে জোগ দিয়ে কি নাটক টাই না করায় তাদের দিয়ে শালা এইটা হইলো বাংলাদেশ বাটপারি চিটারি ফান চুরি ডাকাতি সবকিছুতেই এক্সপার্ট,Abusive,Organization,Severe,"মন্তব্যটিতে ""বাল"", ""শালা"", ""শালা"" এর মতো অশ্লীল ও কুরুচিপূর্ণ ভাষা ব্যবহার করে নির্দিষ্ট সংগঠন বা প্রতিষ্ঠানকে আক্রমণ করা হয়েছে। এটি তীব্র ও গুরুতর মাত্রার অশ্লীল বক্তব্য।",rule-contextual,False,pending,
31074,বোকা বানাচ্ছে বিশ্বকে,Abusive,,Mild,"মন্তব্যকারী ""বোকা"" ব্যবহার করে আক্রমণ করেছেন। ভাষার তীব্রতা মাঝারি মাত্রার বলে প্রতীয়মান।",rule-contextual,False,pending,
17466,এটা মেয়ে ছেলেদের ডেরেজ পরে,Abusive,Individual,Little to None,"এই মন্তব্যের ভাষা ও সুর আক্রমণাত্মক এবং অবমাননাকর, যা একটি নির্দিষ্ট ব্যক্তির বিরুদ্ধে মৃদু বা গৌণ মাত্রার গালিগালাজমূলক বক্তব্য হিসেবে চিহ্নিত।",rule-contextual,False,pending,
3697,হারুন্নেয়া তরে বাগা দেওয়া হবে ইনশাআল্লাহ সময়ের অপেক্ষা,,,Little to None,এটি একটি নিরপেক্ষ মন্তব্য যেখানে কাউকে লক্ষ্য করে কোনো অবমাননাকর বা বৈষম্যমূলক ভাষা ব্যবহার করা হয়নি।,rule-based,False,pending,
35060,কি বলবো সামি স্ত্রীর বেপার দেশটার ধংস কইরা সামির বাড়ি জাইয়া পলাইবো,Abusive,Individual,Mild,"এই মন্তব্যের ভাষা ও সুর আক্রমণাত্মক এবং অবমাননাকর, যা একটি নির্দিষ্ট ব্যক্তির বিরুদ্ধে মাঝারি মাত্রার গালিগালাজমূলক বক্তব্য হিসেবে চিহ্নিত।",rule-contextual,False,pending,
9146,শেখ হাসিনা সরকার উন্নয়নের দরকার জারা আগুন সন্ত্রাস করে তারা ক্ষমতাই আসতে দেওয়া হবে না,Political Hate,Organization,Mild,"মন্তব্যটিতে ""সরকার"", ""হাসিনা"", ""ক্ষমতা"" উল্লেখ করে রাজনৈতিক বিদ্বেষ প্রকাশ করা হয়েছে। নির্দিষ্ট সংগঠন বা প্রতিষ্ঠানকে লক্ষ্য করে এই মাঝারি মাত্রার রাজনৈতিক ঘৃণামূলক বক্তব্য।",rule-contextual,False,pending,
17669,নিজের পায়ে নিজে কুড়াল মারা,Abusive,Individual,Little to None,"নির্দিষ্ট ব্যক্তিকে উদ্দেশ্যে ""মারা"" এর মতো অবমাননাকর শব্দ ব্যবহার এই মন্তব্যকে মৃদু বা গৌণ মাত্রার গালিগালাজ হিসেবে চিহ্নিত করে।",rule-contextual,False,pending,
534,আহারে মানুষ কি ভাব দেখাচ্ছেন রাজনীতিতে আপনারাও অনেক সময় সরকার হতে পারেননি মনে থাকা হয়তো প্রয়োজনপ্রতিটা মানুষের জীবনেই ভরাডুবি থাকেযে এটা মেনেবুঝে চলে সেই মানুষ নাহয় নামানুষ রুপি,Political Hate,Community,Little to None,"রাজনৈতিক প্রেক্ষাপটে ""সরকার"", ""রাজনীতি"" ব্যবহার করে নির্দিষ্ট সম্প্রদায় বা গোষ্ঠীকে প্রতি বিদ্বেষ প্রকাশ এই মন্তব্যকে মৃদু বা গৌণ মাত্রার রাজনৈতিক ঘৃণামূলক বক্তব্য করে তোলে।",rule-contextual,False,pending,
9518,এই সেই কমল দে কুত্তা কমল দে,Abusive,Individual,Severe,"মন্তব্যটিতে ""কুত্তা"", ""কুত্তা"" এর মতো অশ্লীল ও কুরুচিপূর্ণ ভাষা ব্যবহার করে নির্দিষ্ট ব্যক্তিকে আক্রমণ করা হয়েছে। এটি তীব্র ও গুরুতর মাত্রার অশ্লীল বক্তব্য।",rule-contextual,False,pending,
13025,বাইডেন এর তো বাপের ঠিক নাই ওরে দেখলেই মনে হয় ওর মুখে হাইগা দেই,Abusive,Individual,Mild,এই বক্তব্যে ব্যবহৃত অশ্লীল ভাষা একটি নির্দিষ্ট ব্যক্তির বিরুদ্ধে মাঝারি মাত্রার কুরুচিপূর্ণ মন্তব্য নির্দেশ করে।,rule-contextual,False,pending,
8584,এরা আসলে ওহাবী যারা তুরস্কের খেলাফতের বিরোধিতা করে ইংরেজ সহায়তার ক্ষমতার আসে,Abusive,Community,Little to None,"এই মন্তব্যের ভাষা ও সুর আক্রমণাত্মক এবং অবমাননাকর, যা একটি সম্প্রদায় বা গোষ্ঠীর বিরুদ্ধে মৃদু বা গৌণ মাত্রার গালিগালাজমূলক বক্তব্য হিসেবে চিহ্নিত।",rule-contextual,False,pending,
20649,হালারা ভিডিও দেখে নাখালি কয় আপনার উপ্সথাপনা সুন্দর,Abusive,Community,Severe,"মন্তব্যকারী ""হালা"" ব্যবহার করে নির্দিষ্ট সম্প্রদায় বা গোষ্ঠীকে অশ্লীলভাবে আক্রমণ করেছেন। ভাষার মাত্রা তীব্র ও গুরুতর মাত্রার অশ্লীলতা নির্দেশ করে।",rule-contextual,False,pending,
32512,এবার নৌকার খেলা শেষ হবে ইনশাআল্লাহ,Political Hate,Organization,Mild,রাজনৈতিক বিষয়ে একটি সংগঠন বা প্রতিষ্ঠানের বিরুদ্ধে মাঝারি মাত্রার বিদ্বেষপূর্ণ মনোভাব এই মন্তব্যে স্পষ্ট।,rule-contextual,False,pending,
14978,আল্লাহ আমাদের সকলকে কবুল করুন আমিন,,,Little to None,"এই মন্তব্যে কোনো ঘৃণামূলক, আক্রমণাত্মক বা বৈষম্যমূলক ভাষা নেই, তাই এটি স্বাভাবিক মন্তব্য হিসেবে শ্রেণিবদ্ধ।",rule-based,False,pending,
17363,কি জিবন মানুষেরহত্যা করলো একজনকে এখন তাদেরকে ফাঁসি দেয়া হবেসুন্দর জিবন ছেড়ে কেন যে মানুষ নোংরা কাজ গুলোআল্লাহ সবাইকে খারাপ কাজ থেকে দুরে রাখুন,,,Little to None,"মন্তব্যটিতে কোনো নির্দিষ্ট ব্যক্তি, গোষ্ঠী বা সম্প্রদায়ের বিরুদ্ধে ঘৃণা বা বিদ্বেষ প্রকাশ পায়নি।",rule-based,False,pending,
24204,আরে দুর কি লাভ রিপোর্ট করে এর কোনো সুরাহা হবে না সব শালারপুতেরা লোভী প্রতারক,Abusive,Individual,Severe,"এই বক্তব্যে নির্দিষ্ট ব্যক্তিকে প্রতি ""শালা"", ""শালা"", ""প্রতারক"" এর মতো অশ্লীল শব্দচয়ন এটিকে তীব্র ও গুরুতর মাত্রার কুরুচিপূর্ণ মন্তব্য হিসেবে চিহ্নিত করে।",rule-contextual,False,pending,
11839,আলহামদুলিল্লাহ তালেবান সরকার সঠিক সিদ্ধান্ত নিয়েছে,,,Little to None,"মন্তব্যটিতে কোনো গালিগালাজ, বিদ্বেষ বা আপত্তিকর বিষয়বস্তু পাওয়া যায়নি বলে এটি নিরপেক্ষ মন্তব্য।",rule-based,False,pending,
26480,বিএনপি দূর্নীতিতে চ্যাম্পিয়ন সেটাও টিআইবির রিপোর্ট ছিলো তাহলে এটারও আন্তর্জাতিক ভিত্তি নাই,Abusive,Organization,Mild,"এই বক্তব্যে নির্দিষ্ট সংগঠন বা প্রতিষ্ঠানকে প্রতি ""বিএনপি"", ""দূর্নীতিতে"" এর মতো আপত্তিকর শব্দচয়ন এটিকে মাঝারি মাত্রার আক্রমণাত্মক মন্তব্য হিসেবে শ্রেণিবদ্ধ করে।",rule-contextual,False,pending,
31198,সত্য কথা গোপন রাখা কঠিন সৌদি আরব শয়তান,Abusive,Society,Severe,মন্তব্যটির সামগ্রিক সুর ও ভাষা সামগ্রিকভাবে সমাজ বা জাতির বিরুদ্ধে তীব্র ও গুরুতর মাত্রার আক্রমণাত্মক বক্তব্য নির্দেশ করে।,rule-contextual,False,pending,
21126,মানে কি বলবো যাই হোক,,,Little to None,"এই মন্তব্যে কোনো আপত্তিকর, অশ্লীল বা ঘৃণাজনক বিষয়বস্তু নেই এবং এটি স্বাভাবিক আলোচনার অংশ।",rule-based,False,pending,
11698,কার উপর ভরসা করে ক্ষমতায় আসবেন আপনার ঘনিষ্ঠরাই তো আপনাকে ঠকালো,Abusive,Individual,Severe,এই বক্তব্যে ব্যবহৃত ভাষা ও দৃষ্টিভঙ্গি একটি নির্দিষ্ট ব্যক্তির বিরুদ্ধে তীব্র ও গুরুতর মাত্রার গালিগালাজমূলক মন্তব্য প্রকাশ করে।,rule-contextual,False,pending,
35051,আওয়ামীলীগের দালালি করেইতো সময় শেষ আর অন্য কিছুর চিন্তার সময় কই,Abusive,Organization,Mild,"মন্তব্যকারী ""দালাল"" ব্যবহার করে নির্দিষ্ট সংগঠন বা প্রতিষ্ঠানকে আক্রমণ করেছেন। ভাষার তীব্রতা মাঝারি মাত্রার বলে প্রতীয়মান।",rule-contextual,False,pending,
34086,আল্লাহ তায়ালা আমাদের সব মুসলমানদের পাঁচ ওয়াক্ত নামাজ পড়া তৌফিক দান করুন,,,Little to None,"মন্তব্যটিতে কোনো গালিগালাজ, বিদ্বেষ বা আপত্তিকর বিষয়বস্তু পাওয়া যায়নি বলে এটি নিরপেক্ষ মন্তব্য।",rule-based,False,pending,
29981,এটা বড় বড় আলু ব্যাবসায়ীরা করেছে যাতে করে কিছুদিন আলুর একক বানিজ্য করতে পারে কৃত্রিম সংকট দেখিয়ে,,,Little to None,মন্তব্যটি সাধারণ মতামত প্রকাশ করে এবং এতে কোনো ঘৃণা বা সহিংসতামূলক উপাদান নেই।,rule-based,False,pending,
21553,ওইখানে ছাত্রলীগ হেলমেট বাহিনী পাঠানো হোক,Political Hate,Organization,Mild,"মন্তব্যকারী ""লীগ"" এর প্রসঙ্গে নির্দিষ্ট সংগঠন বা প্রতিষ্ঠানকে সম্পর্কে মাঝারি মাত্রার রাজনৈতিক বিদ্বেষ ও ঘৃণা প্রকাশ করেছেন।",rule-contextual,False,pending,
18602,ইউক্যান রাশিয়ার যুদ্ধের প্রথম থেকে লক্ষনীয় বিষয় ইউক্রেনের প্রেসিডেন্টর বলা সিদ্ধান্ত বিশ্বের শক্তিধর রাষ্ট্রের প্রধানদের তা দ্রুত বাস্তবায়ন দেখে মনে হয় আগামী বিশ্বব্যবস্থা বর্তমান ইউ ক্যান প্রেসিডেন্টের নিয়ন্ত্রণে চলে আসবে,,,Little to None,মন্তব্যকারী সাধারণ বিষয়ে মতামত দিয়েছেন এবং কোনো ঘৃণামূলক বক্তব্য প্রকাশ করেননি।,rule-based,False,pending,
22564,হালাই একটা পাগল,Abusive,Individual,Little to None,"এই বক্তব্যে নির্দিষ্ট ব্যক্তিকে প্রতি ""হালা"", ""পাগল"" এর মতো অশ্লীল শব্দচয়ন এটিকে মৃদু বা গৌণ মাত্রার কুরুচিপূর্ণ মন্তব্য হিসেবে চিহ্নিত করে।",rule-contextual,False,pending,
11813,বাংলাদেশে এমন হবেনা বাংলাদেশের সরকার ঠিক নেই তাছাড়া শিক্ষামন্ত্রির নাতায় কাপর নেই আর এইদেশে কিভাবে হিজাবের আইন করবে,Religious Hate,Society,Mild,"মন্তব্যটিতে ""সরকার"" এর মতো ধর্মীয় বিদ্বেষমূলক ও সাম্প্রদায়িক ভাষা ব্যবহার করা হয়েছে। এটি সামগ্রিকভাবে সমাজ বা জাতির বিরুদ্ধে মাঝারি মাত্রার বক্তব্য।",rule-contextual,False,pending,
25235,এই পুরাতন খাদ্যমন্ত্রী কে পরিবর্তন করা উচিত ছিলো হয়তো সে নিজেই একজন সিন্ডিকেট প্রধান নতুন এমপিদের মধ্যে কাউকে খাদ্য মন্ত্রীর দায়িত্ব দেওয়ার দরকার ছিলো অবিলম্বে এই মন্ত্রিকে বাদ দিতে হবে,Abusive,Individual,Mild,"এই মন্তব্যের ভাষা ও সুর আক্রমণাত্মক এবং অবমাননাকর, যা একটি নির্দিষ্ট ব্যক্তির বিরুদ্ধে মাঝারি মাত্রার গালিগালাজমূলক বক্তব্য হিসেবে চিহ্নিত।",rule-contextual,False,pending,
13985,আরেক সয়তান হাজির বাংলাদেশ,Abusive,Individual,Mild,মন্তব্যটির সামগ্রিক সুর ও ভাষা একটি নির্দিষ্ট ব্যক্তির বিরুদ্ধে মাঝারি মাত্রার আক্রমণাত্মক বক্তব্য নির্দেশ করে।,rule-contextual,False,pending,
26654,আল্লাহর গজব পরুক কিছু অসাধু ব্যবসায়ীদের উপর ওরা বাংলাদেশ স্ট্রোক রেখে আমাদেরকে অনেক বোবায় আর বলে মাল শট,Abusive,Organization,Severe,মন্তব্যটির সামগ্রিক সুর ও ভাষা একটি সংগঠন বা প্রতিষ্ঠানের বিরুদ্ধে তীব্র ও গুরুতর মাত্রার আক্রমণাত্মক বক্তব্য নির্দেশ করে।,rule-contextual,False,pending,
10520,হেরেও লজ্জা হলোনা ভারতের,Abusive,Society,Mild,"এই বক্তব্যে সমাজ বা জাতিকে প্রতি ""লজ্জা"" এর মতো আপত্তিকর শব্দচয়ন এটিকে মাঝারি মাত্রার আক্রমণাত্মক মন্তব্য হিসেবে শ্রেণিবদ্ধ করে।",rule-contextual,False,pending,
29603,দুদকের আইনজীবী খুরশীসাহেব একজন মিথ্যা বাদি ডঃ ইউনুছ যাহা বলছে তাহা ঠিকই বলেছেন,Abusive,Individual,Little to None,এই বক্তব্যে ব্যবহৃত ভাষা ও দৃষ্টিভঙ্গি একটি নির্দিষ্ট ব্যক্তির বিরুদ্ধে মৃদু বা গৌণ মাত্রার গালিগালাজমূলক মন্তব্য প্রকাশ করে।,rule-contextual,False,pending,
16173,অবশ্যই গণতন্ত্র আছে কিন্তু আকার প্রকার টা ভিন্ন আর ভিন্ন তো হবেই কারণ আমাদের ন্যায় ডিজিটাল তো পৃথিবীর বুকে নেই,,,Little to None,"মন্তব্যটিতে কোনো গালিগালাজ, বিদ্বেষ বা আপত্তিকর বিষয়বস্তু পাওয়া যায়নি বলে এটি নিরপেক্ষ মন্তব্য।",rule-based,False,pending,
1000,কিমের ভয়তে আমেরিকা পালায়,Abusive,Society,Mild,মন্তব্যটির সামগ্রিক সুর ও ভাষা সামগ্রিকভাবে সমাজ বা জাতির বিরুদ্ধে মাঝারি মাত্রার আক্রমণাত্মক বক্তব্য নির্দেশ করে।,rule-contextual,False,pending,
13286,এসব ফালতু কথা মানুষ আগে শুনেছি কিন্তু এখন আর না আওয়ামী লীগের বিনোদন চলে না,Abusive,Organization,Mild,"মন্তব্যটিতে ""আওয়ামী"", ""লীগ"" এর মতো আক্রমণাত্মক ও গালিগালাজমূলক ভাষা ব্যবহার করা হয়েছে। এটি একটি সংগঠন বা প্রতিষ্ঠানের বিরুদ্ধে মাঝারি মাত্রার বক্তব্য।",rule-contextual,False,pending,
32417,ছাএ ওদের নামেতোআর কেচ দেওয়া জাইনা এই কারোনে ওরা এসব করতে পারে,Abusive,Community,Little to None,এই বক্তব্যে ব্যবহৃত ভাষা ও দৃষ্টিভঙ্গি একটি সম্প্রদায় বা গোষ্ঠীর বিরুদ্ধে মৃদু বা গৌণ মাত্রার গালিগালাজমূলক মন্তব্য প্রকাশ করে।,rule-contextual,False,pending,
19178,হেডলাইন দেখে বুঝতে পারছি আপনারা পশ্চিমাদের মুখের কথা কতটুকু মূল্যায়ন করেন তুমি না মারা যাওয়ার ২৪ ঘন্টার ভিতরে রাশিয়ার গোয়েন্দারা বলেছিল ট্রেনের গোয়েন্দারা তাকে হত্যা করেছে এটা আবার নতুন কি এখন নতুনত্ব পেয়েছে আমেরিকার গোয়েন্দারা বলাতে রাশিয়া যে বলেছিল তার কোন মূল্য ছিল না আপনাদের কাছে আপনাদের হেডলাইনে তাই বুঝা যায়,Abusive,Society,Little to None,"সমাজ বা জাতিকে উদ্দেশ্যে ""মারা"" এর মতো অবমাননাকর শব্দ ব্যবহার এই মন্তব্যকে মৃদু বা গৌণ মাত্রার গালিগালাজ হিসেবে চিহ্নিত করে।",rule-contextual,False,pending,
21352,সবাই জেন দেশের পতাকা নিয়ে মাঠে জায়,,,Little to None,"মন্তব্যটিতে কোনো গালিগালাজ, বিদ্বেষ বা আপত্তিকর বিষয়বস্তু পাওয়া যায়নি বলে এটি নিরপেক্ষ মন্তব্য।",rule-based,False,pending,
8544,ভারতীয় হারা আমারা খুশি,Abusive,Society,Little to None,"এই মন্তব্যে ""মারা"" শব্দ ব্যবহার করে সমাজ বা জাতিকে অবমাননা করা হয়েছে, যা মৃদু বা গৌণ মাত্রার আক্রমণাত্মক ভাষা নির্দেশ করে।",rule-contextual,False,pending,
13992,ওরা যেইখানে যায় ওইখানে চুরি করে রুমের ভিতর ওদের জন্য পেয়াজ তেল আলু রাখা যায়না সামনে যেইটা পায় ওইটা খাইয়া ফালায়,Abusive,Community,Little to None,মন্তব্যটির সামগ্রিক সুর ও ভাষা একটি সম্প্রদায় বা গোষ্ঠীর বিরুদ্ধে মৃদু বা গৌণ মাত্রার আক্রমণাত্মক বক্তব্য নির্দেশ করে।,rule-contextual,False,pending,
6681,চশমা পড়া ছেলেটার উপস্থাপন ভালো মানের,,,Little to None,মন্তব্যকারী সাধারণ বিষয়ে মতামত দিয়েছেন এবং কোনো ঘৃণামূলক বক্তব্য প্রকাশ করেননি।,rule-based,False,pending,
7161,সবচেয়ে বড় শয়তান হয়েছে আমেরিকা এবং আমেরিকার দোসর হয়েছে ইউরোপিয়ান ইউনিয়নের শয়তান গুলা প্যালেস্টাইনের জায়গা দখল করে এই শয়তান আমেরিকা ইসরাইলকে বসাইছেন যাতে আরবদের উপরে হুকুমাত করা যআয়,Political Hate,Society,Mild,রাজনৈতিক বিষয়ে সামগ্রিকভাবে সমাজ বা জাতির বিরুদ্ধে মাঝারি মাত্রার বিদ্বেষপূর্ণ মনোভাব এই মন্তব্যে স্পষ্ট।,rule-contextual,False,pending,
25079,এখন তাদের গালে গালে জুতার বারি মারা উচিত যারা নারী ফুটবল খেলার বিরুদ্ধ করেছিল যারা নারী শক্তি কে অন্ধকারে বন্দী রাখতে চাইছিলযারা নারীদের গনিমতের মাল হিসাবে বিবেচনা করতো,Abusive,Community,Severe,"মন্তব্যটিতে ""মারা"" এর মতো আক্রমণাত্মক ভাষা ব্যবহার করে নির্দিষ্ট সম্প্রদায় বা গোষ্ঠীকে লক্ষ্য করা হয়েছে। এটি তীব্র ও গুরুতর মাত্রার গালিগালাজমূলক বক্তব্য।",rule-contextual,False,pending,
27411,বর্তমানে বাংলাদেশের যে দুর্ভিক্ষা ঘটতেছে তার পিছে কার হাত আছে দয়া করে একটা তদন্ত কমিটি গঠন করেন,Abusive,,Mild,"এই মন্তব্যের ভাষা ও সুর আক্রমণাত্মক এবং অবমাননাকর, যা সাধারণভাবে মাঝারি মাত্রার গালিগালাজমূলক বক্তব্য হিসেবে চিহ্নিত।",rule-contextual,False,pending,
9680,আল্লাহ উনার কষ্ট সহ্য করতে পারে নাই তাই জান্নাতে নেওয়ার জন্য আল্লাহ উনাকে নিয়ে গেছে,,,Little to None,মন্তব্যকারী সাধারণ বিষয়ে মতামত দিয়েছেন এবং কোনো ঘৃণামূলক বক্তব্য প্রকাশ করেননি।,rule-based,False,pending,
8357,টানেলের নামে পাবলিকের টাকা লুটপাটের জন্য এটা বানানো হইছে মোহনায় টানেল পলি জমবে নাব্যতা হারাবে বড়ো জাহাজ ঢুকতে পারবে না আউটার থেকে ছোট জাহজে পণ্য পোর্টে আনতে হবে খরচ বাড়বে দাম বাড়বে তাছাড়া চট্টগ্রামের কোস্টাল এরিয়ায় সরকার যা যা করতেছে তা প্রাকৃতিক পরিবেশকে অনেক বড়ো ক্ষতির মুখে ফেলবে,Political Hate,,Mild,"এই মন্তব্যে ""সরকার"", ""লুটপাট"" সম্পর্কিত রাজনৈতিক ঘৃণা প্রকাশ পেয়েছে যেখানে প্রকাশিত। তীব্রতা মাঝারি মাত্রার।",rule-contextual,False,pending,
15954,আল্লাহ্ তুমি দয়া করো,,,Little to None,"এই মন্তব্যে কোনো আপত্তিকর, অশ্লীল বা ঘৃণাজনক বিষয়বস্তু নেই এবং এটি স্বাভাবিক আলোচনার অংশ।",rule-based,False,pending,
17994,বালের সফর দেশের হাছিনা মারা দিয়ে নিজের হীন প্রচেষ্টা জন্য যাওয়া,Abusive,Individual,Mild,"এই বক্তব্যে নির্দিষ্ট ব্যক্তিকে প্রতি ""বাল"", ""মারা"" এর মতো অশ্লীল শব্দচয়ন এটিকে মাঝারি মাত্রার কুরুচিপূর্ণ মন্তব্য হিসেবে চিহ্নিত করে।",rule-contextual,False,pending,
12023,৬ ওই কেটে হারবে বাংলাদেশ,,,Little to None,এটি একটি নিরপেক্ষ মন্তব্য যেখানে কাউকে লক্ষ্য করে কোনো অবমাননাকর বা বৈষম্যমূলক ভাষা ব্যবহার করা হয়নি।,rule-based,False,pending,
217,আমরা ভারতের দয়ায় স্বাধীন হয়েছি আমরা ভারতের প্রজা,Abusive,Society,Mild,এই বক্তব্যে ব্যবহৃত ভাষা ও দৃষ্টিভঙ্গি সামগ্রিকভাবে সমাজ বা জাতির বিরুদ্ধে মাঝারি মাত্রার গালিগালাজমূলক মন্তব্য প্রকাশ করে।,rule-contextual,False,pending,
25383,সুমন ভাইয়ের জনপ্রিয়তা দেখে নৌকা ভয়ে কুঁকড়ে গেছে,Political Hate,Organization,Mild,রাজনৈতিক বিষয়ে একটি সংগঠন বা প্রতিষ্ঠানের বিরুদ্ধে মাঝারি মাত্রার বিদ্বেষপূর্ণ মনোভাব এই মন্তব্যে স্পষ্ট।,rule-contextual,False,pending,
33749,এই হাশি থাকবেনা কাউয়া কাদের সাহেব,Abusive,Individual,Severe,"এই মন্তব্যের ভাষা ও সুর আক্রমণাত্মক এবং অবমাননাকর, যা একটি নির্দিষ্ট ব্যক্তির বিরুদ্ধে তীব্র ও গুরুতর মাত্রার গালিগালাজমূলক বক্তব্য হিসেবে চিহ্নিত।",rule-contextual,False,pending,
14609,বাংলাদেশের অনেক মানুষ না খেয়ে মারা যাবে কিছু দিনের মধ্যেইকি পরিমান মানুষ ভিক্ষা করছে রাস্তায় গেলে বুঝতে পারছি,Abusive,Community,Little to None,"মন্তব্যটিতে ""মারা"" এর মতো আক্রমণাত্মক ভাষা ব্যবহার করে নির্দিষ্ট সম্প্রদায় বা গোষ্ঠীকে লক্ষ্য করা হয়েছে। এটি মৃদু বা গৌণ মাত্রার গালিগালাজমূলক বক্তব্য।",rule-contextual,False,pending,
13442,ধন্যবাদ সময় টিভিকে সঠিক ইতিহাস তুলে ধরায়,,,Little to None,"মন্তব্যটিতে কোনো গালিগালাজ, বিদ্বেষ বা আপত্তিকর বিষয়বস্তু পাওয়া যায়নি বলে এটি নিরপেক্ষ মন্তব্য।",rule-based,False,pending,
23740,চোরের কাজ চুরি করা ভারত যে বেজন্মার দেশ সেটা এখন সবাই জানে,Political Hate,Society,Mild,"মন্তব্যকারী ""চোর"", ""বেজন্মা"" এর প্রসঙ্গে সমাজ বা জাতিকে সম্পর্কে মাঝারি মাত্রার রাজনৈতিক বিদ্বেষ ও ঘৃণা প্রকাশ করেছেন।",rule-contextual,False,pending,
24638,ওরে ভাই এরাম নীতি কথা বহুৎ জাত খানি বলে কাজের বেলায় টনটন,Abusive,Individual,Little to None,এই বক্তব্যে ব্যবহৃত ভাষা ও দৃষ্টিভঙ্গি একটি নির্দিষ্ট ব্যক্তির বিরুদ্ধে মৃদু বা গৌণ মাত্রার গালিগালাজমূলক মন্তব্য প্রকাশ করে।,rule-contextual,False,pending,
1216,ইউক্রেনের জেলি হারামখোর তো বহুত বড় কমিনা,Abusive,Individual,Severe,এই বক্তব্যে ব্যবহৃত অশ্লীল ভাষা একটি নির্দিষ্ট ব্যক্তির বিরুদ্ধে তীব্র ও গুরুতর মাত্রার কুরুচিপূর্ণ মন্তব্য নির্দেশ করে।,rule-contextual,False,pending,
5684,বাংলাদেশের খেলাধুলা কে বাঁচাতে হলে প্রধানমন্ত্রী ও ক্রীড়া মন্ত্রণালয়ের হাত আরও শক্তিশালী করতে হবে না হলে ধ্বংস যাবে,,,Little to None,"এই মন্তব্যে কোনো ঘৃণামূলক, আক্রমণাত্মক বা বৈষম্যমূলক ভাষা নেই, তাই এটি স্বাভাবিক মন্তব্য হিসেবে শ্রেণিবদ্ধ।",rule-based,False,pending,
29865,সৌদি আরব না জাওটা ভালো সব জালিম,Abusive,Community,Little to None,মন্তব্যটির সামগ্রিক সুর ও ভাষা একটি সম্প্রদায় বা গোষ্ঠীর বিরুদ্ধে মৃদু বা গৌণ মাত্রার আক্রমণাত্মক বক্তব্য নির্দেশ করে।,rule-contextual,False,pending,
8993,ভোলা বরিশাল ব্রিজ টা কবে হবে শেখ হাসিনা কথা দিয়ে কথা রাখে না ভোলার এমপিরা এখন কি বলবে জনগণকে আওয়ামী লীগ মানি পাটপাটের দল,Abusive,Organization,Mild,"মন্তব্যটিতে ""আওয়ামী"", ""হাসিনা"" এর মতো আক্রমণাত্মক ও গালিগালাজমূলক ভাষা ব্যবহার করা হয়েছে। এটি একটি সংগঠন বা প্রতিষ্ঠানের বিরুদ্ধে মাঝারি মাত্রার বক্তব্য।",rule-contextual,False,pending,
35520,একটা ফেইল্ড এস্টেট এও সুষ্ঠু নির্বাচন হয় নেতারা নির্বাচন এর ভয়ে থাকে কেমনে,Abusive,Organization,Mild,"মন্তব্যটিতে ""নির্বাচন"" এর মতো আক্রমণাত্মক ও গালিগালাজমূলক ভাষা ব্যবহার করা হয়েছে। এটি একটি সংগঠন বা প্রতিষ্ঠানের বিরুদ্ধে মাঝারি মাত্রার বক্তব্য।",rule-contextual,False,pending,
15867,সর্বপ্রথম আইনশৃঙ্খলা বাহিনীকে আইনের আওতায় এনে বিচার করা উচিত কারণ দীর্ঘসময় নিয়ে নির্যাতন করে মর্মান্তিকভাবে মৃত্যু অবহেলার আওতাভুক্ত,Abusive,Organization,Mild,এই বক্তব্যে ব্যবহৃত ভাষা ও দৃষ্টিভঙ্গি একটি সংগঠন বা প্রতিষ্ঠানের বিরুদ্ধে মাঝারি মাত্রার গালিগালাজমূলক মন্তব্য প্রকাশ করে।,rule-contextual,False,pending,
221,তিন মাফিয়া একসাথে হয়েছে এটা আওয়ামী লীগের গর্বের বিষয়২০২৪ সালে কি ভাবে কোটি কোটি টাকা আত্মসাৎ করার চিন্তা করতেছ শেখ হাসিনার নতুন কৌশল,Political Hate,Individual,Mild,"মন্তব্যটিতে ""আওয়ামী"", ""লীগ"", ""হাসিনা"" উল্লেখ করে রাজনৈতিক বিদ্বেষ প্রকাশ করা হয়েছে। নির্দিষ্ট ব্যক্তিকে লক্ষ্য করে এই মাঝারি মাত্রার রাজনৈতিক ঘৃণামূলক বক্তব্য।",rule-contextual,False,pending,
24590,প্রতিবছর এইমাসে আগুন লাগে উখিয়ার ক্যাম্পগুলোতে,,,Little to None,এই বাক্যে কোনো ঘৃণামূলক শব্দ বা আক্রমণাত্মক প্রকাশ নেই এবং এটি সাধারণ মতামত প্রকাশ করে।,rule-based,False,pending,
21847,আমার মনে হয় তার শ্বশুরবাড়ি যেতে রাস্তা ভুলে যান তাই তিনি শ্বশুর বাড়ি দিকে পতাকা টানিয়েছেন,Abusive,Individual,Little to None,মন্তব্যটির সামগ্রিক সুর ও ভাষা একটি নির্দিষ্ট ব্যক্তির বিরুদ্ধে মৃদু বা গৌণ মাত্রার আক্রমণাত্মক বক্তব্য নির্দেশ করে।,rule-contextual,False,pending,
419,হাওয়া ভবন এর কথা শুনলাম আয়না গরের কথা বলুন আমরা শুনি কিচচা বলচেন মুনাপেক কথাকার,Abusive,Individual,Severe,"এই মন্তব্যের ভাষা ও সুর আক্রমণাত্মক এবং অবমাননাকর, যা একটি নির্দিষ্ট ব্যক্তির বিরুদ্ধে তীব্র ও গুরুতর মাত্রার গালিগালাজমূলক বক্তব্য হিসেবে চিহ্নিত।",rule-contextual,False,pending,
1350,একটা চোর ধরা পড়ছে চুরির পর ধরা পড়লে সব চোরেই বলে আমি চুরি করি নাই,Abusive,Individual,Little to None,"এই বক্তব্যে নির্দিষ্ট ব্যক্তিকে প্রতি ""চোর"" এর মতো আপত্তিকর শব্দচয়ন এটিকে মৃদু বা গৌণ মাত্রার আক্রমণাত্মক মন্তব্য হিসেবে শ্রেণিবদ্ধ করে।",rule-contextual,False,pending,
25638,হাওরের উন্নয়নেও লোপাট হয়েছে রাষ্ট্রপতির নিজের এলাকাতেও উন্নয়ন নামে খাওয়াখাওয়ি হয়েছেএভাবেই লুটপাটের উন্নয়ন চলছে,Political Hate,Society,Severe,মন্তব্যটি রাজনৈতিক ব্যক্তি বা দলের প্রতি সামগ্রিকভাবে সমাজ বা জাতির বিরুদ্ধে তীব্র ও গুরুতর মাত্রার ঘৃণামূলক দৃষ্টিভঙ্গি প্রকাশ করে।,rule-contextual,False,pending,
486,বাইন্সুতরে দেখলেই থাপড়াইতে মন চায়,Abusive,Individual,Severe,মন্তব্যটিতে একটি নির্দিষ্ট ব্যক্তির বিরুদ্ধে তীব্র ও গুরুতর মাত্রার অশ্লীল শব্দচয়ন ও কুরুচিপূর্ণ ভাষা ব্যবহার করা হয়েছে।,rule-contextual,False,pending,
5129,খুব শিঘ্রই বিএনপির ধ্বংস হবে ইনশাআল্লাহ,Political Hate,,Severe,"বিরুদ্ধে ""বিএনপি"", ""ধ্বংস"" এর মতো রাজনৈতিক বিদ্বেষমূলক শব্দ ব্যবহার করা হয়েছে। এটি তীব্র ও গুরুতর মাত্রার রাজনৈতিক ঘৃণা প্রকাশ করে।",rule-contextual,False,pending,
29926,প্রধান মন্ত্রী চাইলেই মাশরাফি সভাপতি হবে,,,Little to None,"মন্তব্যটিতে কোনো গালিগালাজ, বিদ্বেষ বা আপত্তিকর বিষয়বস্তু পাওয়া যায়নি বলে এটি নিরপেক্ষ মন্তব্য।",rule-based,False,pending,
5188,ধন্যবাদ সকল মিডিয়াকে,,,Little to None,"এই মন্তব্যে কোনো ঘৃণামূলক, আক্রমণাত্মক বা বৈষম্যমূলক ভাষা নেই, তাই এটি স্বাভাবিক মন্তব্য হিসেবে শ্রেণিবদ্ধ।",rule-based,False,pending,
31904,এসব নাটক আর খাবে না পাবলিক,,,Little to None,এই বাক্যে কোনো ঘৃণামূলক শব্দ বা আক্রমণাত্মক প্রকাশ নেই এবং এটি সাধারণ মতামত প্রকাশ করে।,rule-based,False,pending,
18937,সেখ হাসিনাকে বিক্রি করে সালার লুঠপাটের রাজত্ব চালাচেছ এই ডাকাতটা মা জননীর মত মিথুক মনের খাযেস পুরন কর,Political Hate,Individual,Severe,"নির্দিষ্ট ব্যক্তিকে বিরুদ্ধে ""হাসিনা"", ""ডাকাত"" এর মতো রাজনৈতিক বিদ্বেষমূলক শব্দ ব্যবহার করা হয়েছে। এটি তীব্র ও গুরুতর মাত্রার রাজনৈতিক ঘৃণা প্রকাশ করে।",rule-contextual,False,pending,
22928,তার ভিতর ভয়ের কাজ করছিল কি যেন হয় আর তখন তার রক্তচাপ বেড়ে যায় মাথায়,Abusive,Individual,Mild,"এই মন্তব্যের ভাষা ও সুর আক্রমণাত্মক এবং অবমাননাকর, যা একটি নির্দিষ্ট ব্যক্তির বিরুদ্ধে মাঝারি মাত্রার গালিগালাজমূলক বক্তব্য হিসেবে চিহ্নিত।",rule-contextual,False,pending,
12837,নাটক করে বিএনপিকে তোমাদের নেতৃত্বে নির্বাচনে আনা যাবে না,Political Hate,Organization,Mild,"মন্তব্যকারী ""বিএনপি"", ""নির্বাচন"" এর প্রসঙ্গে নির্দিষ্ট সংগঠন বা প্রতিষ্ঠানকে সম্পর্কে মাঝারি মাত্রার রাজনৈতিক বিদ্বেষ ও ঘৃণা প্রকাশ করেছেন।",rule-contextual,False,pending,
24332,জয় বাংলা ডিজিটাল উন্নয়নডিজিটাল সোনা ভাঙ্গা দেশ,Abusive,Society,Severe,মন্তব্যটিতে সামগ্রিকভাবে সমাজ বা জাতির বিরুদ্ধে তীব্র ও গুরুতর মাত্রার অশ্লীল শব্দচয়ন ও কুরুচিপূর্ণ ভাষা ব্যবহার করা হয়েছে।,rule-contextual,False,pending,
13689,ভোলা বরিশাল সেতু নির্মাণ করা দরকার,,,Little to None,মন্তব্যকারী সাধারণ বিষয়ে মতামত দিয়েছেন এবং কোনো ঘৃণামূলক বক্তব্য প্রকাশ করেননি।,rule-based,False,pending,
33042,যুদ্ধের পিছে বিলিয়ন বাজেট এবং ইউক্রেন আর ইসরাইলকে দেওয়া হয়েছে প্রায় থেকে আর পুরো পৃথিবীর জলবায়ু পরিবর্তনের জন্য বিলিয়ন,Political Hate,Society,Little to None,এই মন্তব্যে রাজনৈতিক প্রেক্ষাপটে সামগ্রিকভাবে সমাজ বা জাতির বিরুদ্ধে মৃদু বা গৌণ মাত্রার বিদ্বেষ ও ঘৃণা প্রকাশ করা হয়েছে।,rule-contextual,False,pending,
30089,২০ জন পাঠানোর নাটক না করে আরো ২০ জন নিয়ে আসেন তাহলে বিদেশি সাহায্য আরেকটু বাড়তে পারে,Abusive,,Mild,এই বক্তব্যে ব্যবহৃত ভাষা ও দৃষ্টিভঙ্গি সাধারণভাবে মাঝারি মাত্রার গালিগালাজমূলক মন্তব্য প্রকাশ করে।,rule-contextual,False,pending,
17928,যেমন করে আজ শহীদ জিয়া কে নিয়ে আওয়ামী লীগ করছে বঙ্গবন্ধুর মতোই দেশপ্রেমিক ছিলো জিয়াউর রহমান,Political Hate,Individual,Mild,"এই মন্তব্যে ""লীগ"", ""বন্ধ"" সম্পর্কিত রাজনৈতিক ঘৃণা প্রকাশ পেয়েছে যেখানে নির্দিষ্ট ব্যক্তিকে আক্রমণের লক্ষ্যবস্তু। তীব্রতা মাঝারি মাত্রার।",rule-contextual,False,pending,
21710,জনগণের ভোটের অধিকার ফিরিয়ে দেওয়া হোক গনতন্ত্র মুক্তি পেতেতত্বাবধায়ক সরকারের অধীনে সুষ্ঠু নির্বাচন চাই আমরা জনগণ,,,Little to None,এই বাক্যে কোনো ঘৃণামূলক শব্দ বা আক্রমণাত্মক প্রকাশ নেই এবং এটি সাধারণ মতামত প্রকাশ করে।,rule-based,False,pending,
32002,ভাইরে ভাই শেষ ওভার টা হার্টবিট বাড়িয়ে দিয়েছে,,,Little to None,"এই মন্তব্যে কোনো আপত্তিকর, অশ্লীল বা ঘৃণাজনক বিষয়বস্তু নেই এবং এটি স্বাভাবিক আলোচনার অংশ।",rule-based,False,pending,
21517,এই কিছু দিনের মধ্যে দেশে ধষনের হার বেড়ে গেছে এই আসামিদের ধরে জনসম্মুখে কঠোরভাবে শাস্তি দেয়া হোক,Abusive,Community,Severe,এই বক্তব্যে ব্যবহৃত ভাষা ও দৃষ্টিভঙ্গি একটি সম্প্রদায় বা গোষ্ঠীর বিরুদ্ধে তীব্র ও গুরুতর মাত্রার গালিগালাজমূলক মন্তব্য প্রকাশ করে।,rule-contextual,False,pending,
26547,সময় সংবাদ এখন দেখতেছি ব্লোগার হয়ে যাচ্ছে দিন দিন সম বিষয়ে এগিয়ে থাকে,Abusive,Organization,Little to None,মন্তব্যটির সামগ্রিক সুর ও ভাষা একটি সংগঠন বা প্রতিষ্ঠানের বিরুদ্ধে মৃদু বা গৌণ মাত্রার আক্রমণাত্মক বক্তব্য নির্দেশ করে।,rule-contextual,False,pending,
9400,ইলিশ তো সব পাচার করে ভারতে জাটকা ধরলে কি সমস্যায় ধরুক,,,Little to None,মন্তব্যটি সাধারণ মতামত প্রকাশ করে এবং এতে কোনো ঘৃণা বা সহিংসতামূলক উপাদান নেই।,rule-based,False,pending,
4082,চোর চোর উন্নয়ন চোর ভোট চোর আবারও খা খা গো খা,Political Hate,Organization,Severe,"মন্তব্যকারী ""ভোট"", ""চোর"" এর প্রসঙ্গে নির্দিষ্ট সংগঠন বা প্রতিষ্ঠানকে সম্পর্কে তীব্র ও গুরুতর মাত্রার রাজনৈতিক বিদ্বেষ ও ঘৃণা প্রকাশ করেছেন।",rule-contextual,False,pending,
33353,বিএনপি এই নাশকতার জন্য জড়িত পুলিশকে অসংখ্য ধন্যবাদ এ ব্যাপারে সুষ্ঠু তদন্ত করার জন্য,Political Hate,Organization,Little to None,"মন্তব্যটিতে ""বিএনপি"", ""পুলিশ"" উল্লেখ করে রাজনৈতিক বিদ্বেষ প্রকাশ করা হয়েছে। নির্দিষ্ট সংগঠন বা প্রতিষ্ঠানকে লক্ষ্য করে এই মৃদু বা গৌণ মাত্রার রাজনৈতিক ঘৃণামূলক বক্তব্য।",rule-contextual,False,pending,
10140,ছাত্রলীগ নিষিদ্ধ ঘোষণা করা হোক,Political Hate,Organization,Mild,"মন্তব্যকারী ""লীগ"" এর প্রসঙ্গে নির্দিষ্ট সংগঠন বা প্রতিষ্ঠানকে সম্পর্কে মাঝারি মাত্রার রাজনৈতিক বিদ্বেষ ও ঘৃণা প্রকাশ করেছেন।",rule-contextual,False,pending,
6574,চাই কাজ চাই পাথর কুয়ারি সচার চাই এরা মাদারি দিতে চায়না গরীব অসহায় মানুষের পেটে খালি লাথি মারতে জানে,Abusive,Society,Severe,এই বক্তব্যে ব্যবহৃত অশ্লীল ভাষা সামগ্রিকভাবে সমাজ বা জাতির বিরুদ্ধে তীব্র ও গুরুতর মাত্রার কুরুচিপূর্ণ মন্তব্য নির্দেশ করে।,rule-contextual,False,pending,
22979,ফালতু কথা বলার আর জায়গা পাওনা না তোমাদের মত দালাল সাংবাদিকের জন্য আজকের এই অবস্থা দালাল সাংবাদিক শেখ হাসিনার দালাল,Abusive,Individual,Severe,"মন্তব্যকারী ""দালাল"" ব্যবহার করে নির্দিষ্ট ব্যক্তিকে আক্রমণ করেছেন। ভাষার তীব্রতা তীব্র ও গুরুতর মাত্রার বলে প্রতীয়মান।",rule-contextual,False,pending,
25418,চীন রাশিয়া ইরান পাকিস্তান মিয়ানমার উত্তর কোরিয়া এরা হচ্ছে পৃথিবীর সবচেয়ে জঘন্যতম জঈি রাস্ট,Abusive,Society,Severe,"এই মন্তব্যে ""জঘন্য"" শব্দ ব্যবহার করে সমাজ বা জাতিকে অবমাননা করা হয়েছে, যা তীব্র ও গুরুতর মাত্রার আক্রমণাত্মক ভাষা নির্দেশ করে।",rule-contextual,False,pending,
19964,বাল ফেলছে সরকার,Abusive,Organization,Severe,"মন্তব্যটিতে ""বাল"" এর মতো অশ্লীল ও কুরুচিপূর্ণ ভাষা ব্যবহার করে নির্দিষ্ট সংগঠন বা প্রতিষ্ঠানকে আক্রমণ করা হয়েছে। এটি তীব্র ও গুরুতর মাত্রার অশ্লীল বক্তব্য।",rule-contextual,False,pending,
11632,এই জন্য আল্লাহ জিয়ার কবরের নিখুজ করে রেখেছেন এইটা জিয়ার কুর্কমের ফল,Political Hate,Individual,Mild,এই মন্তব্যে রাজনৈতিক প্রেক্ষাপটে একটি নির্দিষ্ট ব্যক্তির বিরুদ্ধে মাঝারি মাত্রার বিদ্বেষ ও ঘৃণা প্রকাশ করা হয়েছে।,rule-contextual,False,pending,
16465,জাতির ঘাড়ে হাজার হাজার কোটি টাকার ঋণ আর সুদের বোঝা যেন জাতির জন্য গলার কাটা না হয় এগুলো তো সুদের ওপর সুদ গুণতে হবে,Political Hate,Society,Mild,রাজনৈতিক বিষয়ে সামগ্রিকভাবে সমাজ বা জাতির বিরুদ্ধে মাঝারি মাত্রার বিদ্বেষপূর্ণ মনোভাব এই মন্তব্যে স্পষ্ট।,rule-contextual,False,pending,
3045,পানি এখনো লবণাক্ত অবস্থা খারাপ চট্টগ্রামে,,,Little to None,এটি একটি নিরপেক্ষ মন্তব্য যেখানে কাউকে লক্ষ্য করে কোনো অবমাননাকর বা বৈষম্যমূলক ভাষা ব্যবহার করা হয়নি।,rule-based,False,pending,
9905,আমেরিকার বন্ধুত্বের চেয়ে প্রতিদন্ডি হলেই ভালো কারণ আমেরিকা ইজরায়েল পচ্রিমা সন্ত্রাসী জুংগী দের উচিৎ শিক্ষা দিতে হবে রাশিয়া উত্তর কোরিয়ার ইরান সফল হবে আমেরিকার ধ্বংস সংনিকট্রে,Political Hate,Society,Severe,"এই মন্তব্যে ""ধ্বংস"", ""বন্ধ"" সম্পর্কিত রাজনৈতিক ঘৃণা প্রকাশ পেয়েছে যেখানে সমাজ বা জাতিকে আক্রমণের লক্ষ্যবস্তু। তীব্রতা তীব্র ও গুরুতর মাত্রার।",rule-contextual,False,pending,
12504,উত্তর কোরিয়া চিন ও রাশিয়া এই তিন দেশের রাষ্ট্র নেতা একই ধরনের জোর করে দেশের রাষ্ট্র নেতা হয়ে আছে,Abusive,Individual,Mild,"এই মন্তব্যের ভাষা ও সুর আক্রমণাত্মক এবং অবমাননাকর, যা একটি নির্দিষ্ট ব্যক্তির বিরুদ্ধে মাঝারি মাত্রার গালিগালাজমূলক বক্তব্য হিসেবে চিহ্নিত।",rule-contextual,False,pending,
764,তোর মত এমন আবালের বোধগম্য হওয়ার কথা নয়,Abusive,Individual,Mild,"মন্তব্যকারী ""বাল"" ব্যবহার করে নির্দিষ্ট ব্যক্তিকে অশ্লীলভাবে আক্রমণ করেছেন। ভাষার মাত্রা মাঝারি মাত্রার অশ্লীলতা নির্দেশ করে।",rule-contextual,False,pending,
18922,এরা নাকি করবে আন্দোলন,,,Little to None,"এই মন্তব্যে কোনো ঘৃণামূলক, আক্রমণাত্মক বা বৈষম্যমূলক ভাষা নেই, তাই এটি স্বাভাবিক মন্তব্য হিসেবে শ্রেণিবদ্ধ।",rule-based,False,pending,
28551,মনে হয় সময় টিভি নিউজ খুজে পাচ্ছে বিয়ে করেছে হেলিকপ্টার দিয়ে এটা তো এখন ওহ রহ বিয়েতে ওয়াজে হচ্ছে এটা ও কি নিউজের প্রয়োজন,Abusive,Organization,Little to None,এই বক্তব্যে ব্যবহৃত ভাষা ও দৃষ্টিভঙ্গি একটি সংগঠন বা প্রতিষ্ঠানের বিরুদ্ধে মৃদু বা গৌণ মাত্রার গালিগালাজমূলক মন্তব্য প্রকাশ করে।,rule-contextual,False,pending,
17150,ওমর ইনান সাংবাদিক ভাই আমি মনে করি যে সোজা কথা হচ্ছে আমেরিকা চাচ্ছে ইসরায়েলকে ডাল করে পুরো মধ্যেপ্রাচ্য যুদ্ধ বেধে দিতে আর ফিলিস্তিনের মানুষের উপর জুলুম নির্যাতন করা এবং সব মানুষকে মেরে ফেলা তার জন্য দায় সকল মুসলিম দেশ গুলোর,Political Hate,Society,Little to None,"মন্তব্যটিতে ""মুসলিম"" এর মতো রাজনৈতিক ঘৃণামূলক ভাষা ব্যবহার করা হয়েছে। এটি সামগ্রিকভাবে সমাজ বা জাতির বিরুদ্ধে মৃদু বা গৌণ মাত্রার বক্তব্য।",rule-contextual,False,pending,
10751,দলের সব ব্যর্থতা সাকিবের কারনে যেমন টা ১৯ বিশ্বকাপে পরাজয়ের জন্য অধিনায়ক ম্যাশ কে দায়ী করে সাকিববলেছিল সাকিব অধিনায়ক যেহেতু কোন পারফর্ম করে নাই সেহেতু দায়টা ম্যাশ কেই নিতে হবে,Abusive,Individual,Mild,মন্তব্যটির সামগ্রিক সুর ও ভাষা একটি নির্দিষ্ট ব্যক্তির বিরুদ্ধে মাঝারি মাত্রার আক্রমণাত্মক বক্তব্য নির্দেশ করে।,rule-contextual,False,pending,
14389,শাহরুখ খান বলেছিল তিন খানকে একসঙ্গে এফোট করতে জাংগিয়া বিকিয়ে যাবে আম্বানি এই তিন খানকে একসঙ্গে বাঁদরের মতো নাচিয়ে ছেড়ে দিল,,,Little to None,"মন্তব্যটিতে কোনো গালিগালাজ, বিদ্বেষ বা আপত্তিকর বিষয়বস্তু পাওয়া যায়নি বলে এটি নিরপেক্ষ মন্তব্য।",rule-based,False,pending,
24874,কিছু বলার বা লিখার ভাষা খুজে পেলামনা,,,Little to None,মন্তব্যকারী সাধারণ বিষয়ে মতামত দিয়েছেন এবং কোনো ঘৃণামূলক বক্তব্য প্রকাশ করেননি।,rule-based,False,pending,
25192,কাচ্চি ডাইন বাংলাদেশের সবচাইতে নিকৃষ্ট রেস্তোরাঁ,Abusive,Organization,Severe,এই বক্তব্যে ব্যবহৃত ভাষা ও দৃষ্টিভঙ্গি একটি সংগঠন বা প্রতিষ্ঠানের বিরুদ্ধে তীব্র ও গুরুতর মাত্রার গালিগালাজমূলক মন্তব্য প্রকাশ করে।,rule-contextual,False,pending,
29076,জনগনের পাছায় বাশ দিয়ে সান্ত্বনা পুরষ্কার,Abusive,Society,Mild,এই বক্তব্যে ব্যবহৃত অশ্লীল ভাষা সামগ্রিকভাবে সমাজ বা জাতির বিরুদ্ধে মাঝারি মাত্রার কুরুচিপূর্ণ মন্তব্য নির্দেশ করে।,rule-contextual,False,pending,
34315,বাংলা ওয়াশ শব্দ টা পরিহার করার অনুরোধ করছি এ ধরনের শব্দ ব্যবহার নিজেদের কেই ছোট করে,Abusive,,Little to None,এই বক্তব্যে ব্যবহৃত ভাষা ও দৃষ্টিভঙ্গি সাধারণভাবে মৃদু বা গৌণ মাত্রার গালিগালাজমূলক মন্তব্য প্রকাশ করে।,rule-contextual,False,pending,
19530,বেপর্দা মহিলাদের এ রিপোর্ট করাবেন না পুরুষ লোক নিয়োগ দিন,Gender Hate,Community,Mild,"মন্তব্যটিতে ""মহিলা"", ""পুরুষ"", ""পর্দা"" উল্লেখ করে লিঙ্গ বৈষম্যমূলক দৃষ্টিভঙ্গি প্রকাশ করা হয়েছে। নির্দিষ্ট সম্প্রদায় বা গোষ্ঠীকে লক্ষ্য করে এটি মাঝারি মাত্রার যৌনতাবাদী বক্তব্য।",rule-contextual,False,pending,
21640,আমি তো ফ্রিজে রাখি,,,Little to None,এই বাক্যে কোনো ঘৃণামূলক শব্দ বা আক্রমণাত্মক প্রকাশ নেই এবং এটি সাধারণ মতামত প্রকাশ করে।,rule-based,False,pending,
28574,মহান আল্লাহ পাক সৌদি আরবের বিশ্ব কাপ ফুটবল টিমের গুরুতর আহত ডিফেন্ডার ভাই কে হেফাজত ও সুস্থ করুন এবং নেক হায়াত দরাজ করুন তাঁর সুচিকিৎসার জন্য নিজস্ব প্লেনে করে জার্মান পাঠানোর জন্য সৌদি রাজপরিবারের ক্রাউন প্রিন্স ও মাননীয় প্রধানমন্ত্রী জনাব মোহাম্মদ বিন সালমান মহোদয় কে লাল গোলাপ শুভেচ্ছা জানাচ্ছি,,,Little to None,মন্তব্যটি সাধারণ মতামত প্রকাশ করে এবং এতে কোনো ঘৃণা বা সহিংসতামূলক উপাদান নেই।,rule-based,False,pending,
9660,পুলিশ লীগের এতো অপকর্ম আর সয্য হয় না বাংলাদেশের মানুষ এতো নির্বোধ,Abusive,Community,Mild,"মন্তব্যটিতে ""লীগ"" এর মতো আক্রমণাত্মক ও গালিগালাজমূলক ভাষা ব্যবহার করা হয়েছে। এটি একটি সম্প্রদায় বা গোষ্ঠীর বিরুদ্ধে মাঝারি মাত্রার বক্তব্য।",rule-contextual,False,pending,
20522,মিথ্যা বলা অভ্যাসে পরিণত হয়ে গেছে যার তার মুখ দিয়ে কিভাবে সত্যের আশা করতে পারি,Abusive,Individual,Severe,"এই মন্তব্যের ভাষা ও সুর আক্রমণাত্মক এবং অবমাননাকর, যা একটি নির্দিষ্ট ব্যক্তির বিরুদ্ধে তীব্র ও গুরুতর মাত্রার গালিগালাজমূলক বক্তব্য হিসেবে চিহ্নিত।",rule-contextual,False,pending,
5036,দুঃখজনক এরকম অনেক আসামি আমাদের সোনার বাংলাদেশে আছে এরা নিশ্চিত অপরাধী তবুও তাদের বিচারের জন্য বছরের পর বছর অপেক্ষা করতে হয়৷ তাও আবার নিশ্চিত নয় যে তার ফাঁসি হবে৷ অনেক সময়ই দেখা যায় যে তারা জামিন এ বের হয়ে আসে এটা কেমন আইন সে অপরাধ করেছে তবুও অতি দ্রুত তার শাস্তি না হয়ে তারা কয়েক বছর পরে আবার বেরিয়ে আসে৷ এসব আইন বদলাতে হবে নইলে উচ্চ মানের নেতার চেয়ে নিম্ন শ্রেণির মানুষ বেশি মরবে,Political Hate,Community,Mild,"মন্তব্যটিতে ""দল"", ""বিচার"", ""ফাঁসি"" উল্লেখ করে রাজনৈতিক বিদ্বেষ প্রকাশ করা হয়েছে। নির্দিষ্ট সম্প্রদায় বা গোষ্ঠীকে লক্ষ্য করে এই মাঝারি মাত্রার রাজনৈতিক ঘৃণামূলক বক্তব্য।",rule-contextual,False,pending,
26499,ন্যায়সঙ্গত প্রশ্ন করলেই উস্কানি হয়ে যায় হায়রে হলুদ সাংবাদিক হলুদ মিডিয়া এদের কবে বোধোদয় হবে কে জানে বিটিভির স্যাটেলাইট ভার্সন,Abusive,Organization,Mild,"এই মন্তব্যের ভাষা ও সুর আক্রমণাত্মক এবং অবমাননাকর, যা একটি সংগঠন বা প্রতিষ্ঠানের বিরুদ্ধে মাঝারি মাত্রার গালিগালাজমূলক বক্তব্য হিসেবে চিহ্নিত।",rule-contextual,False,pending,
15442,সুমন ভাই আপনার দেওয়া যাবে কি,,,Little to None,মন্তব্যকারী সাধারণ বিষয়ে মতামত দিয়েছেন এবং কোনো ঘৃণামূলক বক্তব্য প্রকাশ করেননি।,rule-based,False,pending,
34636,সবকিছুই দায়িত্ব যদি প্রধানমন্ত্রী পালন করে তাহলে রাষ্ট্রপতি ও প্রধানমন্ত্রী শেখ হাসিনা কি করা হোক,Political Hate,Individual,Little to None,"রাজনৈতিক প্রেক্ষাপটে ""হাসিনা"", ""মন্ত্রী"", ""প্রধানমন্ত্রী"" ব্যবহার করে নির্দিষ্ট ব্যক্তিকে প্রতি বিদ্বেষ প্রকাশ এই মন্তব্যকে মৃদু বা গৌণ মাত্রার রাজনৈতিক ঘৃণামূলক বক্তব্য করে তোলে।",rule-contextual,False,pending,
8962,মীরজাফর কোনোদিন আপন হয় না বিষাক্ত সাপের মত সুযোগ পেলেই ছুবল মারবে প্রশ্ন দেশের ভবিষ্যৎ ক্রিকেটকে বাঁচাতে হলে মীরজাফরদের কি সাপোর্ট করতে হবে না মীরজাফরের ক্রিকেট দল থাকবে দর্শক হিসাবে জানা দরকার আমাদের কারণ দেশ আমাদের আবেগ আমাদের গর্ব আমরা কি শিখব,Political Hate,Organization,Mild,মন্তব্যটি রাজনৈতিক ব্যক্তি বা দলের প্রতি একটি সংগঠন বা প্রতিষ্ঠানের বিরুদ্ধে মাঝারি মাত্রার ঘৃণামূলক দৃষ্টিভঙ্গি প্রকাশ করে।,rule-contextual,False,pending,
18933,বাঙালিদের দিয়ে সবকিছু সম্ভব,,,Little to None,"মন্তব্যটিতে কোনো গালিগালাজ, বিদ্বেষ বা আপত্তিকর বিষয়বস্তু পাওয়া যায়নি বলে এটি নিরপেক্ষ মন্তব্য।",rule-based,False,pending,
10423,পুতিন কাকাকে বাঁচিয়েছে ভারতচীন,Abusive,Individual,Little to None,"এই মন্তব্যের ভাষা ও সুর আক্রমণাত্মক এবং অবমাননাকর, যা একটি নির্দিষ্ট ব্যক্তির বিরুদ্ধে মৃদু বা গৌণ মাত্রার গালিগালাজমূলক বক্তব্য হিসেবে চিহ্নিত।",rule-contextual,False,pending,
6701,এদের দেশে ফিরিয়ে এনে আইনের আওতায় আনা উচিত,,,Little to None,মন্তব্যটি সাধারণ মতামত প্রকাশ করে এবং এতে কোনো ঘৃণা বা সহিংসতামূলক উপাদান নেই।,rule-based,False,pending,
7812,ওটা চিত্রাং না সিত্রাং,,,Little to None,এই বাক্যে কোনো ঘৃণামূলক শব্দ বা আক্রমণাত্মক প্রকাশ নেই এবং এটি সাধারণ মতামত প্রকাশ করে।,rule-based,False,pending,
27630,ওর যত বয়স হচ্ছে ও ততই উলংগ হচ্ছে,Abusive,Individual,Severe,এই বক্তব্যে ব্যবহৃত ভাষা ও দৃষ্টিভঙ্গি একটি নির্দিষ্ট ব্যক্তির বিরুদ্ধে তীব্র ও গুরুতর মাত্রার গালিগালাজমূলক মন্তব্য প্রকাশ করে।,rule-contextual,False,pending,
33939,তালেবান ক্ষমতায় বসাও মরজিদ গুড়া গুড়া করে মুসলিম উগ্রবাদী মারাও,Religious Hate,Community,Severe,"নির্দিষ্ট সম্প্রদায় বা গোষ্ঠীকে বিরুদ্ধে ""মুসলিম"", ""তালেবান"", ""মারা"" এর মতো সাম্প্রদায়িক শব্দ ব্যবহার করা হয়েছে, যা তীব্র ও গুরুতর মাত্রার ধর্মীয় বিদ্বেষ নির্দেশ করে।",rule-contextual,False,pending,
11002,তুই ফেরাউনের সন্তান ডিবি কুকুর,Abusive,Individual,Severe,এই বক্তব্যে ব্যবহৃত ভাষা ও দৃষ্টিভঙ্গি একটি নির্দিষ্ট ব্যক্তির বিরুদ্ধে তীব্র ও গুরুতর মাত্রার গালিগালাজমূলক মন্তব্য প্রকাশ করে।,rule-contextual,False,pending,
25739,রেংকিং দিয়ে কি হবে দিয়ে কি হবে যে কোন একটা টুর্নামেন্টের কাপ দরকার আমাদের শ্রীলঙ্কা তো বর্তমানে আমাদের নিচে তারা এশিয়া কাপ পাইছে ছয় বার এবং কি টিটোয়েন্টি বিশ্বকাপ পাইছে আইসিসি ওয়ার্ল্ড কাপ পাইছে অতএব রেংকিং দিয়ে কিছুই হবে না যে কোন একটা টুর্নামেন্ট জয় করা উচিত,,,Little to None,"মন্তব্যটিতে কোনো গালিগালাজ, বিদ্বেষ বা আপত্তিকর বিষয়বস্তু পাওয়া যায়নি বলে এটি নিরপেক্ষ মন্তব্য।",rule-based,False,pending,
14592,আই এম এফ এর টাকা তোমাদের মত দালাল মিডিয়া আলাদের পোন্দের মধ্যে ধুকাইলে তোমরা আরও বেশি কইরা হাসিনার ঘু চাইটা দিতা,Abusive,Organization,Severe,"মন্তব্যকারী ""দালাল"" ব্যবহার করে নির্দিষ্ট সংগঠন বা প্রতিষ্ঠানকে অশ্লীলভাবে আক্রমণ করেছেন। ভাষার মাত্রা তীব্র ও গুরুতর মাত্রার অশ্লীলতা নির্দেশ করে।",rule-contextual,False,pending,
21307,এটা ভাবাও তো অন্যায়,,,Little to None,"মন্তব্যটিতে কোনো গালিগালাজ, বিদ্বেষ বা আপত্তিকর বিষয়বস্তু পাওয়া যায়নি বলে এটি নিরপেক্ষ মন্তব্য।",rule-based,False,pending,
18885,ইতিহাসের ১৪ টা বজাইয়া দিছে এতো বড় ছিলো নারে দালাল নিউজ পরে হইছে,Abusive,Organization,Mild,"মন্তব্যটিতে ""দালাল"" এর মতো আক্রমণাত্মক ভাষা ব্যবহার করে নির্দিষ্ট সংগঠন বা প্রতিষ্ঠানকে লক্ষ্য করা হয়েছে। এটি মাঝারি মাত্রার গালিগালাজমূলক বক্তব্য।",rule-contextual,False,pending,
34467,বিসিবি কে টোপ দিয়েছে পিসিবি তাই মত বদলেছে পাল্টি বাজ,Abusive,Organization,Severe,"এই মন্তব্যের ভাষা ও সুর আক্রমণাত্মক এবং অবমাননাকর, যা একটি সংগঠন বা প্রতিষ্ঠানের বিরুদ্ধে তীব্র ও গুরুতর মাত্রার গালিগালাজমূলক বক্তব্য হিসেবে চিহ্নিত।",rule-contextual,False,pending,
26223,আসসালা সরয়ার ফারুকী আমার বালের নাটক বানায় নাটক মার্কা সিনেমা দেখলে বমি আসে,Abusive,Individual,Little to None,"মন্তব্যকারী ""বাল"" ব্যবহার করে নির্দিষ্ট ব্যক্তিকে অশ্লীলভাবে আক্রমণ করেছেন। ভাষার মাত্রা মৃদু বা গৌণ মাত্রার অশ্লীলতা নির্দেশ করে।",rule-contextual,False,pending,
23675,এত টাকা যায় কই ক্রিকেটে তো উন্নতি নেই দেশে স্টেডিয়াম ও তেমন নেই খেলার মত বাপ দাদার একটি স্টেডিয়াম আছে মিরপুর উঠে নিয়ে পড়ে থাক,Abusive,Society,Mild,এই বক্তব্যে ব্যবহৃত ভাষা ও দৃষ্টিভঙ্গি সামগ্রিকভাবে সমাজ বা জাতির বিরুদ্ধে মাঝারি মাত্রার গালিগালাজমূলক মন্তব্য প্রকাশ করে।,rule-contextual,False,pending,
10381,কয় টাকা খাইচোস বাইককে বন্ধ করার জন্য,,,Little to None,এটি একটি নিরপেক্ষ মন্তব্য যেখানে কাউকে লক্ষ্য করে কোনো অবমাননাকর বা বৈষম্যমূলক ভাষা ব্যবহার করা হয়নি।,rule-based,False,pending,
7331,এদেশে আওয়ামী লীগ ছাড়া সবাই রাজাকার,Political Hate,Organization,Severe,"রাজনৈতিক প্রেক্ষাপটে ""লীগ"", ""রাজাকার"" ব্যবহার করে নির্দিষ্ট সংগঠন বা প্রতিষ্ঠানকে প্রতি বিদ্বেষ প্রকাশ এই মন্তব্যকে তীব্র ও গুরুতর মাত্রার রাজনৈতিক ঘৃণামূলক বক্তব্য করে তোলে।",rule-contextual,False,pending,
758,পায়ের জুতা দিয়ে কাদের চুন্নু কে পিটান,Abusive,Individual,Severe,মন্তব্যটির সামগ্রিক সুর ও ভাষা একটি নির্দিষ্ট ব্যক্তির বিরুদ্ধে তীব্র ও গুরুতর মাত্রার আক্রমণাত্মক বক্তব্য নির্দেশ করে।,rule-contextual,False,pending,
15668,এর আগে বিএনপি জামায়াত যখন ক্ষমতায় ছিল তখনও তো আমরা বাংলাদেশিরা বেচে ছিলাম তবে এখন কেন আওয়ামীলীগ নেতারা এই কথা বলছে যে আমরা থাকব না,Political Hate,Organization,Little to None,"মন্তব্যটিতে ""বিএনপি"", ""লীগ"", ""ক্ষমতা"" উল্লেখ করে রাজনৈতিক বিদ্বেষ প্রকাশ করা হয়েছে। নির্দিষ্ট সংগঠন বা প্রতিষ্ঠানকে লক্ষ্য করে এই মৃদু বা গৌণ মাত্রার রাজনৈতিক ঘৃণামূলক বক্তব্য।",rule-contextual,False,pending,
30907,আজরা উনি কে,,,Little to None,মন্তব্যকারী সাধারণ বিষয়ে মতামত দিয়েছেন এবং কোনো ঘৃণামূলক বক্তব্য প্রকাশ করেননি।,rule-based,False,pending,
1123,আমাদের দেশেও পশ্চিমাদের কিছু দালাল আছে যারা তাদের পক্ষে সাফাই গায় আর মুসলমানদের জঙ্গি সন্ত্রাসী বলে এরা পারিবারিক সূত্রে মুসলিম হলেও এরা মুনাফিক বেইমান,Abusive,Society,Severe,"এই মন্তব্যে ""দালাল"", ""বেইমান"" শব্দ ব্যবহার করে সমাজ বা জাতিকে অবমাননা করা হয়েছে, যা তীব্র ও গুরুতর মাত্রার আক্রমণাত্মক ভাষা নির্দেশ করে।",rule-contextual,False,pending,
23285,ইজরাইলি সেনা নয় বরং বলেন ইজরাইলি জঙ্গি,Abusive,Society,Severe,মন্তব্যটির সামগ্রিক সুর ও ভাষা সামগ্রিকভাবে সমাজ বা জাতির বিরুদ্ধে তীব্র ও গুরুতর মাত্রার আক্রমণাত্মক বক্তব্য নির্দেশ করে।,rule-contextual,False,pending,
233,এই ছবি কি বাংলাদেশের মুক্তি পাবে আমি চাই বাংলাদেশে যেন এই ছবি মুক্তি পায়,,,Little to None,"মন্তব্যটিতে কোনো গালিগালাজ, বিদ্বেষ বা আপত্তিকর বিষয়বস্তু পাওয়া যায়নি বলে এটি নিরপেক্ষ মন্তব্য।",rule-based,False,pending,
30685,তাহলে কেউ যদি নাই ঢুকতে পারে তাহলে এই যে মিয়ানমারের সেনাবাহিনী কি করে ঢুকলো এতগুলা বাংলাদেশ,,,Little to None,মন্তব্যটি সাধারণ মতামত প্রকাশ করে এবং এতে কোনো ঘৃণা বা সহিংসতামূলক উপাদান নেই।,rule-based,False,pending,
5597,আমেরিকা নামে কোন রাস্ট পৃথিবীতে থাকবে না ইনসাল্লাহ,Abusive,Society,Little to None,"এই মন্তব্যের ভাষা ও সুর আক্রমণাত্মক এবং অবমাননাকর, যা সামগ্রিকভাবে সমাজ বা জাতির বিরুদ্ধে মৃদু বা গৌণ মাত্রার গালিগালাজমূলক বক্তব্য হিসেবে চিহ্নিত।",rule-contextual,False,pending,
32556,তগ উপর আললার গজব পড়বে জালিমের বংদররা,Abusive,Community,Severe,এই মন্তব্যে অশ্লীল ও কুরুচিপূর্ণ ভাষা ব্যবহার করে একটি সম্প্রদায় বা গোষ্ঠীর বিরুদ্ধে তীব্র ও গুরুতর মাত্রার আপত্তিকর বক্তব্য প্রকাশ করা হয়েছে।,rule-contextual,False,pending,
10218,আমাদের দেশে এখন তো কুত্তা বিলের হাতে দায়িত্ব তারা কিভাবে দায়িত্ব পালন করবে কুত্তা বিলাই,Abusive,,Severe,"মন্তব্যটিতে ""কুত্তা"" এর মতো আক্রমণাত্মক ও গালিগালাজমূলক ভাষা ব্যবহার করা হয়েছে। এটি সাধারণভাবে তীব্র ও গুরুতর মাত্রার বক্তব্য।",rule-contextual,False,pending,
13341,শুনেছি আগের মানুষেরা পায়ে হেটে হজ করতেন,,,Little to None,"এই মন্তব্যে কোনো আপত্তিকর, অশ্লীল বা ঘৃণাজনক বিষয়বস্তু নেই এবং এটি স্বাভাবিক আলোচনার অংশ।",rule-based,False,pending,
25282,আওয়ামী লীগ গা দিয়ে পাহার থেলে,Abusive,Community,Little to None,"মন্তব্যটিতে ""লীগ"" এর মতো আক্রমণাত্মক ও গালিগালাজমূলক ভাষা ব্যবহার করা হয়েছে। এটি একটি সম্প্রদায় বা গোষ্ঠীর বিরুদ্ধে মৃদু বা গৌণ মাত্রার বক্তব্য।",rule-contextual,False,pending,
15181,আই সি সি থেকে বাংলাদেশের টেস্ট স্ট্যাটাস তুলে দেওয়া দরকারতবেই টাইগারদের দম্ভ চুর্ণ হবেকেউ একজন সেঞ্চুরি করলেই মিডিয়ায় সংবাদ হয় সব সমালোচনার জবাব দিল সেঞ্চুরি করেআরে টাইগারের বাচ্চারা দল না জিততে পারলে তোদের সেঞ্চুরি দিয়ে কি শিবলিঙ্গের মাথায় ঢালবো,Political Hate,Community,Severe,মন্তব্যটি রাজনৈতিক ব্যক্তি বা দলের প্রতি একটি সম্প্রদায় বা গোষ্ঠীর বিরুদ্ধে তীব্র ও গুরুতর মাত্রার ঘৃণামূলক দৃষ্টিভঙ্গি প্রকাশ করে।,rule-contextual,False,pending,
32632,যুক্তরাষ্ট্রের একটা বাল ও ছিড়তে পারবো না,Abusive,Society,Little to None,"মন্তব্যটিতে ""বাল"" এর মতো অশ্লীল ও কুরুচিপূর্ণ ভাষা ব্যবহার করে সমাজ বা জাতিকে আক্রমণ করা হয়েছে। এটি মৃদু বা গৌণ মাত্রার অশ্লীল বক্তব্য।",rule-contextual,False,pending,
597,এই নাটক আমাদের দেশের প্রধানমন্ত্রী থেকে শিখেছে,Political Hate,Individual,Mild,মন্তব্যটি রাজনৈতিক ব্যক্তি বা দলের প্রতি একটি নির্দিষ্ট ব্যক্তির বিরুদ্ধে মাঝারি মাত্রার ঘৃণামূলক দৃষ্টিভঙ্গি প্রকাশ করে।,rule-contextual,False,pending,
33730,ধন্যবাদ প্রধানমন্ত্রীকে তবে পাপনকে অপসরণ করলে বাংলাদেশের ক্রিকেট থেকে পাপ মুক্ত হত,Abusive,Individual,Mild,"এই মন্তব্যের ভাষা ও সুর আক্রমণাত্মক এবং অবমাননাকর, যা একটি নির্দিষ্ট ব্যক্তির বিরুদ্ধে মাঝারি মাত্রার গালিগালাজমূলক বক্তব্য হিসেবে চিহ্নিত।",rule-contextual,False,pending,
12386,জাক না আরও কয়েকটি দিন দেখা যাইবনে সিংগেল কেমনে ডুয়েট হয়,,,Little to None,মন্তব্যটি সাধারণ মতামত প্রকাশ করে এবং এতে কোনো ঘৃণা বা সহিংসতামূলক উপাদান নেই।,rule-based,False,pending,
1390,ওরা তো আর বিরোধীদল নাআর বিরোধীদল মানে রাজাকার ওরা তাও নাতাহলে প্রশাসন কি করবে,Abusive,,Little to None,"এই মন্তব্যে ""রাজাকার"" শব্দ ব্যবহার করে অবমাননা করা হয়েছে, যা মৃদু বা গৌণ মাত্রার আক্রমণাত্মক ভাষা নির্দেশ করে।",rule-contextual,False,pending,
35359,ইসরাইল একদিন সারা পৃথিবীর জয় করবে জ্ঞান বিজ্ঞান দিয়ে মুসলমানদের মত আর জংলি বাদ দিয়ে নয়,Religious Hate,Community,Mild,"ধর্মীয় প্রেক্ষাপটে ""মুসলমান"" ব্যবহার করে নির্দিষ্ট সম্প্রদায় বা গোষ্ঠীকে প্রতি সাম্প্রদায়িক বিদ্বেষ প্রকাশ এটিকে মাঝারি মাত্রার ধর্মীয় ঘৃণামূলক বক্তব্য হিসেবে চিহ্নিত করে।",rule-contextual,False,pending,
20793,দেশের অথনীতির চাকা শ্রমিকরা ঘুরায় তাদের আইন ভুল হয় কি করে,Abusive,Community,Little to None,"এই মন্তব্যের ভাষা ও সুর আক্রমণাত্মক এবং অবমাননাকর, যা একটি সম্প্রদায় বা গোষ্ঠীর বিরুদ্ধে মৃদু বা গৌণ মাত্রার গালিগালাজমূলক বক্তব্য হিসেবে চিহ্নিত।",rule-contextual,False,pending,
11846,কোটি টাকা দিলেই তো সমাধান হয়ে যায় কাউয়ারে,Abusive,Individual,Mild,"এই মন্তব্যের ভাষা ও সুর আক্রমণাত্মক এবং অবমাননাকর, যা একটি নির্দিষ্ট ব্যক্তির বিরুদ্ধে মাঝারি মাত্রার গালিগালাজমূলক বক্তব্য হিসেবে চিহ্নিত।",rule-contextual,False,pending,
4860,ফালতু নিউজ না করে সত্যি টা বল্লে কি সমস্যা আছে বাংলাদেশ আনে না না কি ভারত দিচ্ছে না,Abusive,Organization,Little to None,এই বক্তব্যে ব্যবহৃত ভাষা ও দৃষ্টিভঙ্গি একটি সংগঠন বা প্রতিষ্ঠানের বিরুদ্ধে মৃদু বা গৌণ মাত্রার গালিগালাজমূলক মন্তব্য প্রকাশ করে।,rule-contextual,False,pending,
5933,সবাই টাকা চুরি করে আর তুই আমাদের আধিকার কেরে নিচছ বোট চুরি করে,Political Hate,Organization,Severe,"মন্তব্যকারী ""নিচ"" এর প্রসঙ্গে নির্দিষ্ট সংগঠন বা প্রতিষ্ঠানকে সম্পর্কে তীব্র ও গুরুতর মাত্রার রাজনৈতিক বিদ্বেষ ও ঘৃণা প্রকাশ করেছেন।",rule-contextual,False,pending,
21113,আগে মহিলাকে জুতা দিয়া পিটানো উচিত এক সংসার ভেঙ্গে আসছে আবার আরের মেয়ের সংসার ভাঙ্গার জন্য চেষ্ট করছে লজ্জাও করে না জেনে শুনে বিবাহিত পুরুষের সাথে প্রেম করছে আবার নেকামি আর লোকটার কথা কি বলব আসলে কিছু বেডা মানুষ কুত্তার মতো হাড্ডি দেখলেই দৌড় দেয় একবারও ভাবে না এটা কি ভালো না বিশ মাখানো আছে আজিব দুনিয়া,Abusive,Individual,Severe,"মন্তব্যটিতে ""কুত্তা"", ""লজ্জা"" এর মতো আক্রমণাত্মক ভাষা ব্যবহার করে নির্দিষ্ট ব্যক্তিকে লক্ষ্য করা হয়েছে। এটি তীব্র ও গুরুতর মাত্রার গালিগালাজমূলক বক্তব্য।",rule-contextual,False,pending,
7874,অস্ত্র পাঠাও মজা বুঝ,,,Little to None,"এই মন্তব্যে কোনো আপত্তিকর, অশ্লীল বা ঘৃণাজনক বিষয়বস্তু নেই এবং এটি স্বাভাবিক আলোচনার অংশ।",rule-based,False,pending,
12523,আসল চেহারা ফুটিয়ে তোলার জন্য ধন্যবাদ এটাই তোমাগো পুরানো রুপক্ষমতায় আসলে যে কি করবা তা জনগনের বুঝতে বাকি নাই,,,Little to None,এই বাক্যে কোনো ঘৃণামূলক শব্দ বা আক্রমণাত্মক প্রকাশ নেই এবং এটি সাধারণ মতামত প্রকাশ করে।,rule-based,False,pending,
12863,বিএনপি আরো ১৮ বছর আগে কি করছে সেটা বলতেছেন এই ১৮ বছর আপনারা কি করছেন জনতা জানতে চায়,Political Hate,Organization,Little to None,"নির্দিষ্ট সংগঠন বা প্রতিষ্ঠানকে বিরুদ্ধে ""বিএনপি"" এর মতো রাজনৈতিক বিদ্বেষমূলক শব্দ ব্যবহার করা হয়েছে। এটি মৃদু বা গৌণ মাত্রার রাজনৈতিক ঘৃণা প্রকাশ করে।",rule-contextual,False,pending,
2881,এইটা চরম মিথ্যা সবাই এই সাংবাদিকের কথা কেন বিশ্বাস করছে সবাই,Abusive,Individual,Mild,"এই মন্তব্যের ভাষা ও সুর আক্রমণাত্মক এবং অবমাননাকর, যা একটি নির্দিষ্ট ব্যক্তির বিরুদ্ধে মাঝারি মাত্রার গালিগালাজমূলক বক্তব্য হিসেবে চিহ্নিত।",rule-contextual,False,pending,
29249,ভাই ও বোনেরা তোমরা কেউ নামাজ ছেরো না নামাজ বিপদের বন্ধু,,,Little to None,এই বাক্যে কোনো ঘৃণামূলক শব্দ বা আক্রমণাত্মক প্রকাশ নেই এবং এটি সাধারণ মতামত প্রকাশ করে।,rule-based,False,pending,
19846,পাম দিস না পাম দিস না,,,Little to None,এটি একটি নিরপেক্ষ মন্তব্য যেখানে কাউকে লক্ষ্য করে কোনো অবমাননাকর বা বৈষম্যমূলক ভাষা ব্যবহার করা হয়নি।,rule-based,False,pending,
2571,দ্রব্যমূল্য নিয়ন্ত্রণে সরকার ব্যর্থ মনুষ্য সুষ্ঠ দুর্যোগের ব্যবস্থা নেওয়া হয় না কেন,Political Hate,Organization,Little to None,"এই মন্তব্যে ""সরকার"" সম্পর্কিত রাজনৈতিক ঘৃণা প্রকাশ পেয়েছে যেখানে নির্দিষ্ট সংগঠন বা প্রতিষ্ঠানকে আক্রমণের লক্ষ্যবস্তু। তীব্রতা মৃদু বা গৌণ মাত্রার।",rule-contextual,False,pending,
33592,তাহলে কি বলদ কাজ করছে ২ জন উদ্ধার ৩৫০০০ ফিলিস্তিনের জীবন বিনিময়ে এতো বোমা এতো ধ্বংস করে জীবিত পাওয়া ইজরায়েলের ১০০ লাভ ফিলিস্তিনের দলের কোন,Abusive,Individual,Mild,"নির্দিষ্ট ব্যক্তিকে উদ্দেশ্যে ""ধ্বংস"" এর মতো অবমাননাকর শব্দ ব্যবহার এই মন্তব্যকে মাঝারি মাত্রার গালিগালাজ হিসেবে চিহ্নিত করে।",rule-contextual,False,pending,
7489,সময় টিভি কে ধন্যবাদ এধরণের খবর তুলে ধরার জন্য,,,Little to None,এটি একটি নিরপেক্ষ মন্তব্য যেখানে কাউকে লক্ষ্য করে কোনো অবমাননাকর বা বৈষম্যমূলক ভাষা ব্যবহার করা হয়নি।,rule-based,False,pending,
20878,ভারঠ এর দালাল বলায় অসময় মিঠিয়ার গায়ে লাগছে,Abusive,Organization,Severe,"মন্তব্যটিতে ""দালাল"" এর মতো আক্রমণাত্মক ভাষা ব্যবহার করে নির্দিষ্ট সংগঠন বা প্রতিষ্ঠানকে লক্ষ্য করা হয়েছে। এটি তীব্র ও গুরুতর মাত্রার গালিগালাজমূলক বক্তব্য।",rule-contextual,False,pending,
3672,হারামজাদা সাংবাদিক নামটা তিনার ভালোকরে নে তিনি কোটি আলেমের জনতার নয়নমণি তদের কে আছে হারামজাদা সাংবাদিক,Abusive,Individual,Severe,এই মন্তব্যে অশ্লীল ও কুরুচিপূর্ণ ভাষা ব্যবহার করে একটি নির্দিষ্ট ব্যক্তির বিরুদ্ধে তীব্র ও গুরুতর মাত্রার আপত্তিকর বক্তব্য প্রকাশ করা হয়েছে।,rule-contextual,False,pending,
17226,দুর্ঘটনা ঘটার পর নিয়ম অনিয়ম চোখে পরে সংবাদ মাধ্যম পুলিশ দমকল বাহিনী সহ সংশ্লিষ্টদেরতার আগে মাসোহারা নিয়ে চুপ থাকে,Abusive,Community,Mild,এই বক্তব্যে ব্যবহৃত ভাষা ও দৃষ্টিভঙ্গি একটি সম্প্রদায় বা গোষ্ঠীর বিরুদ্ধে মাঝারি মাত্রার গালিগালাজমূলক মন্তব্য প্রকাশ করে।,rule-contextual,False,pending,
15959,মনের মতো না হলেই তাকে জামাত শিবির ট্যাগ লাগিয়ে গায়েল করার চেষ্টা,Political Hate,,Mild,"বিরুদ্ধে ""জামাত"" এর মতো রাজনৈতিক বিদ্বেষমূলক শব্দ ব্যবহার করা হয়েছে। এটি মাঝারি মাত্রার রাজনৈতিক ঘৃণা প্রকাশ করে।",rule-contextual,False,pending,
6731,এই জনৈত রৌগি মারা যায় ভিতরে গেলে বুজা যায় কথায় আচে উপরে পিঠ পাট ভিতরে চদর ঘাট,Abusive,Individual,Little to None,"এই মন্তব্যে ""মারা"" শব্দ ব্যবহার করে নির্দিষ্ট ব্যক্তিকে অবমাননা করা হয়েছে, যা মৃদু বা গৌণ মাত্রার আক্রমণাত্মক ভাষা নির্দেশ করে।",rule-contextual,False,pending,
9570,এই বিষয় গুলো সবার জানা উচিত বিশেষ করে সরকারের উচ্চ পর্যায়ের নেতা কর্মীদের আমি বিগত দিনগুলোতে রাখাইন নিয়ে অনেক তথ্য পরিসংখ্যান দেখে যেটা বুঝতে পারলাম তা হলো রাখাইনে সবচেয়ে স্বার্থ রয়েছে চীন ও ভারতের তাই কোন দিনও রোহিঙ্গা সমস্যা সমাধান হবে না,Political Hate,Organization,Little to None,"রাজনৈতিক প্রেক্ষাপটে ""সরকার"" ব্যবহার করে নির্দিষ্ট সংগঠন বা প্রতিষ্ঠানকে প্রতি বিদ্বেষ প্রকাশ এই মন্তব্যকে মৃদু বা গৌণ মাত্রার রাজনৈতিক ঘৃণামূলক বক্তব্য করে তোলে।",rule-contextual,False,pending,
14213,ধন্যবাদ পুলিশ ভাই দের কে আর আইনের মাধ্যমে সঠিক বিচার করার আহবান জানাই সরকার এর প্রশাসন এর কাছে ফাঁসি চাই,Political Hate,Organization,Mild,"মন্তব্যটিতে ""সরকার"", ""শাসন"", ""পুলিশ"" উল্লেখ করে রাজনৈতিক বিদ্বেষ প্রকাশ করা হয়েছে। নির্দিষ্ট সংগঠন বা প্রতিষ্ঠানকে লক্ষ্য করে এই মাঝারি মাত্রার রাজনৈতিক ঘৃণামূলক বক্তব্য।",rule-contextual,False,pending,
10134,এটা একদম হাস্যকর এদেশের বাইকাররা কি বাইক চালায় চালায়তো বিমান যতোই গতিনিয়ন্ত্রণ দিক না কেনো তারা বিমান চালাবেই আর লেন এর কথা ওভারটেক করবে কি ভাবে তাহলে সরকার চায়না এদেশের সরক দুর্ঘটনা কমুক যদি চাইতো কখনোই বাইকারদের অনুমতি দিতোনা,Abusive,Community,Little to None,"মন্তব্যটিতে ""সরকার"" এর মতো আক্রমণাত্মক ও গালিগালাজমূলক ভাষা ব্যবহার করা হয়েছে। এটি একটি সম্প্রদায় বা গোষ্ঠীর বিরুদ্ধে মৃদু বা গৌণ মাত্রার বক্তব্য।",rule-contextual,False,pending,
23335,য়ার যার পোস্টাল নিজ দায়িত্বে কেন পরিস্কার করবেনা,,,Little to None,"মন্তব্যটিতে কোনো গালিগালাজ, বিদ্বেষ বা আপত্তিকর বিষয়বস্তু পাওয়া যায়নি বলে এটি নিরপেক্ষ মন্তব্য।",rule-based,False,pending,
29032,শুধু কাবিনের টাকার অসুস্থ সাড়ালে হবে না যৌতুক হারাম এটাকেও না বলতে হবে হবেইসলামিক আইন পরিপূর্ণ ভাবে প্রয়োগ না করলে এমনি হবে,,,Little to None,এই বাক্যে কোনো ঘৃণামূলক শব্দ বা আক্রমণাত্মক প্রকাশ নেই এবং এটি সাধারণ মতামত প্রকাশ করে।,rule-based,False,pending,
33088,আর কাহিনী পশ্চিমারা উত্তর করিয়া রে আটাক করার কাহিনি সাজাইতাসে,Abusive,Society,Mild,"মন্তব্যকারী ""মারা"" ব্যবহার করে সমাজ বা জাতিকে আক্রমণ করেছেন। ভাষার তীব্রতা মাঝারি মাত্রার বলে প্রতীয়মান।",rule-contextual,False,pending,
5140,রাষ্ট্রপতির নামে কেউ আছে নাকি ওটা তো একটা কলাগাছ,Abusive,Individual,Mild,মন্তব্যটির সামগ্রিক সুর ও ভাষা একটি নির্দিষ্ট ব্যক্তির বিরুদ্ধে মাঝারি মাত্রার আক্রমণাত্মক বক্তব্য নির্দেশ করে।,rule-contextual,False,pending,
7073,বোকা চোদার মতো ৩ মিনিটের ভিডিও তে ৩ বার অ্যাড কেন,Abusive,Organization,Mild,"এই মন্তব্যে ""বোকা"" জাতীয় অশ্লীল শব্দ ব্যবহার করে নির্দিষ্ট সংগঠন বা প্রতিষ্ঠানকে অবমাননা করা হয়েছে, যা মাঝারি মাত্রার কুরুচিপূর্ণ ভাষা নির্দেশ করে।",rule-contextual,False,pending,
29309,তোমাকে পতিরোদ করবে জনগন,Abusive,Individual,Little to None,"এই মন্তব্যের ভাষা ও সুর আক্রমণাত্মক এবং অবমাননাকর, যা একটি নির্দিষ্ট ব্যক্তির বিরুদ্ধে মৃদু বা গৌণ মাত্রার গালিগালাজমূলক বক্তব্য হিসেবে চিহ্নিত।",rule-contextual,False,pending,
8047,বাংলাদেশ জিন্দাবাদ কেএনএপ নিপাত যাক তাের যেখানে পাওয়া যাবে সেখানে কর্স পায় দিতে হবে,Abusive,Organization,Little to None,এই বক্তব্যে ব্যবহৃত ভাষা ও দৃষ্টিভঙ্গি একটি সংগঠন বা প্রতিষ্ঠানের বিরুদ্ধে মৃদু বা গৌণ মাত্রার গালিগালাজমূলক মন্তব্য প্রকাশ করে।,rule-contextual,False,pending,
33561,রাষ্ট্রপতি ফুপ্পু অবৈধ আচিনার পাচাটা কুত্তা,Abusive,Individual,Severe,"মন্তব্যকারী ""কুত্তা"" ব্যবহার করে নির্দিষ্ট ব্যক্তিকে আক্রমণ করেছেন। ভাষার তীব্রতা তীব্র ও গুরুতর মাত্রার বলে প্রতীয়মান।",rule-contextual,False,pending,
9590,এখন জেলে বসে জয় বাংলা স্লোগানের ফলাফল ভোগ করতে থাকবে,Political Hate,Individual,Little to None,এই মন্তব্যে রাজনৈতিক প্রেক্ষাপটে একটি নির্দিষ্ট ব্যক্তির বিরুদ্ধে মৃদু বা গৌণ মাত্রার বিদ্বেষ ও ঘৃণা প্রকাশ করা হয়েছে।,rule-contextual,False,pending,
33956,এতো বর ইউটিউব চেনেল কিন্তু ডাকাতির বানান ভুল,Abusive,Organization,Little to None,"এই মন্তব্যে ""ডাকাত"" শব্দ ব্যবহার করে নির্দিষ্ট সংগঠন বা প্রতিষ্ঠানকে অবমাননা করা হয়েছে, যা মৃদু বা গৌণ মাত্রার আক্রমণাত্মক ভাষা নির্দেশ করে।",rule-contextual,False,pending,
2112,এরা কিশোর নয় সন্ত্রাসী এদের গডফাদারেরা সব সময়ই ধোরা চোয়ার বাহিরে থেকে যায় তাইতো সন্ত্রাসীদের উৎপাত এতো বেড়ে গেছে,Abusive,Community,Mild,"এই মন্তব্যের ভাষা ও সুর আক্রমণাত্মক এবং অবমাননাকর, যা একটি সম্প্রদায় বা গোষ্ঠীর বিরুদ্ধে মাঝারি মাত্রার গালিগালাজমূলক বক্তব্য হিসেবে চিহ্নিত।",rule-contextual,False,pending,
30736,ইস ছোট বাচ্চা কেন এনডোসকপি করলোআমি বড় মানুষ আমার যে কি কষ্ট লাগছিলো আর ও তো ছোট বাচ্চা আমি ডাঃ রের ফাঁসি চাই,Abusive,Individual,Mild,"নির্দিষ্ট ব্যক্তিকে উদ্দেশ্যে ""ফাঁসি"" এর মতো অবমাননাকর শব্দ ব্যবহার এই মন্তব্যকে মাঝারি মাত্রার গালিগালাজ হিসেবে চিহ্নিত করে।",rule-contextual,False,pending,
19557,এত বড় বড় দেশে ছোট ছোট ঘটনা ঘটতেই পারে বাংলাদেশ এর চ্যানেল তো যুদ্ধ লাগিয়ে ই ছারবে,Abusive,Organization,Little to None,এই বক্তব্যে ব্যবহৃত ভাষা ও দৃষ্টিভঙ্গি একটি সংগঠন বা প্রতিষ্ঠানের বিরুদ্ধে মৃদু বা গৌণ মাত্রার গালিগালাজমূলক মন্তব্য প্রকাশ করে।,rule-contextual,False,pending,
18477,গাউসিয়া কমিটিকে ধন্যবাদ,,,Little to None,এই বাক্যে কোনো ঘৃণামূলক শব্দ বা আক্রমণাত্মক প্রকাশ নেই এবং এটি সাধারণ মতামত প্রকাশ করে।,rule-based,False,pending,
16807,শিক্ষাটা যে সেষ করছেন মানুষ তা যানে,,,Little to None,"মন্তব্যটিতে কোনো গালিগালাজ, বিদ্বেষ বা আপত্তিকর বিষয়বস্তু পাওয়া যায়নি বলে এটি নিরপেক্ষ মন্তব্য।",rule-based,False,pending,
604,অতল তল দেশে খুজতে গিয়ে নিজেরাই অতল দেশ হয়ে গেছে আজ যদি তারা বেছে ফিরে আসতো তাহলে মনে হতো অনেক বড় কাজ করে ফেলেছে কি দরকার ছিল,Abusive,Community,Mild,মন্তব্যটির সামগ্রিক সুর ও ভাষা একটি সম্প্রদায় বা গোষ্ঠীর বিরুদ্ধে মাঝারি মাত্রার আক্রমণাত্মক বক্তব্য নির্দেশ করে।,rule-contextual,False,pending,
6270,সব কঠোরতা কেন শিক্ষকদের উপর,,,Little to None,"মন্তব্যটিতে কোনো গালিগালাজ, বিদ্বেষ বা আপত্তিকর বিষয়বস্তু পাওয়া যায়নি বলে এটি নিরপেক্ষ মন্তব্য।",rule-based,False,pending,
33317,আর বাংলাদেশী মিডিয়া গুলো মাঝে মাঝে যে সংবাদ প্রচার করে মনে হয় আমাদের মিডিয়া গুলো রাশিয়ার সাথে যুদ্ধ করছে ইউক্রেন এর হয়ে,,,Little to None,"এই মন্তব্যে কোনো ঘৃণামূলক, আক্রমণাত্মক বা বৈষম্যমূলক ভাষা নেই, তাই এটি স্বাভাবিক মন্তব্য হিসেবে শ্রেণিবদ্ধ।",rule-based,False,pending,
26009,লাখো মুসলমানদের হত্যাকারী এই ভয়ংকর জাতির দেশের অরাজকতা আল্লাহ পাকের হুকুমে সারা জীবন চলতে থাকুক আমিন,Religious Hate,Society,Little to None,"মন্তব্যটিতে ""মুসলমান"", ""আল্লাহ"" উল্লেখ করে ধর্মীয় বিদ্বেষ প্রকাশ করা হয়েছে। সমাজ বা জাতিকে লক্ষ্য করে এটি মৃদু বা গৌণ মাত্রার সাম্প্রদায়িক ঘৃণামূলক বক্তব্য।",rule-contextual,False,pending,
33161,জনগণের বিপক্ষে নিউজে সবাই ডিস লাইক দিবেনআর জনগণের পক্ষে নিউজ হলে লাইক দিবেন তাহলেই আমাদের হলুদ তৈলবাজ মিডিয়া গুলো নিউজ করার আগে চিন্তা করবে,Abusive,Organization,Mild,এই বক্তব্যে ব্যবহৃত ভাষা ও দৃষ্টিভঙ্গি একটি সংগঠন বা প্রতিষ্ঠানের বিরুদ্ধে মাঝারি মাত্রার গালিগালাজমূলক মন্তব্য প্রকাশ করে।,rule-contextual,False,pending,
28673,জাতিসংঘ হচ্ছে চোরের মার বড় গলা,Abusive,Organization,Severe,"মন্তব্যকারী ""চোর"" ব্যবহার করে নির্দিষ্ট সংগঠন বা প্রতিষ্ঠানকে আক্রমণ করেছেন। ভাষার তীব্রতা তীব্র ও গুরুতর মাত্রার বলে প্রতীয়মান।",rule-contextual,False,pending,
26176,আসলে এয় সেলেদের কোন দুস নাই অগ দিয়া করানু হইসে,,,Little to None,"মন্তব্যটিতে কোনো নির্দিষ্ট ব্যক্তি, গোষ্ঠী বা সম্প্রদায়ের বিরুদ্ধে ঘৃণা বা বিদ্বেষ প্রকাশ পায়নি।",rule-based,False,pending,
6864,সম্ভাবনা কোনো কথা নাই সকালে ছিলো ৮ নং এখন ১০ আল্লাহ চাইলে গতি বাড়াতে ও পারে কমাতে ও পারেমোড় ঘুরিয়েও দিতে পারে সবাই আল্লাহর সাহায্য চান এই গজব থেকে পানাহ চান,Religious Hate,,Mild,এই মন্তব্যে ধর্মীয় প্রেক্ষাপটে সাধারণভাবে মাঝারি মাত্রার সাম্প্রদায়িক বিদ্বেষ প্রকাশ করা হয়েছে।,rule-contextual,False,pending,
3038,ইউরোপিয় ইউনিয়ন তো সবসময় সরাসরি মুসলমান দের শত্রু ওরা সবসময় ইসলাম এর বিরুদ্ধে কাজ করে,Abusive,Community,Mild,"মন্তব্যটিতে ""মুসলমান"", ""ইসলাম"" এর মতো আক্রমণাত্মক ও গালিগালাজমূলক ভাষা ব্যবহার করা হয়েছে। এটি একটি সম্প্রদায় বা গোষ্ঠীর বিরুদ্ধে মাঝারি মাত্রার বক্তব্য।",rule-contextual,False,pending,
1703,আমার একটা বিষয় বেশ ভালো লাগছে যে বাংলাদেশের মিডিয়া গুলো ফিলিস্তিনের অসহায় মুসলমানদের পক্ষে সঠিক সংবাদ গুলোই উপস্থাপন করছে,,,Little to None,এই বাক্যে কোনো ঘৃণামূলক শব্দ বা আক্রমণাত্মক প্রকাশ নেই এবং এটি সাধারণ মতামত প্রকাশ করে।,rule-based,False,pending,
15243,প্রতিবন্ধী ক্রিকেট দলকে সত্যিকারের প্রণোদনা দিতে পারবেন উনি,,,Little to None,মন্তব্যকারী সাধারণ বিষয়ে মতামত দিয়েছেন এবং কোনো ঘৃণামূলক বক্তব্য প্রকাশ করেননি।,rule-based,False,pending,
28504,এসব রাশিয়ার প্রোপাগান্ডা ছাড়া আর কিছুই না,Abusive,Society,Mild,মন্তব্যটির সামগ্রিক সুর ও ভাষা সামগ্রিকভাবে সমাজ বা জাতির বিরুদ্ধে মাঝারি মাত্রার আক্রমণাত্মক বক্তব্য নির্দেশ করে।,rule-contextual,False,pending,
561,বন্ধু রাষ্ট্র যদি বন্ধু রাষ্ট্রের খবর না রাখে তা কি হয়,,,Little to None,এই বাক্যে কোনো ঘৃণামূলক শব্দ বা আক্রমণাত্মক প্রকাশ নেই এবং এটি সাধারণ মতামত প্রকাশ করে।,rule-based,False,pending,
21885,বিএনপির শাসনামলে শেখ হাসিনার জনসভায় গ্রেনেড হামলা করে ২২ জন নিরপরাধ লোককে হত্যা করা হয়েছিল এমন কি ওই হামলায় আহত লোকদেরকে সরকারি হাসপাতালে চিকিৎসার পর্যন্ত সুযোগ দেওয়া হয় নাই কি অমানবিক ছিল সেই আমলের বিএনপি সরকার আল্লাহ হত্যাকারীদেরকে ক্ষমা করেন না,Political Hate,Organization,Mild,"মন্তব্যটিতে ""সরকার"", ""বিএনপি"", ""হাসিনা"" উল্লেখ করে রাজনৈতিক বিদ্বেষ প্রকাশ করা হয়েছে। নির্দিষ্ট সংগঠন বা প্রতিষ্ঠানকে লক্ষ্য করে এই মাঝারি মাত্রার রাজনৈতিক ঘৃণামূলক বক্তব্য।",rule-contextual,False,pending,
12168,কোনো কিছু জানতে চাইলে সোজা করে বলে আমি জানতাম না পাপুইন্না জানেটা কি তাহলে তুমি বালডাও জান না দখল করে আছে আছ বিসিবিটা বাপের সম্পত্তি বানাইয়া,Abusive,Individual,Severe,"মন্তব্যটিতে ""বাল"" এর মতো আক্রমণাত্মক ও গালিগালাজমূলক ভাষা ব্যবহার করা হয়েছে। এটি একটি নির্দিষ্ট ব্যক্তির বিরুদ্ধে তীব্র ও গুরুতর মাত্রার বক্তব্য।",rule-contextual,False,pending,
8234,মাসাআল্লাহ্ অনেক সুন্দর একটা উদ্দোগ,,,Little to None,এই বাক্যে কোনো ঘৃণামূলক শব্দ বা আক্রমণাত্মক প্রকাশ নেই এবং এটি সাধারণ মতামত প্রকাশ করে।,rule-based,False,pending,
1285,ভারত বাল দিয়েও গুনে না বাংলাদেশেকে যুদ্ধের পর থেকে তার নমুনা বোঝা যায় এসব নিয়ে আলোচনা করা বোকামি,Political Hate,Organization,Severe,"নির্দিষ্ট সংগঠন বা প্রতিষ্ঠানকে বিরুদ্ধে ""বোকা"" এর মতো রাজনৈতিক বিদ্বেষমূলক শব্দ ব্যবহার করা হয়েছে। এটি তীব্র ও গুরুতর মাত্রার রাজনৈতিক ঘৃণা প্রকাশ করে।",rule-contextual,False,pending,
16162,আজ যদি আমরা মুসলিমরা ইসলামের আদর্শ থেকে বিচ্ছিন্ন না হতাম তাহলে ফিলিস্তিন বাসির এই দুর্দশা দেখতে হত না,,,Little to None,"এই মন্তব্যে কোনো ঘৃণামূলক, আক্রমণাত্মক বা বৈষম্যমূলক ভাষা নেই, তাই এটি স্বাভাবিক মন্তব্য হিসেবে শ্রেণিবদ্ধ।",rule-based,False,pending,
13175,দালাল রা দেশ চালালে এই অবস্থা হবে দুঃখের বিষয় ৫১ বছর হয়ে গেল বাংলাদেশ একটা দেশ পেমিক সরকার পেল না পেয়ে ছে শুধু দালাল আর দালাল,Abusive,Organization,Mild,"মন্তব্যটিতে ""দালাল"" এর মতো আক্রমণাত্মক ভাষা ব্যবহার করে নির্দিষ্ট সংগঠন বা প্রতিষ্ঠানকে লক্ষ্য করা হয়েছে। এটি মাঝারি মাত্রার গালিগালাজমূলক বক্তব্য।",rule-contextual,False,pending,
10722,সালা নেতা এখনো মরেনি,Abusive,Individual,Severe,এই বক্তব্যে ব্যবহৃত অশ্লীল ভাষা একটি নির্দিষ্ট ব্যক্তির বিরুদ্ধে তীব্র ও গুরুতর মাত্রার কুরুচিপূর্ণ মন্তব্য নির্দেশ করে।,rule-contextual,False,pending,
5786,বাফুফে এগুলা কিছুই করতে পারবে না আর ত একাডেমি ভবন,Abusive,Organization,Little to None,এই বক্তব্যে ব্যবহৃত ভাষা ও দৃষ্টিভঙ্গি একটি সংগঠন বা প্রতিষ্ঠানের বিরুদ্ধে মৃদু বা গৌণ মাত্রার গালিগালাজমূলক মন্তব্য প্রকাশ করে।,rule-contextual,False,pending,
7325,গণতন্ত্র না বলে বুর্জোয়া গণতন্ত্র বা ধনতন্ত্র বলা ভাল,Political Hate,Society,Mild,মন্তব্যটি রাজনৈতিক ব্যক্তি বা দলের প্রতি সামগ্রিকভাবে সমাজ বা জাতির বিরুদ্ধে মাঝারি মাত্রার ঘৃণামূলক দৃষ্টিভঙ্গি প্রকাশ করে।,rule-contextual,False,pending,
2076,এই স্যার কে আমি অনেক সম্মান করতাম এখন আর করি না উনি একসময় এক কথা বলে মানি দালালি একটু বেসি করে,Abusive,Individual,Severe,"এই মন্তব্যে ""দালাল"" শব্দ ব্যবহার করে নির্দিষ্ট ব্যক্তিকে অবমাননা করা হয়েছে, যা তীব্র ও গুরুতর মাত্রার আক্রমণাত্মক ভাষা নির্দেশ করে।",rule-contextual,False,pending,
3183,সাপ কখনো বন্ধু হতে পারেনা আর মুসলিম তো কখনোই না,Religious Hate,Community,Little to None,"ধর্মীয় প্রেক্ষাপটে ""মুসলিম"", ""বন্ধ"" ব্যবহার করে নির্দিষ্ট সম্প্রদায় বা গোষ্ঠীকে প্রতি সাম্প্রদায়িক বিদ্বেষ প্রকাশ এটিকে মৃদু বা গৌণ মাত্রার ধর্মীয় ঘৃণামূলক বক্তব্য হিসেবে চিহ্নিত করে।",rule-contextual,False,pending,
14909,রংপুরের উন্নতি কখনো হবে বলে মনে হয় না কেননা স্ত্রী মানুষের তার স্বামীর বাড়ির প্রতি মায়া কম থাকলে সে স্বামীর বাড়িতে কি আর উন্নতি হয়,Abusive,,Little to None,"এই মন্তব্যের ভাষা ও সুর আক্রমণাত্মক এবং অবমাননাকর, যা সাধারণভাবে মৃদু বা গৌণ মাত্রার গালিগালাজমূলক বক্তব্য হিসেবে চিহ্নিত।",rule-contextual,False,pending,
23303,আজরাইলে কী তরে দেখে না,Abusive,Individual,Severe,এই বক্তব্যে ব্যবহৃত ভাষা ও দৃষ্টিভঙ্গি একটি নির্দিষ্ট ব্যক্তির বিরুদ্ধে তীব্র ও গুরুতর মাত্রার গালিগালাজমূলক মন্তব্য প্রকাশ করে।,rule-contextual,False,pending,
27274,আমার হাঁশি পাচ্ছে এই ভেবে যে আরব জাহান নাকি একজোট হবে কোন দিনই না ৷ মুসলিম জাহান ভাতৃঘাতি ৷ একজোট হয়ে তারা তেল আবিব এর বিরুদ্ধে যাবে না তাদের মতে ফিলিস্থিন গোল্লায় যাক ৷ তাই আরব লীগ ফিলিস্থিনের স্বাধীনতার বিষয়ে কেহ কিছু বলেনা তার কারন তেল আবিব সডোমী জাতি অথাৎ সমকামি অথাৎ নারীনারী আবার পুরুষপুরুষ সমকাম করে যা আরব লীগের আনন্দের কারণ ৷ আপনার কি মনে হয়,,,Little to None,এটি একটি নিরপেক্ষ মন্তব্য যেখানে কাউকে লক্ষ্য করে কোনো অবমাননাকর বা বৈষম্যমূলক ভাষা ব্যবহার করা হয়নি।,rule-based,False,pending,
30483,খেলা দিন দিন যা হাল হচ্ছে,,,Little to None,এটি একটি নিরপেক্ষ মন্তব্য যেখানে কাউকে লক্ষ্য করে কোনো অবমাননাকর বা বৈষম্যমূলক ভাষা ব্যবহার করা হয়নি।,rule-based,False,pending,
11277,দেশের এত উন্নত বা উন্নয়ন হবে দেশ বিরুধিরা জানত তাইত ২৯ বার মেরে ফেলার জন্য শেখ হাসিনার উপরে হামলা রাখে আল্লাহ মারে কে এখনো এত উন্নয়ন সৈয্য হচ্ছেনা তাইত হাজার হাজার মিথ্যা কথাদেশ বিরুধি র্স্বযন্ত হচ্ছে ও ক্ষমতায় আসতে পারবেনা বলেই দেশ বিরুধিরা বিদেশিদের কাছে ঘুরে ঘুরে মিথ্যার ছরা ছরি ছরাচ্ছে তাই বলে কি সাধারন জনতর ভোট পাবে কখনোই পাবেনা,Political Hate,Community,Mild,"মন্তব্যকারী ""হাসিনা"", ""ভোট"", ""ক্ষমতা"" এর প্রসঙ্গে নির্দিষ্ট সম্প্রদায় বা গোষ্ঠীকে সম্পর্কে মাঝারি মাত্রার রাজনৈতিক বিদ্বেষ ও ঘৃণা প্রকাশ করেছেন।",rule-contextual,False,pending,
2383,আওয়ামীলীগ এ জারাই ভাষন দেন না কেনতারা তাদের ভাষনে এসপস্টো বুঝায় তারা জোর করে খমতায় থাকতে চায়,Political Hate,Organization,Mild,"রাজনৈতিক প্রেক্ষাপটে ""লীগ"" ব্যবহার করে নির্দিষ্ট সংগঠন বা প্রতিষ্ঠানকে প্রতি বিদ্বেষ প্রকাশ এই মন্তব্যকে মাঝারি মাত্রার রাজনৈতিক ঘৃণামূলক বক্তব্য করে তোলে।",rule-contextual,False,pending,
1944,আমেরিকার সরকার সারা বিশ্বের মানুষকে পরমাণু যুদ্ধের দিকে ঠেলে দিচ্ছে,Political Hate,Society,Mild,"সমাজ বা জাতিকে বিরুদ্ধে ""সরকার"" এর মতো রাজনৈতিক বিদ্বেষমূলক শব্দ ব্যবহার করা হয়েছে। এটি মাঝারি মাত্রার রাজনৈতিক ঘৃণা প্রকাশ করে।",rule-contextual,False,pending,
14359,দূর্নীতি হবেনা গ্যারান্টি কি অলরেডি ৫ টা সড়ক করেও যানযট কমাতে পারেনাই,Abusive,,Mild,এই বক্তব্যে ব্যবহৃত ভাষা ও দৃষ্টিভঙ্গি সাধারণভাবে মাঝারি মাত্রার গালিগালাজমূলক মন্তব্য প্রকাশ করে।,rule-contextual,False,pending,
27518,তোদের জন্য এগুলো,,,Little to None,মন্তব্যকারী সাধারণ বিষয়ে মতামত দিয়েছেন এবং কোনো ঘৃণামূলক বক্তব্য প্রকাশ করেননি।,rule-based,False,pending,
15403,বিএনপির মায়রে চোদি বাংলাদেশেে একটা দলথাকবে সেটাহলো আওয়ামী লীগ এছারা অন্য কোনু দল থাকবেনা বিএনপির রা হলো রাজাকারবাহিনী,Abusive,Organization,Severe,"নির্দিষ্ট সংগঠন বা প্রতিষ্ঠানকে উদ্দেশ্যে ""রাজাকার"" এর মতো চরম অশ্লীল ভাষা প্রয়োগ এই মন্তব্যকে তীব্র ও গুরুতর মাত্রার অশ্লীল বক্তব্য হিসেবে শ্রেণিবদ্ধ করে।",rule-contextual,False,pending,
9177,আমেরিকার কে ভরে দে,Abusive,Community,Severe,এই বক্তব্যে ব্যবহৃত ভাষা ও দৃষ্টিভঙ্গি একটি সম্প্রদায় বা গোষ্ঠীর বিরুদ্ধে তীব্র ও গুরুতর মাত্রার গালিগালাজমূলক মন্তব্য প্রকাশ করে।,rule-contextual,False,pending,
250,সব দেশের সাথেই বন্ধুত্ব চাই কিন্তু বাংলাদেশের জনগণকে সাথে বন্ধুত্ব চায় না হাসিনা এটাও বাস্তব,Political Hate,Individual,Little to None,"মন্তব্যটিতে ""হাসিনা"", ""বন্ধ"" উল্লেখ করে রাজনৈতিক বিদ্বেষ প্রকাশ করা হয়েছে। নির্দিষ্ট ব্যক্তিকে লক্ষ্য করে এই মৃদু বা গৌণ মাত্রার রাজনৈতিক ঘৃণামূলক বক্তব্য।",rule-contextual,False,pending,
4937,বাঙালী কেয়ামত হইলেও কেয়ামতের উৎসব করবো,Abusive,Society,Mild,"এই মন্তব্যের ভাষা ও সুর আক্রমণাত্মক এবং অবমাননাকর, যা সামগ্রিকভাবে সমাজ বা জাতির বিরুদ্ধে মাঝারি মাত্রার গালিগালাজমূলক বক্তব্য হিসেবে চিহ্নিত।",rule-contextual,False,pending,
5990,দেশের বিরুদ্ধে সকল ষড়যন্ত্রের পেছনে বাংলাদেশ নেস্টি পার্টি বি এন পি,Political Hate,Organization,Severe,রাজনৈতিক বিষয়ে একটি সংগঠন বা প্রতিষ্ঠানের বিরুদ্ধে তীব্র ও গুরুতর মাত্রার বিদ্বেষপূর্ণ মনোভাব এই মন্তব্যে স্পষ্ট।,rule-contextual,False,pending,
19066,পৃথিবীর আজবতম দেশ এসব বছরের পর বছর চললেও দেখার কেউ নাই খালি শুনি সিন্ডিকেট এই সিন্ডিকেট কারা এরা তো দেখি সরকারের চেয়েও শক্তিসালী,Political Hate,Community,Little to None,"নির্দিষ্ট সম্প্রদায় বা গোষ্ঠীকে বিরুদ্ধে ""সরকার"" এর মতো রাজনৈতিক বিদ্বেষমূলক শব্দ ব্যবহার করা হয়েছে। এটি মৃদু বা গৌণ মাত্রার রাজনৈতিক ঘৃণা প্রকাশ করে।",rule-contextual,False,pending,
15784,হামলা করেছে আওয়ামীলীগ এসব ভুয়া খবর জনগণ আর খায় না সাংবাদিক নয়এরা সাংঘাতিক,Political Hate,Organization,Severe,"এই মন্তব্যে ""লীগ"" সম্পর্কিত রাজনৈতিক ঘৃণা প্রকাশ পেয়েছে যেখানে নির্দিষ্ট সংগঠন বা প্রতিষ্ঠানকে আক্রমণের লক্ষ্যবস্তু। তীব্রতা তীব্র ও গুরুতর মাত্রার।",rule-contextual,False,pending,
936,মুসলিম হলে ডাক পড়তো না ভারতকে খুশি করার প্রয়াস,Abusive,Society,Mild,"সমাজ বা জাতিকে উদ্দেশ্যে ""মুসলিম"", ""পড়তো"" এর মতো অবমাননাকর শব্দ ব্যবহার এই মন্তব্যকে মাঝারি মাত্রার গালিগালাজ হিসেবে চিহ্নিত করে।",rule-contextual,False,pending,
20657,এসব কথা বললে হবে না মানুষ কিনে খেতে পারে এমন দাম করেন আল্লাহ তায়ালা কাছে হিসাব দেয়া লাগবে মানুষ কথা বিবেচনা করে দাম কমান,,,Little to None,মন্তব্যকারী সাধারণ বিষয়ে মতামত দিয়েছেন এবং কোনো ঘৃণামূলক বক্তব্য প্রকাশ করেননি।,rule-based,False,pending,
10863,বাজে মুনত্রিদের কথার কোনো দাম নাই,Political Hate,Individual,Little to None,মন্তব্যটি রাজনৈতিক ব্যক্তি বা দলের প্রতি একটি নির্দিষ্ট ব্যক্তির বিরুদ্ধে মৃদু বা গৌণ মাত্রার ঘৃণামূলক দৃষ্টিভঙ্গি প্রকাশ করে।,rule-contextual,False,pending,
3718,চুন্নু একজন বাটপার ও দালাল,Abusive,Individual,Severe,"মন্তব্যকারী ""বাটপার"", ""দালাল"" ব্যবহার করে নির্দিষ্ট ব্যক্তিকে আক্রমণ করেছেন। ভাষার তীব্রতা তীব্র ও গুরুতর মাত্রার বলে প্রতীয়মান।",rule-contextual,False,pending,
27948,ওরে মিথ্যাবাদী তর বিচার আল্লাহ করবে,Abusive,Individual,Little to None,"মন্তব্যকারী ""মিথ্যাবাদী"" ব্যবহার করে নির্দিষ্ট ব্যক্তিকে আক্রমণ করেছেন। ভাষার তীব্রতা মৃদু বা গৌণ মাত্রার বলে প্রতীয়মান।",rule-contextual,False,pending,
15636,ন্যাটোই আজ ইউক্রেন ধ্বংসের মূল কারিগর এই ন্যাটোই হবে আগামী তৃত্বীয় বিশ্বযুদ্ধের মূল কারন৷,,,Little to None,"এই মন্তব্যে কোনো ঘৃণামূলক, আক্রমণাত্মক বা বৈষম্যমূলক ভাষা নেই, তাই এটি স্বাভাবিক মন্তব্য হিসেবে শ্রেণিবদ্ধ।",rule-based,False,pending,
19602,কাকা ইন্টারনেট এত স্লো কেন,,,Little to None,"মন্তব্যটিতে কোনো নির্দিষ্ট ব্যক্তি, গোষ্ঠী বা সম্প্রদায়ের বিরুদ্ধে ঘৃণা বা বিদ্বেষ প্রকাশ পায়নি।",rule-based,False,pending,
32970,বেয়াদব কারে কয় এদের না দেখলে বুঝা যেত না,Abusive,Community,Severe,"মন্তব্যটিতে ""বেয়াদব"" এর মতো আক্রমণাত্মক ভাষা ব্যবহার করে নির্দিষ্ট সম্প্রদায় বা গোষ্ঠীকে লক্ষ্য করা হয়েছে। এটি তীব্র ও গুরুতর মাত্রার গালিগালাজমূলক বক্তব্য।",rule-contextual,False,pending,
21539,আরো কতকিছু দেখাবে সাংঘাতিক ভাইয়েরা,Abusive,Community,Mild,মন্তব্যটির সামগ্রিক সুর ও ভাষা একটি সম্প্রদায় বা গোষ্ঠীর বিরুদ্ধে মাঝারি মাত্রার আক্রমণাত্মক বক্তব্য নির্দেশ করে।,rule-contextual,False,pending,
1800,হাসিনা চুনি ভোটের মধ্যে একটা মানুষ মিতু খুব সরকার চাই না ভোট চোর,Political Hate,Individual,Mild,"এই মন্তব্যে ""সরকার"", ""হাসিনা"", ""ভোট"" সম্পর্কিত রাজনৈতিক ঘৃণা প্রকাশ পেয়েছে যেখানে নির্দিষ্ট ব্যক্তিকে আক্রমণের লক্ষ্যবস্তু। তীব্রতা মাঝারি মাত্রার।",rule-contextual,False,pending,
34198,অরে ভাই মোদের বরিশাল সহরের কথা কিছু কন,,,Little to None,মন্তব্যকারী সাধারণ বিষয়ে মতামত দিয়েছেন এবং কোনো ঘৃণামূলক বক্তব্য প্রকাশ করেননি।,rule-based,False,pending,
27157,বিএনপি নির্বাচনে অংশ না নিলে আবারো ভুল করবে৷,,,Little to None,"এই মন্তব্যে কোনো আপত্তিকর, অশ্লীল বা ঘৃণাজনক বিষয়বস্তু নেই এবং এটি স্বাভাবিক আলোচনার অংশ।",rule-based,False,pending,
11364,সেস হোক বা না হোক ভোট ছারা ক্ষমতা গিয়ে তেল লাকছেমুখে এই কাউয়া দেসটা তোর বাবার একার নয় এই দেসটা সবার,Abusive,Individual,Mild,"মন্তব্যটিতে ""ভোট"" এর মতো আক্রমণাত্মক ও গালিগালাজমূলক ভাষা ব্যবহার করা হয়েছে। এটি একটি নির্দিষ্ট ব্যক্তির বিরুদ্ধে মাঝারি মাত্রার বক্তব্য।",rule-contextual,False,pending,
26987,এক নাম্বার কারণ হীনস্বার্থ চরিতার্থ করতেই এবং হালুয়া রুটির ভাগীদার হওয়ার জন্য,,,Little to None,মন্তব্যটি সাধারণ মতামত প্রকাশ করে এবং এতে কোনো ঘৃণা বা সহিংসতামূলক উপাদান নেই।,rule-based,False,pending,
14285,জেলনস্কি শালার পুতে আগে মেরে ফেলার দরকার,Abusive,Individual,Severe,"মন্তব্যকারী ""শালা"", ""শালা"" ব্যবহার করে নির্দিষ্ট ব্যক্তিকে অশ্লীলভাবে আক্রমণ করেছেন। ভাষার মাত্রা তীব্র ও গুরুতর মাত্রার অশ্লীলতা নির্দেশ করে।",rule-contextual,False,pending,
6832,মিথ্যাচারের একটা সীমা থাকে এ আওয়ামীলীগ সরকার এমপি মন্ত্রীদের মিথ্যাচারের কোন সীমা নেই মুখে যা আসে তাই বলে,Political Hate,Society,Mild,"এই মন্তব্যে ""সরকার"", ""আওয়ামী"", ""লীগ"" সম্পর্কিত রাজনৈতিক ঘৃণা প্রকাশ পেয়েছে যেখানে সমাজ বা জাতিকে আক্রমণের লক্ষ্যবস্তু। তীব্রতা মাঝারি মাত্রার।",rule-contextual,False,pending,
24532,৬ মাসের জন্য স্বরাষ্ট্রমন্ত্রীর পদ চাইসব দুর্নীতি দূর করে দিব,Political Hate,,Severe,"বিরুদ্ধে ""মন্ত্রী"", ""দুর্নীতি"", ""দুর্নীতি"" এর মতো রাজনৈতিক বিদ্বেষমূলক শব্দ ব্যবহার করা হয়েছে। এটি তীব্র ও গুরুতর মাত্রার রাজনৈতিক ঘৃণা প্রকাশ করে।",rule-contextual,False,pending,
32240,তাদের কথা শুধু উপরে দেখানোর জন্য আসলে মূলত ইজরায়েলের সমর্থনকারী মার্কিন মুলুকে যারা আসবে সবাই,,,Little to None,"এই মন্তব্যে কোনো আপত্তিকর, অশ্লীল বা ঘৃণাজনক বিষয়বস্তু নেই এবং এটি স্বাভাবিক আলোচনার অংশ।",rule-based,False,pending,
28361,আমাদের দালাল মিডিয়া দেশের খবর নাই,Abusive,Organization,Mild,"নির্দিষ্ট সংগঠন বা প্রতিষ্ঠানকে উদ্দেশ্যে ""দালাল"" এর মতো অবমাননাকর শব্দ ব্যবহার এই মন্তব্যকে মাঝারি মাত্রার গালিগালাজ হিসেবে চিহ্নিত করে।",rule-contextual,False,pending,
17670,যেই বোকাচোদা চুদির ভাই খানকির পোলা গুলো বলছে নাকি এই জন্য দায়ী তারা আস্ত শুয়োরের বাচ্চা সবগুলোই,Abusive,Individual,Severe,"মন্তব্যটিতে ""শুয়োর"", ""খানকি"", ""চুদ"" এর মতো অশ্লীল ও কুরুচিপূর্ণ ভাষা ব্যবহার করে নির্দিষ্ট ব্যক্তিকে আক্রমণ করা হয়েছে। এটি তীব্র ও গুরুতর মাত্রার অশ্লীল বক্তব্য।",rule-contextual,False,pending,
9369,আমাদের দাগনভূঁঞা গর্ব জনাব আব্দুল আউয়াল মিন্টু সাহেব আপসোস কিছু কুলাঙ্গার সেটা বুঝলো না,Abusive,Individual,Severe,এই বক্তব্যে ব্যবহৃত ভাষা ও দৃষ্টিভঙ্গি একটি নির্দিষ্ট ব্যক্তির বিরুদ্ধে তীব্র ও গুরুতর মাত্রার গালিগালাজমূলক মন্তব্য প্রকাশ করে।,rule-contextual,False,pending,
8997,পুলিশের পাহারায় আওয়ামী লীগের মিছিল এটাই দেখার বাকি ছিল জনগণের আর কি বুঝার বাকি আছে,Political Hate,Organization,Mild,"এই মন্তব্যে ""আওয়ামী"", ""লীগ"", ""মিছিল"" সম্পর্কিত রাজনৈতিক ঘৃণা প্রকাশ পেয়েছে যেখানে নির্দিষ্ট সংগঠন বা প্রতিষ্ঠানকে আক্রমণের লক্ষ্যবস্তু। তীব্রতা মাঝারি মাত্রার।",rule-contextual,False,pending,
11138,কি দাম বাড়ানো হয়েছে বাংলাদেশের ডারবী সিগারেটের আবার সেই ৫ টাকা করে পাওয়া যায় ৬টাকাহোক,,,Little to None,এই বাক্যে কোনো ঘৃণামূলক শব্দ বা আক্রমণাত্মক প্রকাশ নেই এবং এটি সাধারণ মতামত প্রকাশ করে।,rule-based,False,pending,
719,কে বলেছে দেশে বাঘ নাইতরাই তো দেশের বাঘ জিও বেটা জিও,,,Little to None,"মন্তব্যটিতে কোনো নির্দিষ্ট ব্যক্তি, গোষ্ঠী বা সম্প্রদায়ের বিরুদ্ধে ঘৃণা বা বিদ্বেষ প্রকাশ পায়নি।",rule-based,False,pending,
32223,পাবলিক একটা ফুটবল আম্লিক ও লাথি মারে ডিএমপি ও লাথি মারে এইজন্য একজন হুজুর হলে দেশটা ভালো ভাবে চলবে দুই সরকার ভালো থাকবে,Political Hate,Community,Little to None,"রাজনৈতিক প্রেক্ষাপটে ""সরকার"" ব্যবহার করে নির্দিষ্ট সম্প্রদায় বা গোষ্ঠীকে প্রতি বিদ্বেষ প্রকাশ এই মন্তব্যকে মৃদু বা গৌণ মাত্রার রাজনৈতিক ঘৃণামূলক বক্তব্য করে তোলে।",rule-contextual,False,pending,
26798,রাশিয়ার উচিৎ পারমাণবিক অস্ত্র ব্যবহার করা,Political Hate,Society,Little to None,রাজনৈতিক বিষয়ে সামগ্রিকভাবে সমাজ বা জাতির বিরুদ্ধে মৃদু বা গৌণ মাত্রার বিদ্বেষপূর্ণ মনোভাব এই মন্তব্যে স্পষ্ট।,rule-contextual,False,pending,
442,এই রণবীর সিং কে,,,Little to None,"এই মন্তব্যে কোনো আপত্তিকর, অশ্লীল বা ঘৃণাজনক বিষয়বস্তু নেই এবং এটি স্বাভাবিক আলোচনার অংশ।",rule-based,False,pending,
2150,দালাদ বে জ্নমা,Abusive,Individual,Mild,মন্তব্যটির সামগ্রিক সুর ও ভাষা একটি নির্দিষ্ট ব্যক্তির বিরুদ্ধে মাঝারি মাত্রার আক্রমণাত্মক বক্তব্য নির্দেশ করে।,rule-contextual,False,pending,
21114,বাংলাদেশের দালাল মিডিয়া গুলা কেন প্রশ্ন করে না এখন আমাদের মুসলিম ভাই বোনদের কে হত্যা করল ফিলিস্তিনে এখনো করতেছে তখন তারা কেন কথা বলে না,Abusive,Organization,Mild,"এই মন্তব্যে ""দালাল"" শব্দ ব্যবহার করে নির্দিষ্ট সংগঠন বা প্রতিষ্ঠানকে অবমাননা করা হয়েছে, যা মাঝারি মাত্রার আক্রমণাত্মক ভাষা নির্দেশ করে।",rule-contextual,False,pending,
18732,বাংলাদেশের ক্রিকেট আর্জেন্টিনার ফুটবল আর শাবানার বাংলা সিনেমা কষ্ট ছাড়া আর কিছুই দিলো না,Abusive,,Mild,মন্তব্যটির সামগ্রিক সুর ও ভাষা সাধারণভাবে মাঝারি মাত্রার আক্রমণাত্মক বক্তব্য নির্দেশ করে।,rule-contextual,False,pending,
11418,তিস্তার জলের ভাগের জন্য কোনো চুক্তি আন্তর্জাতিক আইন অনুযায়ী বাংলাদেশের প্রাপ্য নয় চুক্তি হলে ভারতের দয়াতেই হবে বাংলাদেশ সরকার ভালো করে জানে সেটা তবু নিজেদের অপদার্থতা লুকোতে নিজেদের দেশে প্রোপাগাণ্ডা করে তিস্তা নিয়ে বাংলাদেশের দাবী আর অভিযোগ অনেক পুরোনো আওয়মী লীগ সরকার না হয় ভারতের দালাল কিন্তু বিএনপির বা এরশাদের সরকারও তিস্তা নিয়ে ভারতের বিরুদ্ধে আন্তর্জাতিক আদালতে যায়নি কারণ তারাও জানতো সেখানে বাংলাদেশের পলকা যুক্তি আর কাঁদুনি ধোঁপে টিকবে না একটি নদীর জল অববাহিকার উপরের দেশ পুরোপুরি আটকালে বা পুরোপুরি গতিপথ পরিবর্তন করে দিলে তবেই আন্তর্জাতিক আদালতে অববাহিকার উপরের দেশের বিরুদ্ধে জেতার মতো মামলা রুজু করা যায় ভারত তিস্তার ক্ষেত্রে সেসব কিছুই করে নি যার প্রমাণ বাংলাদেশের দিকে তিস্তায় বর্ষাকালে প্রচুর জল থাকে কখনও কখনও বন্যাও হয় বাংলাদেশ বর্ষার আর বন্যার সেই বাড়তি জল বাধ বানিয়ে বা অজস্র বড় গভীর পুকুর খনন করে ধরে রেখে শীতে গ্রীষ্মে শুখা মরসুমে চাষাবাদে ব্যবহার করতে পারত কিন্ত চোপাবাজি আর চাপাবাজি ছাড়া আর কিছুই করে নি ভারত থেকে চুয়ান্নটি নদী যার মধ্যে বেশীরভাগেই ভারতের দিকে বাধ নেই প্রচুর পরিমাণে মিষ্টি জল নিয়ে বাংলাদেশে ঢোকে সাধারণ ক্ষেত্রে এই পরিমাণ জলে বাংলাদেশের মতো ষোল কোটি জনসংখ্যার দেশের জলের চাহিদা মিটে যায় কিন্ত নদীর জলের সঠিক ব্যবহার করার পরিকল্পনার অভাবে বাংলাদেশে জলের সমস্যা বর্ষায় বন্যা আর শীত গ্রীষ্মে জলের অভাব অথচ সম্প্রতি পদ্মা সেতুর উদ্বোধনের সময় বাংলাদেশ পদ্মা নদী কত বড় তা বোঝাতে গিয়ে ছাতি পিটিয়ে বলে বেড়িয়েছে যে পদ্মা নদী দিয়ে দশ সেকেন্ডে যা জল যায় তাতে ঢাকা শহরের সারাদিনের চাহিদা মেটানোর পক্ষে যথেষ্ট তা এই বাড়তি জলের খানিকটা মাটির তলায় ক্যানাল করে তিস্তা অববাহিকার দিকে নিয়ে যাক বাংলাদেশ ভারতকে ফালতু দোষারোপ না করে পদ্মার জল তো মূলতঃ ভারত থেকেই আসে কারণ বাংলাদেশে হিমবাহ নেই আর ক্ষুদ্র দেশ বাংলাদেশে বৃষ্টির ও খুব ছোট বাংলাদেশের আবদার যে কোটির দেশ ভারতকে ষোল কোটির বাংলাদেশের সাথে জলের সমান সমান ভাগ বাটোয়ারা করতে হবে ভারতের মাটির উপর পড়া বৃষ্টির জল ঢাল গড়িয়ে নদীখাতে পড়লে সেটা নদীর জল হয় ভারত নিজের জমিতে পড়া বৃষ্টির জল নিজের জমির উপর দিয়ে যাওয়া নদীতে না যেতে দিলে বাংলাদেশের কিন্ত দাবী করার মতো কিছুই থাকবে না আর চীনও সিন্ধু ব্রহ্মপুত্রর মতো নদনদীর নদী অববাহিকার উপরের দেশ হিসাবে ভারতের সাথে জলের ভাগ নিয়ে কোনো চুক্তি করে নি যা নিয়ে ভারত চীনের সাথে ঘ্যানঘ্যান করে না তাই ভারতও চুক্তি স্বাক্ষর করে সরকারী ভাবে বাংলাদেশকে নদীর জলের ভাগ দিতে বাধ্য নয় তবু ভারত পাকিস্তানকে চুক্তি করে সিন্ধু নদের জলের আশি শতাংশ ভাগ দিয়েছে আর চুক্তি করে বাংলাদেশকে গঙ্গানদীর জলের ভাগও দিয়েছে এই দুটিই ভারতীয় উপমহাদেশে প্রধানতম নদী তিনটির মধ্যে দুটি আর এর থেকেই ভারতের মহানুভবতার পরিচয় মেলে যুক্তির কথা নেই নেই অশিক্ষিত ধাপ্পাবাজ বাংলাদেশীদের শুধু চোপাবাজি ফকিরের চালবাজি আর এঁড়ে তর্ক আছে আর বাংলাদেশ সরকারের সারাক্ষণ শুধু ভারতের কাছে এটা চাই ওটা চাই এটা দাও ওটা দাও লেগেই রয়েছে,Political Hate,Society,Mild,"মন্তব্যটিতে ""সরকার"", ""বিএনপি"", ""লীগ"" উল্লেখ করে রাজনৈতিক বিদ্বেষ প্রকাশ করা হয়েছে। সমাজ বা জাতিকে লক্ষ্য করে এই মাঝারি মাত্রার রাজনৈতিক ঘৃণামূলক বক্তব্য।",rule-contextual,False,pending,
34274,দেশ কি উন্নয়ন হইসে ধীরে ধীরে সবাই টের পাবে,,,Little to None,মন্তব্যটি সাধারণ মতামত প্রকাশ করে এবং এতে কোনো ঘৃণা বা সহিংসতামূলক উপাদান নেই।,rule-based,False,pending,
14896,ইহুদীদের অচিরেই ভয়াবহ হামলা করে পুরো ইসরাইলি ইহুদীদের ধ্বংস করে দেয়া হবে অতিশীঘ্রই হবে তা ইনশাল্লাহ,Religious Hate,Organization,Severe,"ধর্মীয় প্রেক্ষাপটে ""ধ্বংস"" ব্যবহার করে নির্দিষ্ট সংগঠন বা প্রতিষ্ঠানকে প্রতি সাম্প্রদায়িক বিদ্বেষ প্রকাশ এটিকে তীব্র ও গুরুতর মাত্রার ধর্মীয় ঘৃণামূলক বক্তব্য হিসেবে চিহ্নিত করে।",rule-contextual,False,pending,
16922,উইকেটে নিয়ে ৯ ওভারে ৮০ করতে পারে না ওদের দিয়ে কিছু হবে না,Abusive,Community,Mild,এই বক্তব্যে ব্যবহৃত ভাষা ও দৃষ্টিভঙ্গি একটি সম্প্রদায় বা গোষ্ঠীর বিরুদ্ধে মাঝারি মাত্রার গালিগালাজমূলক মন্তব্য প্রকাশ করে।,rule-contextual,False,pending,
12626,মিয়ানমার সেনাবাহিনীর জান্তা নিজের দেশের নাগরিকদের ওপর হামলা করছে ঘর বাড়ি জ্বালিয়ে দেয় তখন জনগণের উচিত শিক্ষা দিচ্ছে জান্তা বাহিনী কে জান্তা নিজেই মিয়ানমার কে অস্তিসিল করে থাকে পশ্বিমা দেশ গুলো কেন দায়ী থাকবে,Abusive,Organization,Little to None,"মন্তব্যটিতে ""বাল"" এর মতো আক্রমণাত্মক ও গালিগালাজমূলক ভাষা ব্যবহার করা হয়েছে। এটি একটি সংগঠন বা প্রতিষ্ঠানের বিরুদ্ধে মৃদু বা গৌণ মাত্রার বক্তব্য।",rule-contextual,False,pending,
5792,দেশবাসীর রোশন কে চোদেেন,Abusive,Individual,Severe,মন্তব্যটিতে একটি নির্দিষ্ট ব্যক্তির বিরুদ্ধে তীব্র ও গুরুতর মাত্রার অশ্লীল শব্দচয়ন ও কুরুচিপূর্ণ ভাষা ব্যবহার করা হয়েছে।,rule-contextual,False,pending,
33623,আমাদের দেশ ছাড়া পৃথিবীর অন্য কোন দেশে এরকম কাকের বাসার দেখা যায় না ধন্যবাদ জানাই এই কাউন্সিলর কে,,,Little to None,"মন্তব্যটিতে কোনো নির্দিষ্ট ব্যক্তি, গোষ্ঠী বা সম্প্রদায়ের বিরুদ্ধে ঘৃণা বা বিদ্বেষ প্রকাশ পায়নি।",rule-based,False,pending,
4275,এই মহিলাই এখন সকল তরুণ বেশ্যাদের সর্দার যখন সে চলচিত্রে ঢুকে তখন চলচিত্রের আড়ালে বেশ্যাবৃত্তি করতো যা কেউ জানতো না যখন সে বোট ক্লাবে গিয়ে বেশ্যাবৃত্তির চুক্তি করতে যায় তখন পুরানো চুক্তির বেশ্যাবৃত্তির পাওনা টাকার পরিশোধ নিয়ে তর্কাতর্কির একপর্যায়ে তাকে শ্লীলতাহানির চেষ্টা করা হয় আসলে পরিমনি হলো একজন পেশাদার বেশ্যা যা কেউ জানেই না এই সব বেশ্যার দেওয়া কোন শ্লীলতাহানির মামলা নেওয়া আদালতের উচিত হবে কি না এখন প্রশ্ন আদালতের কাছে কেননা বেশ্যার কোন শ্লীলতাহানি বলে কিছু নেই কারণ তারা প্রতিরাতে টাকার বিনিময়ে শ্লীলতাহানির ঘটনা ঘটান,Abusive,Individual,Severe,"এই বক্তব্যে নির্দিষ্ট ব্যক্তিকে প্রতি ""বেশ্যা"" এর মতো অশ্লীল শব্দচয়ন এটিকে তীব্র ও গুরুতর মাত্রার কুরুচিপূর্ণ মন্তব্য হিসেবে চিহ্নিত করে।",rule-contextual,False,pending,
1466,সাংঘাতিক সাব কৌশলে আমাদের দেশের দৃস্টি সরিয়ে আমেরিকায় নিয়ে যাচ্ছে জনগণ সব বুঝে,Abusive,Individual,Mild,"এই মন্তব্যের ভাষা ও সুর আক্রমণাত্মক এবং অবমাননাকর, যা একটি নির্দিষ্ট ব্যক্তির বিরুদ্ধে মাঝারি মাত্রার গালিগালাজমূলক বক্তব্য হিসেবে চিহ্নিত।",rule-contextual,False,pending,
6536,ডিজিটাল মানেি কি বিবাহ ছাড়া বাচ্চা,Abusive,,Mild,"এই মন্তব্যের ভাষা ও সুর আক্রমণাত্মক এবং অবমাননাকর, যা সাধারণভাবে মাঝারি মাত্রার গালিগালাজমূলক বক্তব্য হিসেবে চিহ্নিত।",rule-contextual,False,pending,
29870,তোর গুষ্টি কিলায় আর কত নাটক চুদাবি দূর হ তোদের মত ডাইরেক্ট থাকলে তামিমের মত প্লেয়ার কখনই সুযোগ পাবে না সাকিব ফিট না থাকলেও তাকে খেলাবি আর তামিম ফিট থেকেও তাকে আনফিট বলে বিশ্বকাপ থেকে সরিয়ে দিলি তোদের মন কুলাঙ্গার থাকলে কখনই বাংলাদেশ বিশ্বকাপের মত আসরে ভালো কিছু অর্জন করতে পারবে না,Abusive,Individual,Severe,এই মন্তব্যে অশ্লীল ও কুরুচিপূর্ণ ভাষা ব্যবহার করে একটি নির্দিষ্ট ব্যক্তির বিরুদ্ধে তীব্র ও গুরুতর মাত্রার আপত্তিকর বক্তব্য প্রকাশ করা হয়েছে।,rule-contextual,False,pending,
16501,দেশের সার্বভৌমত্ব রক্ষায় শুধুমাত্র কোস্টগার্ডের সংখ্যা বৃদ্ধি করলে হবে না তাদের শক্তি সামর্থ্য কৌশলও বৃদ্ধি করা দরকার,,,Little to None,"মন্তব্যটিতে কোনো নির্দিষ্ট ব্যক্তি, গোষ্ঠী বা সম্প্রদায়ের বিরুদ্ধে ঘৃণা বা বিদ্বেষ প্রকাশ পায়নি।",rule-based,False,pending,
20949,খাম্বা বিএনপির আবাল হারিকেন পার্টি গুলোকে আর কিছু দিন পর তাদের বাটি চালান করেও খুজে পাওয়া যাবে না,Abusive,,Mild,"এই বক্তব্যে প্রতি ""বাল"", ""গু"" এর মতো অশ্লীল শব্দচয়ন এটিকে মাঝারি মাত্রার কুরুচিপূর্ণ মন্তব্য হিসেবে চিহ্নিত করে।",rule-contextual,False,pending,
395,সন্ত্রাসীর ফাঁসি চাই ফাঁসি না দিলে জনগণের হাতে তুলে দেওয়া হক জনগন সিদ্ধান্ত নিবে,Abusive,Individual,Little to None,"নির্দিষ্ট ব্যক্তিকে উদ্দেশ্যে ""ফাঁসি"" এর মতো অবমাননাকর শব্দ ব্যবহার এই মন্তব্যকে মৃদু বা গৌণ মাত্রার গালিগালাজ হিসেবে চিহ্নিত করে।",rule-contextual,False,pending,
4125,পাকিস্তান ইরানের হুমকি দেয় ভাবা যায়,Abusive,Society,Little to None,"এই মন্তব্যের ভাষা ও সুর আক্রমণাত্মক এবং অবমাননাকর, যা সামগ্রিকভাবে সমাজ বা জাতির বিরুদ্ধে মৃদু বা গৌণ মাত্রার গালিগালাজমূলক বক্তব্য হিসেবে চিহ্নিত।",rule-contextual,False,pending,
32879,দেশের দালাল সিন্ডিকেট কাছে সরকারও অসহায়ওরা সিন্ডিকেট তৈরী করেডাকের নিলামে অংশ নেয়যার কারনে ২ লাখ ৫৮ পর আর কেউ যাতে ডাক না দেয়,Abusive,Organization,Little to None,"মন্তব্যটিতে ""দালাল"" এর মতো আক্রমণাত্মক ভাষা ব্যবহার করে নির্দিষ্ট সংগঠন বা প্রতিষ্ঠানকে লক্ষ্য করা হয়েছে। এটি মৃদু বা গৌণ মাত্রার গালিগালাজমূলক বক্তব্য।",rule-contextual,False,pending,
13218,আমাদের বড় ভাইয়াদের কাছে আমারা এটা আশা করিনি ইনশাল্লাহ আগামীকাল জয় নিশ্চিত ইনশাআল্লাহ,Abusive,,Little to None,"এই বক্তব্যে প্রতি ""মারা"" এর মতো আপত্তিকর শব্দচয়ন এটিকে মৃদু বা গৌণ মাত্রার আক্রমণাত্মক মন্তব্য হিসেবে শ্রেণিবদ্ধ করে।",rule-contextual,False,pending,
12631,বাংলাদেশ থেকে কিছু আওয়ামী লীগ নিলে এই অভাব পুরন হত অবশ্য আওয়ামী লীগের সেই মানদন্ড নেই যোগ্যতা নেই,Political Hate,Organization,Mild,"এই মন্তব্যে ""লীগ"" সম্পর্কিত রাজনৈতিক ঘৃণা প্রকাশ পেয়েছে যেখানে নির্দিষ্ট সংগঠন বা প্রতিষ্ঠানকে আক্রমণের লক্ষ্যবস্তু। তীব্রতা মাঝারি মাত্রার।",rule-contextual,False,pending,
25564,১৫ বছর আগে ফিলিস্তিন মুসলমান নেতানিয়াহু সরকারের বিরুদ্ধে প্রতিবাদ করে আসছিল তখন কই ছিলি,Abusive,Individual,Mild,"এই বক্তব্যে নির্দিষ্ট ব্যক্তিকে প্রতি ""ফিলিস্তিন"", ""মুসলমান"" এর মতো আপত্তিকর শব্দচয়ন এটিকে মাঝারি মাত্রার আক্রমণাত্মক মন্তব্য হিসেবে শ্রেণিবদ্ধ করে।",rule-contextual,False,pending,
7720,উনি কোথায় মূত্র বিসর্জন দিয়ে গেছে এই খবরটা জানালেন না কেন,Abusive,Individual,Mild,মন্তব্যটির সামগ্রিক সুর ও ভাষা একটি নির্দিষ্ট ব্যক্তির বিরুদ্ধে মাঝারি মাত্রার আক্রমণাত্মক বক্তব্য নির্দেশ করে।,rule-contextual,False,pending,
4838,বিএনপি রাস্তায় নামতে দেওয়া জবাবে না গুলি করে দেওয়া,Political Hate,Organization,Little to None,"এই মন্তব্যে ""বিএনপি"" সম্পর্কিত রাজনৈতিক ঘৃণা প্রকাশ পেয়েছে যেখানে নির্দিষ্ট সংগঠন বা প্রতিষ্ঠানকে আক্রমণের লক্ষ্যবস্তু। তীব্রতা মৃদু বা গৌণ মাত্রার।",rule-contextual,False,pending,
3518,খালার বুড়কা কি বাংলাদেশ পর্যন্ত আসবে,Abusive,Individual,Little to None,"এই মন্তব্যের ভাষা ও সুর আক্রমণাত্মক এবং অবমাননাকর, যা একটি নির্দিষ্ট ব্যক্তির বিরুদ্ধে মৃদু বা গৌণ মাত্রার গালিগালাজমূলক বক্তব্য হিসেবে চিহ্নিত।",rule-contextual,False,pending,
19518,বিজিবি কাছে অণুরোধ এক মানুষ ও যাতে বাংলাদেশে ঢুকতে না পারেযে কোনো মূল্যে আমরা প্রতিহত করব,,,Little to None,মন্তব্যকারী সাধারণ বিষয়ে মতামত দিয়েছেন এবং কোনো ঘৃণামূলক বক্তব্য প্রকাশ করেননি।,rule-based,False,pending,
11640,এবার সুষ্ঠু নিরপেক্ষ নির্বাচনের জন্য মার্কিন সরকারের নেয়া সকল দলের অংশগ্রহণ মুলক নির্বাচনের পদক্ষেপে বাংলাদেশের মানুষ খুবই গুরুত্বপূর্ণ বলে মনে করছেন,Political Hate,,Little to None,"বিরুদ্ধে ""সরকার"", ""নির্বাচন"", ""দল"" এর মতো রাজনৈতিক বিদ্বেষমূলক শব্দ ব্যবহার করা হয়েছে। এটি মৃদু বা গৌণ মাত্রার রাজনৈতিক ঘৃণা প্রকাশ করে।",rule-contextual,False,pending,
7633,ওরে বিনা ভোটের চোর প্রধানমত্রী হাসিনা এদেশে এখন কি কোন নির্বাচন আছে তুই কি এদেশে কোন নির্বাচন রাখছির সব তো রাতে করে দিস তোর দলীয় পুলিশলীগ বাহিনী দিয়ে আবার নির্বাচন প্রশ্নবিদ্ধ করছে বিএনপি,Political Hate,Individual,Severe,"মন্তব্যটিতে ""বিএনপি"", ""লীগ"", ""হাসিনা"" উল্লেখ করে রাজনৈতিক বিদ্বেষ প্রকাশ করা হয়েছে। নির্দিষ্ট ব্যক্তিকে লক্ষ্য করে এই তীব্র ও গুরুতর মাত্রার রাজনৈতিক ঘৃণামূলক বক্তব্য।",rule-contextual,False,pending,
19514,ইনজুরি নাটক করে আর কতজনের সাথে যে এই তামাশা করবে এই পাপন লীগ,Abusive,Individual,Mild,"মন্তব্যটিতে ""লীগ"" এর মতো আক্রমণাত্মক ও গালিগালাজমূলক ভাষা ব্যবহার করা হয়েছে। এটি একটি নির্দিষ্ট ব্যক্তির বিরুদ্ধে মাঝারি মাত্রার বক্তব্য।",rule-contextual,False,pending,
21311,জোরে জোরে জোরে বল শেখ হাসিনা ভোট চোর,Political Hate,Individual,Mild,"রাজনৈতিক প্রেক্ষাপটে ""হাসিনা"", ""ভোট"", ""চোর"" ব্যবহার করে নির্দিষ্ট ব্যক্তিকে প্রতি বিদ্বেষ প্রকাশ এই মন্তব্যকে মাঝারি মাত্রার রাজনৈতিক ঘৃণামূলক বক্তব্য করে তোলে।",rule-contextual,False,pending,
28420,প্রতিদিন গুম খুন ধর্ষণ ছিনতাই লুটপাট হত্যাআর ভালো লাগে না দেখতে আইনের শাসন প্রতিষ্ঠা নাই পুলিশ প্রশাসন নাকে তেল দিয়ে এসকল অপরাধ দেখে যাচ্ছে আর হাজত খানা ভরতেছে কোনো বিচার নাই,Abusive,Society,Mild,"এই বক্তব্যে সমাজ বা জাতিকে প্রতি ""প্রতিদিন"", ""ধর্ষণ"" এর মতো আপত্তিকর শব্দচয়ন এটিকে মাঝারি মাত্রার আক্রমণাত্মক মন্তব্য হিসেবে শ্রেণিবদ্ধ করে।",rule-contextual,False,pending,
2202,যাত্রা বেয়াদব পার্টি,Abusive,Organization,Severe,এই বক্তব্যে ব্যবহৃত ভাষা ও দৃষ্টিভঙ্গি একটি সংগঠন বা প্রতিষ্ঠানের বিরুদ্ধে তীব্র ও গুরুতর মাত্রার গালিগালাজমূলক মন্তব্য প্রকাশ করে।,rule-contextual,False,pending,
24574,আগামী নিবাচন ইমরান খান জিতবে ইনশাআল্লাহ,,,Little to None,"মন্তব্যটিতে কোনো গালিগালাজ, বিদ্বেষ বা আপত্তিকর বিষয়বস্তু পাওয়া যায়নি বলে এটি নিরপেক্ষ মন্তব্য।",rule-based,False,pending,
30010,ওরা ওখানে বিয়েতে নাচ গান করে আর আমাদের এখানে করলে বলে হারাম,Abusive,Society,Little to None,এই বক্তব্যে ব্যবহৃত ভাষা ও দৃষ্টিভঙ্গি সামগ্রিকভাবে সমাজ বা জাতির বিরুদ্ধে মৃদু বা গৌণ মাত্রার গালিগালাজমূলক মন্তব্য প্রকাশ করে।,rule-contextual,False,pending,
3522,ভারত কখনো এটা বাস্তবায়ন হতে দিবে না,Political Hate,Society,Little to None,এই মন্তব্যে রাজনৈতিক প্রেক্ষাপটে সামগ্রিকভাবে সমাজ বা জাতির বিরুদ্ধে মৃদু বা গৌণ মাত্রার বিদ্বেষ ও ঘৃণা প্রকাশ করা হয়েছে।,rule-contextual,False,pending,
5837,তপসিল কেন লাগে সরাসরি ঘোষণা দিলেইত হয় যে সরকারি দল আবার নিবাচিত ভোটাভোটির কি প্রয়োজন ভাই,Political Hate,,Mild,"মন্তব্যকারী ""সরকার"", ""ভোট"", ""দল"" এর প্রসঙ্গে সম্পর্কে মাঝারি মাত্রার রাজনৈতিক বিদ্বেষ ও ঘৃণা প্রকাশ করেছেন।",rule-contextual,False,pending,
862,বাংলাদেশি দের দেখে জ্বলছে খুব জলা উচিত তোদের,,,Little to None,"এই মন্তব্যে কোনো ঘৃণামূলক, আক্রমণাত্মক বা বৈষম্যমূলক ভাষা নেই, তাই এটি স্বাভাবিক মন্তব্য হিসেবে শ্রেণিবদ্ধ।",rule-based,False,pending,
16400,যত এড তত ডিসলাইক,Abusive,Organization,Little to None,এই বক্তব্যে ব্যবহৃত ভাষা ও দৃষ্টিভঙ্গি একটি সংগঠন বা প্রতিষ্ঠানের বিরুদ্ধে মৃদু বা গৌণ মাত্রার গালিগালাজমূলক মন্তব্য প্রকাশ করে।,rule-contextual,False,pending,
3773,আওয়ামী লীগ মানেই দুর্নীতিবাজভোট ডাকাত ব্যাংক ডাকাতের ইসলাম বিদ্বেষী নাস্তিক সন্ত্রাসীদের দল,Political Hate,Organization,Severe,"মন্তব্যটিতে ""লীগ"", ""ভোট"", ""দল"" উল্লেখ করে রাজনৈতিক বিদ্বেষ প্রকাশ করা হয়েছে। নির্দিষ্ট সংগঠন বা প্রতিষ্ঠানকে লক্ষ্য করে এই তীব্র ও গুরুতর মাত্রার রাজনৈতিক ঘৃণামূলক বক্তব্য।",rule-contextual,False,pending,
22501,সদরে রোগী গুলো সেবা পায় না,,,Little to None,"মন্তব্যটিতে কোনো নির্দিষ্ট ব্যক্তি, গোষ্ঠী বা সম্প্রদায়ের বিরুদ্ধে ঘৃণা বা বিদ্বেষ প্রকাশ পায়নি।",rule-based,False,pending,
14062,পাকিস্তানি আর্মীচিফ জেনঃ কমর জাবেদ বাজওয়া এ ইনফরমেশন দিয়েছে আমেরিকাকে শুধু মাত্র অবসরের পর আশ্রয়ের জন্য,Political Hate,Organization,Little to None,এই মন্তব্যে রাজনৈতিক প্রেক্ষাপটে একটি সংগঠন বা প্রতিষ্ঠানের বিরুদ্ধে মৃদু বা গৌণ মাত্রার বিদ্বেষ ও ঘৃণা প্রকাশ করা হয়েছে।,rule-contextual,False,pending,
33659,যে দেশে নিজের বাক স্বাধীনতা নেই জনগণের ভোটের মৌলিক অধিকার হরন করেছে ১৪ বছর ধরে দেশের জনগণ ভোট দিতে পার না সেই দেশে আবার কিসের বাক স্বাধীনতা ভোট চোর মিথ্যা বাদি দুর্নীতি বাজ আওয়ামীলীগের কুলাংগার,Political Hate,Community,Severe,"নির্দিষ্ট সম্প্রদায় বা গোষ্ঠীকে বিরুদ্ধে ""লীগ"", ""ভোট"", ""দুর্নীতি"" এর মতো রাজনৈতিক বিদ্বেষমূলক শব্দ ব্যবহার করা হয়েছে। এটি তীব্র ও গুরুতর মাত্রার রাজনৈতিক ঘৃণা প্রকাশ করে।",rule-contextual,False,pending,
9189,আমার মতে জাহিদ খান কোন কমেন্ট পড়ে না যদি পড়তো তাহলে এইভাবে কথা বলত না নিজের ভাবে সুপারস্টার ক ছবি হৃদয় কে আমি জানিনা,,,Little to None,এটি একটি নিরপেক্ষ মন্তব্য যেখানে কাউকে লক্ষ্য করে কোনো অবমাননাকর বা বৈষম্যমূলক ভাষা ব্যবহার করা হয়নি।,rule-based,False,pending,
19831,এরে কামাইল্লা আর কত মিচা কথা কইবি বয়স হইচে এবার ভালো হউ নইলে আমেরিকার ঠেলা বুজস ডিম থেরাপি দিবো,Abusive,Individual,Severe,"এই মন্তব্যের ভাষা ও সুর আক্রমণাত্মক এবং অবমাননাকর, যা একটি নির্দিষ্ট ব্যক্তির বিরুদ্ধে তীব্র ও গুরুতর মাত্রার গালিগালাজমূলক বক্তব্য হিসেবে চিহ্নিত।",rule-contextual,False,pending,
12970,দেশের এত বড় একটা নিউজ চ্যানেলভিডিও কোয়ালিটি এত নিম্নমানের এটা তো মানা যায়না,Abusive,Organization,Little to None,"এই মন্তব্যের ভাষা ও সুর আক্রমণাত্মক এবং অবমাননাকর, যা একটি সংগঠন বা প্রতিষ্ঠানের বিরুদ্ধে মৃদু বা গৌণ মাত্রার গালিগালাজমূলক বক্তব্য হিসেবে চিহ্নিত।",rule-contextual,False,pending,
7377,এ শালারে শালা সেক্রেটারি বানাইছে কে যে কথা বলতে পারে না ঠিকমতো,Abusive,Individual,Severe,"এই মন্তব্যে ""শালা"", ""শালা"" জাতীয় অশ্লীল শব্দ ব্যবহার করে নির্দিষ্ট ব্যক্তিকে অবমাননা করা হয়েছে, যা তীব্র ও গুরুতর মাত্রার কুরুচিপূর্ণ ভাষা নির্দেশ করে।",rule-contextual,False,pending,
3965,নারী নির্যাতনের সাথে পুরুষ নির্যাতন ও বাড়ছে,Gender Hate,Society,Little to None,"এই বক্তব্যে ""নারী"", ""পুরুষ"" ব্যবহার করে নারীর প্রতি বৈষম্যমূলক ও অবমাননাকর মনোভাব প্রকাশ পায়। এটি মৃদু বা গৌণ মাত্রার যৌনতাবাদী মন্তব্য।",rule-contextual,False,pending,
24867,জাতীয় পার্টি হচ্ছে জাতীয় বেইমান এরশাদ কাকুর মতন না দিয়ে শুরু করে আর হ্যাঁ দিয়ে শেষ করে,Political Hate,Organization,Mild,"মন্তব্যকারী ""এরশাদ"", ""বেইমান"" এর প্রসঙ্গে নির্দিষ্ট সংগঠন বা প্রতিষ্ঠানকে সম্পর্কে মাঝারি মাত্রার রাজনৈতিক বিদ্বেষ ও ঘৃণা প্রকাশ করেছেন।",rule-contextual,False,pending,
34806,রাজনীতি শিখে রাজনীতি করুন,Abusive,Individual,Little to None,এই বক্তব্যে ব্যবহৃত ভাষা ও দৃষ্টিভঙ্গি একটি নির্দিষ্ট ব্যক্তির বিরুদ্ধে মৃদু বা গৌণ মাত্রার গালিগালাজমূলক মন্তব্য প্রকাশ করে।,rule-contextual,False,pending,
28322,সরকার এর নতুন খেলাযাতে সবাই এই দিক নিয়ে ব্যাস্ত থাকে,,,Little to None,"এই মন্তব্যে কোনো আপত্তিকর, অশ্লীল বা ঘৃণাজনক বিষয়বস্তু নেই এবং এটি স্বাভাবিক আলোচনার অংশ।",rule-based,False,pending,
6391,যামু তোকে জুতা মারমু,Abusive,Individual,Mild,এই বক্তব্যে ব্যবহৃত ভাষা ও দৃষ্টিভঙ্গি একটি নির্দিষ্ট ব্যক্তির বিরুদ্ধে মাঝারি মাত্রার গালিগালাজমূলক মন্তব্য প্রকাশ করে।,rule-contextual,False,pending,
32051,মাগুড়া বাসীর কপালে দুঃখ আছে,Abusive,Community,Severe,"এই মন্তব্যের ভাষা ও সুর আক্রমণাত্মক এবং অবমাননাকর, যা একটি সম্প্রদায় বা গোষ্ঠীর বিরুদ্ধে তীব্র ও গুরুতর মাত্রার গালিগালাজমূলক বক্তব্য হিসেবে চিহ্নিত।",rule-contextual,False,pending,
8849,ভুটান চিকেন নেকের কাছে চীনকে জায়গা দিচ্ছে বাংলাদেশের উচিত পঞ্চগড়ের তেতুলিয়ায় চীনকে দিয়ে কিছু প্রজেক্ট বাস্তবায়ন করা সেই সাথে ওরা যদি কোনো গোয়েন্দাগিরি করে কিছু লাভবান হয় তাতে আমাদের ক্ষতি কি,Political Hate,Organization,Mild,এই মন্তব্যে রাজনৈতিক প্রেক্ষাপটে একটি সংগঠন বা প্রতিষ্ঠানের বিরুদ্ধে মাঝারি মাত্রার বিদ্বেষ ও ঘৃণা প্রকাশ করা হয়েছে।,rule-contextual,False,pending,
10215,ওরে চুতিয়া আওয়ামী লীগের রিপোর্টার,Abusive,Individual,Mild,"মন্তব্যটিতে ""চুতিয়া"", ""আওয়ামী"" এর মতো অশ্লীল ও কুরুচিপূর্ণ ভাষা ব্যবহার করে নির্দিষ্ট ব্যক্তিকে আক্রমণ করা হয়েছে। এটি মাঝারি মাত্রার অশ্লীল বক্তব্য।",rule-contextual,False,pending,
9603,দালাল টিভি সত্য খবর মানুষের সামনে তুলে দর,Abusive,Organization,Mild,"মন্তব্যটিতে ""দালাল"" এর মতো আক্রমণাত্মক ভাষা ব্যবহার করে নির্দিষ্ট সংগঠন বা প্রতিষ্ঠানকে লক্ষ্য করা হয়েছে। এটি মাঝারি মাত্রার গালিগালাজমূলক বক্তব্য।",rule-contextual,False,pending,
19463,জলবায়ূর বারোটা বাজাইয়া তাহারা ভাবিয়াই লইয়াছিল শুধু ভাটির রাষ্ট্রসমূহই ক্ষতিগ্রস্ত হইবে কিন্তু হায় তাহারাই আজ জলবায়ূ পরিবর্তনের ফল ভোগ করিতেছে পাগল ঢিল টি মারিলে পাটকেল টি খাইতে হয় এইটা বুঝি বইয়ে ছাপাইয়া দেয় নাই,Abusive,Community,Little to None,"নির্দিষ্ট সম্প্রদায় বা গোষ্ঠীকে উদ্দেশ্যে ""পাগল"" এর মতো অবমাননাকর শব্দ ব্যবহার এই মন্তব্যকে মৃদু বা গৌণ মাত্রার গালিগালাজ হিসেবে চিহ্নিত করে।",rule-contextual,False,pending,
14661,চোরের জন্য নাটক,Abusive,,Little to None,"এই মন্তব্যে ""চোর"" শব্দ ব্যবহার করে অবমাননা করা হয়েছে, যা মৃদু বা গৌণ মাত্রার আক্রমণাত্মক ভাষা নির্দেশ করে।",rule-contextual,False,pending,
2400,এই জরিমানার টাকা উসুল করতে ভবিষ্যতে আরো খারাপ খাবার চালাবে,,,Little to None,"এই মন্তব্যে কোনো ঘৃণামূলক, আক্রমণাত্মক বা বৈষম্যমূলক ভাষা নেই, তাই এটি স্বাভাবিক মন্তব্য হিসেবে শ্রেণিবদ্ধ।",rule-based,False,pending,
33228,সব দোষ বানিজ্য মন্ত্রীর খায়তাইতো এই অবস্থা,Abusive,Individual,Mild,"এই মন্তব্যের ভাষা ও সুর আক্রমণাত্মক এবং অবমাননাকর, যা একটি নির্দিষ্ট ব্যক্তির বিরুদ্ধে মাঝারি মাত্রার গালিগালাজমূলক বক্তব্য হিসেবে চিহ্নিত।",rule-contextual,False,pending,
26453,খাদ্য ও স্বাস্থ্য মন্ত্রী যখন হিন্দু তখন আমাদের টাকা সব চলে যাবে ইন্ডিয়া,,,Little to None,"এই মন্তব্যে কোনো আপত্তিকর, অশ্লীল বা ঘৃণাজনক বিষয়বস্তু নেই এবং এটি স্বাভাবিক আলোচনার অংশ।",rule-based,False,pending,
26803,বাংলাদেশে শুধু ফেতনা আর ফেতনা আল্লাহ সবাইকে ফেতনা থেকে রক্ষা করুন আমিন,Abusive,Society,Mild,"এই মন্তব্যের ভাষা ও সুর আক্রমণাত্মক এবং অবমাননাকর, যা সামগ্রিকভাবে সমাজ বা জাতির বিরুদ্ধে মাঝারি মাত্রার গালিগালাজমূলক বক্তব্য হিসেবে চিহ্নিত।",rule-contextual,False,pending,
35186,হে আল্লাহ আমাদের সকলকে মাফ করুন,,,Little to None,মন্তব্যটি সাধারণ মতামত প্রকাশ করে এবং এতে কোনো ঘৃণা বা সহিংসতামূলক উপাদান নেই।,rule-based,False,pending,
2244,রায়হান রাফ এর মধ্যে অনেক অহংকার দেখা যাচ্ছে আর তাছাড়া দিঘী যদি একেবারেই কিছু না পারতো এতগুলো পুরস্কার পেত না,Abusive,Individual,Little to None,মন্তব্যটির সামগ্রিক সুর ও ভাষা একটি নির্দিষ্ট ব্যক্তির বিরুদ্ধে মৃদু বা গৌণ মাত্রার আক্রমণাত্মক বক্তব্য নির্দেশ করে।,rule-contextual,False,pending,
2648,হে গোল আলু জাতীয় পার্টি তোমারা কিছু সংখ লোক দেশের মানুষের খতি করছৌ তোমাদের মুল্য দিতে হবে,Political Hate,Organization,Severe,"মন্তব্যটিতে ""মারা"" উল্লেখ করে রাজনৈতিক বিদ্বেষ প্রকাশ করা হয়েছে। নির্দিষ্ট সংগঠন বা প্রতিষ্ঠানকে লক্ষ্য করে এই তীব্র ও গুরুতর মাত্রার রাজনৈতিক ঘৃণামূলক বক্তব্য।",rule-contextual,False,pending,
18751,আর কি চাই আমরা,,,Little to None,"এই মন্তব্যে কোনো আপত্তিকর, অশ্লীল বা ঘৃণাজনক বিষয়বস্তু নেই এবং এটি স্বাভাবিক আলোচনার অংশ।",rule-based,False,pending,
17584,হতে হাগল হইয়া গেছে,Abusive,,Little to None,"এই মন্তব্যের ভাষা ও সুর আক্রমণাত্মক এবং অবমাননাকর, যা সাধারণভাবে মৃদু বা গৌণ মাত্রার গালিগালাজমূলক বক্তব্য হিসেবে চিহ্নিত।",rule-contextual,False,pending,
16420,কত টাকা নিছে সরকারের থেকে সময় টিভি,,,Little to None,"মন্তব্যটিতে কোনো গালিগালাজ, বিদ্বেষ বা আপত্তিকর বিষয়বস্তু পাওয়া যায়নি বলে এটি নিরপেক্ষ মন্তব্য।",rule-based,False,pending,
17330,বালাম ভাই আমি একটা গান দিতেচাই,,,Little to None,"এই মন্তব্যে কোনো আপত্তিকর, অশ্লীল বা ঘৃণাজনক বিষয়বস্তু নেই এবং এটি স্বাভাবিক আলোচনার অংশ।",rule-based,False,pending,
19901,গাড়ি চলছে অবরোধের সময়ে সাংবাদিকের মিথ্যা খবরে গাড়ি চালাইতে গিয়ে কোন ঘটনা ঘটলে এর দায় সাংবাদিক কেউ নিতে হবে,Abusive,Organization,Mild,এই বক্তব্যে ব্যবহৃত ভাষা ও দৃষ্টিভঙ্গি একটি সংগঠন বা প্রতিষ্ঠানের বিরুদ্ধে মাঝারি মাত্রার গালিগালাজমূলক মন্তব্য প্রকাশ করে।,rule-contextual,False,pending,
28797,এই ছাগলের কথার মূল্য নাই সমাজে,,,Little to None,"মন্তব্যটিতে কোনো নির্দিষ্ট ব্যক্তি, গোষ্ঠী বা সম্প্রদায়ের বিরুদ্ধে ঘৃণা বা বিদ্বেষ প্রকাশ পায়নি।",rule-based,False,pending,
25052,রাশিয়ার বক্তব্য পায় পাড়াদিয়ে ঝগড়া করা,Political Hate,Organization,Mild,এই মন্তব্যে রাজনৈতিক প্রেক্ষাপটে একটি সংগঠন বা প্রতিষ্ঠানের বিরুদ্ধে মাঝারি মাত্রার বিদ্বেষ ও ঘৃণা প্রকাশ করা হয়েছে।,rule-contextual,False,pending,
3027,এই জারজের বাচ্চা আওয়ামী লীগের সভাপতি শুয়োরের বাচ্চা খানকির পোলা এদের কে ফাঁসি দেওয়া দরকার,Abusive,Individual,Severe,"মন্তব্যকারী ""খানকি"", ""ফাঁসি"" ব্যবহার করে নির্দিষ্ট ব্যক্তিকে অশ্লীলভাবে আক্রমণ করেছেন। ভাষার মাত্রা তীব্র ও গুরুতর মাত্রার অশ্লীলতা নির্দেশ করে।",rule-contextual,False,pending,
22036,আল্লাহ আপনি রহমত আর উৎপাদনে বরকত দিন,,,Little to None,এটি একটি নিরপেক্ষ মন্তব্য যেখানে কাউকে লক্ষ্য করে কোনো অবমাননাকর বা বৈষম্যমূলক ভাষা ব্যবহার করা হয়নি।,rule-based,False,pending,
22442,আলহামদুলিল্লাহ্ আল্লাহ্ সহায়,,,Little to None,মন্তব্যকারী সাধারণ বিষয়ে মতামত দিয়েছেন এবং কোনো ঘৃণামূলক বক্তব্য প্রকাশ করেননি।,rule-based,False,pending,
450,সাধারণ মানুষের পক্ষে আইনশৃঙ্খলা বাহিনী না থাইকা রাজনৈতিক দলের পক্ষে,Political Hate,Organization,Mild,মন্তব্যটি রাজনৈতিক ব্যক্তি বা দলের প্রতি একটি সংগঠন বা প্রতিষ্ঠানের বিরুদ্ধে মাঝারি মাত্রার ঘৃণামূলক দৃষ্টিভঙ্গি প্রকাশ করে।,rule-contextual,False,pending,
1219,বোলারেরা ছাতার মাথা বল করে ওরা এক একজন বালের বলার নাই কোনো টার্ন নাই কোনো সুউম এরা কিভাবে বলার হলো,Abusive,Community,Severe,"এই মন্তব্যে ""বাল"" জাতীয় অশ্লীল শব্দ ব্যবহার করে নির্দিষ্ট সম্প্রদায় বা গোষ্ঠীকে অবমাননা করা হয়েছে, যা তীব্র ও গুরুতর মাত্রার কুরুচিপূর্ণ ভাষা নির্দেশ করে।",rule-contextual,False,pending,
12697,কমলদেও একজন রহস্যময় সাংবাদিক,,,Little to None,"এই মন্তব্যে কোনো আপত্তিকর, অশ্লীল বা ঘৃণাজনক বিষয়বস্তু নেই এবং এটি স্বাভাবিক আলোচনার অংশ।",rule-based,False,pending,
11134,কারন চোরেই চোর চেনে,Abusive,,Severe,"মন্তব্যটিতে ""চোর"" এর মতো আক্রমণাত্মক ও গালিগালাজমূলক ভাষা ব্যবহার করা হয়েছে। এটি সাধারণভাবে তীব্র ও গুরুতর মাত্রার বক্তব্য।",rule-contextual,False,pending,
10211,মুকি লাতি মারবেনে তোদের মা,Abusive,Community,Little to None,এই বক্তব্যে ব্যবহৃত ভাষা ও দৃষ্টিভঙ্গি একটি সম্প্রদায় বা গোষ্ঠীর বিরুদ্ধে মৃদু বা গৌণ মাত্রার গালিগালাজমূলক মন্তব্য প্রকাশ করে।,rule-contextual,False,pending,
4384,মালেক আফসারির থোবরা মুখে জোরে জোরে লাত্তি মারলে খুব শান্তি পাতাম,,,Little to None,"এই মন্তব্যে কোনো ঘৃণামূলক, আক্রমণাত্মক বা বৈষম্যমূলক ভাষা নেই, তাই এটি স্বাভাবিক মন্তব্য হিসেবে শ্রেণিবদ্ধ।",rule-based,False,pending,
3545,আলহামদুলিল্লাহ জঙ্গি কুত্তাদের শেষ কর,Abusive,Community,Severe,"মন্তব্যটিতে ""কুত্তা"", ""কুত্তা"" এর মতো অশ্লীল ও কুরুচিপূর্ণ ভাষা ব্যবহার করে নির্দিষ্ট সম্প্রদায় বা গোষ্ঠীকে আক্রমণ করা হয়েছে। এটি তীব্র ও গুরুতর মাত্রার অশ্লীল বক্তব্য।",rule-contextual,False,pending,
25142,এই ঘৃণিত কাজ একমাত্র ইহুদিদের দ্বারা সম্ভব আমরা এই সন্ত্রাসী কর্মকাণ্ডের বিরুদ্ধে সোচ্চার ও ঘৃণা করছি,Religious Hate,Community,Severe,মন্তব্যটি ধর্মীয় বিষয়ে একটি সম্প্রদায় বা গোষ্ঠীর বিরুদ্ধে তীব্র ও গুরুতর মাত্রার ঘৃণামূলক দৃষ্টিভঙ্গি প্রকাশ করে।,rule-contextual,False,pending,
26270,পাগল রা আজ সংসদে,Abusive,Community,Severe,"এই মন্তব্যে ""পাগল"" শব্দ ব্যবহার করে নির্দিষ্ট সম্প্রদায় বা গোষ্ঠীকে অবমাননা করা হয়েছে, যা তীব্র ও গুরুতর মাত্রার আক্রমণাত্মক ভাষা নির্দেশ করে।",rule-contextual,False,pending,
999,তর শাউয়া দিয়ে দিমু টাকা খাংকি মাগী আমাদের কোনো মূলা অয়ন করেনা কামলা বলে গালাগালি দেয় আবার বিদেশে যেতে অনেক টাকা খরচ ৫ থেকে ৬ লাখ টাকা খরচ করে বিদেশে এসেছি সরকার সেগুলো দেখেনা খালি টাকা ইন্ডিয়া যে কোনো দেশে গেলে লাগে ৬০ থেকে ৭০ হাজার টাকা এদিকে নজর নেই টাকা হেডাদিয়া দিমু,Abusive,Individual,Severe,"নির্দিষ্ট ব্যক্তিকে উদ্দেশ্যে ""মাগী"", ""গু"", ""গালি"" এর মতো চরম অশ্লীল ভাষা প্রয়োগ এই মন্তব্যকে তীব্র ও গুরুতর মাত্রার অশ্লীল বক্তব্য হিসেবে শ্রেণিবদ্ধ করে।",rule-contextual,False,pending,
16439,এ দুই নাম্বার ভোট দিতে যাবে কে,Political Hate,,Mild,"মন্তব্যকারী ""ভোট"" এর প্রসঙ্গে সম্পর্কে মাঝারি মাত্রার রাজনৈতিক বিদ্বেষ ও ঘৃণা প্রকাশ করেছেন।",rule-contextual,False,pending,
24490,যদি পায়রা বন্দরে দেন তাহলে এত লোন কেন করতেছেন সব টাকা আপনার কাছেই আছে আমরা জানি সবাই,Abusive,Individual,Little to None,"এই মন্তব্যের ভাষা ও সুর আক্রমণাত্মক এবং অবমাননাকর, যা একটি নির্দিষ্ট ব্যক্তির বিরুদ্ধে মৃদু বা গৌণ মাত্রার গালিগালাজমূলক বক্তব্য হিসেবে চিহ্নিত।",rule-contextual,False,pending,
16721,বিএনপি যদি সরকার হয় তবে বাংলাদেশে নিসন্দেহে আল কায়দা প্রভাব সৃষ্টি করবে,Political Hate,Organization,Severe,"মন্তব্যটিতে ""সরকার"", ""বিএনপি"" উল্লেখ করে রাজনৈতিক বিদ্বেষ প্রকাশ করা হয়েছে। নির্দিষ্ট সংগঠন বা প্রতিষ্ঠানকে লক্ষ্য করে এই তীব্র ও গুরুতর মাত্রার রাজনৈতিক ঘৃণামূলক বক্তব্য।",rule-contextual,False,pending,
3240,পাকিস্তান আসলে জঙ্গি গোষ্ঠী ভারতের উচিত ইরানের পাশে থাকা এবং পাকিস্তান জঙ্গি দমন করা,Religious Hate,Organization,Severe,ধর্ম ও সম্প্রদায় সম্পর্কে একটি সংগঠন বা প্রতিষ্ঠানের বিরুদ্ধে তীব্র ও গুরুতর মাত্রার বিদ্বেষপূর্ণ মনোভাব এই মন্তব্যে প্রকাশিত।,rule-contextual,False,pending,
28470,নতুনদের মাঝে ভালো সম্ভাবনা দেখা যাচ্ছে,,,Little to None,"এই মন্তব্যে কোনো আপত্তিকর, অশ্লীল বা ঘৃণাজনক বিষয়বস্তু নেই এবং এটি স্বাভাবিক আলোচনার অংশ।",rule-based,False,pending,
5202,দায়িত্ব বান চোর,Abusive,Individual,Mild,"মন্তব্যটিতে ""চোর"" এর মতো আক্রমণাত্মক ভাষা ব্যবহার করে নির্দিষ্ট ব্যক্তিকে লক্ষ্য করা হয়েছে। এটি মাঝারি মাত্রার গালিগালাজমূলক বক্তব্য।",rule-contextual,False,pending,
29373,কয়দিন পর উনিই বলবেন যে আমার আইডি হ্যাক হয়েছে,Abusive,Individual,Mild,"এই মন্তব্যের ভাষা ও সুর আক্রমণাত্মক এবং অবমাননাকর, যা একটি নির্দিষ্ট ব্যক্তির বিরুদ্ধে মাঝারি মাত্রার গালিগালাজমূলক বক্তব্য হিসেবে চিহ্নিত।",rule-contextual,False,pending,
21995,অতি বার বেড়নো এমন ঝড় আসবে যে বাপ দাদা সন্তান দের এদেশে খুজে পাবেনা,Abusive,Individual,Little to None,এই বক্তব্যে ব্যবহৃত ভাষা ও দৃষ্টিভঙ্গি একটি নির্দিষ্ট ব্যক্তির বিরুদ্ধে মৃদু বা গৌণ মাত্রার গালিগালাজমূলক মন্তব্য প্রকাশ করে।,rule-contextual,False,pending,
8633,বাংলাদেশ এম্বাসি এটা তো হলো হিজলা এম্বাসি আমার ক্ষমতা থাকলে দায়িত্বে থাকা সবগুলোকেই ক্রস ফায়ার দিতামশালারা এম্বাসিতে বসে কোটি কোটি টাকা নিয়ে বিদেশে পাচার করে উধাও হয়,Abusive,Organization,Severe,"মন্তব্যটিতে ""শালা"", ""গু"", ""শালা"" এর মতো অশ্লীল ও কুরুচিপূর্ণ ভাষা ব্যবহার করে নির্দিষ্ট সংগঠন বা প্রতিষ্ঠানকে আক্রমণ করা হয়েছে। এটি তীব্র ও গুরুতর মাত্রার অশ্লীল বক্তব্য।",rule-contextual,False,pending,
4387,প্রশাসন কী করছিল,Abusive,Organization,Mild,এই বক্তব্যে ব্যবহৃত ভাষা ও দৃষ্টিভঙ্গি একটি সংগঠন বা প্রতিষ্ঠানের বিরুদ্ধে মাঝারি মাত্রার গালিগালাজমূলক মন্তব্য প্রকাশ করে।,rule-contextual,False,pending,
10254,সব গরুর মাংস শেখ হাসিনাই খাও জয় বাংলা,,,Little to None,"এই মন্তব্যে কোনো ঘৃণামূলক, আক্রমণাত্মক বা বৈষম্যমূলক ভাষা নেই, তাই এটি স্বাভাবিক মন্তব্য হিসেবে শ্রেণিবদ্ধ।",rule-based,False,pending,
34359,প্রথম আলো পতিতা শ্রেনীর পত্রিকা আর নিচে যারা এই খবরের সমর্থক তাদের দেশ পাকিস্তানে আটা প্রতি কেজি ২৫৬৭ রুপি পৃথিবীর ধনী দেশগুলিতে বিক্ষোভ চলছে সেই তুলনায় আল্লাহ শেখ হাসিনার উছিলায় ভালো রাখছে,Gender Hate,Organization,Mild,"মন্তব্যটিতে ""নিচ"" উল্লেখ করে লিঙ্গ বৈষম্যমূলক দৃষ্টিভঙ্গি প্রকাশ করা হয়েছে। নির্দিষ্ট সংগঠন বা প্রতিষ্ঠানকে লক্ষ্য করে এটি মাঝারি মাত্রার যৌনতাবাদী বক্তব্য।",rule-contextual,False,pending,
17544,আমরা বাল ছিরি,Abusive,Community,Mild,"নির্দিষ্ট সম্প্রদায় বা গোষ্ঠীকে উদ্দেশ্যে ""বাল"" এর মতো চরম অশ্লীল ভাষা প্রয়োগ এই মন্তব্যকে মাঝারি মাত্রার অশ্লীল বক্তব্য হিসেবে শ্রেণিবদ্ধ করে।",rule-contextual,False,pending,
19727,একটা ম্যাচ কি জিততে পারবে,,,Little to None,"এই মন্তব্যে কোনো আপত্তিকর, অশ্লীল বা ঘৃণাজনক বিষয়বস্তু নেই এবং এটি স্বাভাবিক আলোচনার অংশ।",rule-based,False,pending,
17269,আরে তাউলা ছিলা কোন সংবিধান আওয়ামী লীগের বানানো সংবিধান,Political Hate,Organization,Mild,"মন্তব্যকারী ""আওয়ামী"", ""লীগ"" এর প্রসঙ্গে নির্দিষ্ট সংগঠন বা প্রতিষ্ঠানকে সম্পর্কে মাঝারি মাত্রার রাজনৈতিক বিদ্বেষ ও ঘৃণা প্রকাশ করেছেন।",rule-contextual,False,pending,
1701,সমলোচক জাত শুয়োরের বাচ্চা দের জবাব দিলো বস বিরাট কোহলি,Abusive,Community,Severe,এই বক্তব্যে ব্যবহৃত অশ্লীল ভাষা একটি সম্প্রদায় বা গোষ্ঠীর বিরুদ্ধে তীব্র ও গুরুতর মাত্রার কুরুচিপূর্ণ মন্তব্য নির্দেশ করে।,rule-contextual,False,pending,
13922,আল্লাহুম্মা আমীন আল্লাহ সবাইকে হেফাজত করো উদ্ধার কাজে সহায়তা করুন আমিন আল্লাহুম্মা আমীন,,,Little to None,"এই মন্তব্যে কোনো ঘৃণামূলক, আক্রমণাত্মক বা বৈষম্যমূলক ভাষা নেই, তাই এটি স্বাভাবিক মন্তব্য হিসেবে শ্রেণিবদ্ধ।",rule-based,False,pending,
12552,ছাল নাই কুত্তার বাঘা নাম,Abusive,Individual,Severe,"এই বক্তব্যে নির্দিষ্ট ব্যক্তিকে প্রতি ""কুত্তা"" এর মতো আপত্তিকর শব্দচয়ন এটিকে তীব্র ও গুরুতর মাত্রার আক্রমণাত্মক মন্তব্য হিসেবে শ্রেণিবদ্ধ করে।",rule-contextual,False,pending,
14924,সালা পাগল দালাল এ নাকি বিরোধী দলের এমপি,Abusive,Individual,Severe,"মন্তব্যকারী ""পাগল"", ""দালাল"" ব্যবহার করে নির্দিষ্ট ব্যক্তিকে অশ্লীলভাবে আক্রমণ করেছেন। ভাষার মাত্রা তীব্র ও গুরুতর মাত্রার অশ্লীলতা নির্দেশ করে।",rule-contextual,False,pending,
22991,সময় টিভির আর সময় নাই,Abusive,Organization,Mild,মন্তব্যটির সামগ্রিক সুর ও ভাষা একটি সংগঠন বা প্রতিষ্ঠানের বিরুদ্ধে মাঝারি মাত্রার আক্রমণাত্মক বক্তব্য নির্দেশ করে।,rule-contextual,False,pending,
25262,আমাদের আসামেও প্রভাব ফেলেছে,,,Little to None,মন্তব্যকারী সাধারণ বিষয়ে মতামত দিয়েছেন এবং কোনো ঘৃণামূলক বক্তব্য প্রকাশ করেননি।,rule-based,False,pending,
13132,তোদের নিউজ হলো গাঁজাখুরি বয়কট তোদের,Abusive,Organization,Severe,"এই মন্তব্যের ভাষা ও সুর আক্রমণাত্মক এবং অবমাননাকর, যা একটি সংগঠন বা প্রতিষ্ঠানের বিরুদ্ধে তীব্র ও গুরুতর মাত্রার গালিগালাজমূলক বক্তব্য হিসেবে চিহ্নিত।",rule-contextual,False,pending,
29338,আপনারা তো দালাল মিডিয়া,Abusive,Organization,Severe,"এই মন্তব্যে ""দালাল"" শব্দ ব্যবহার করে নির্দিষ্ট সংগঠন বা প্রতিষ্ঠানকে অবমাননা করা হয়েছে, যা তীব্র ও গুরুতর মাত্রার আক্রমণাত্মক ভাষা নির্দেশ করে।",rule-contextual,False,pending,
9184,এই সরকার দুর্নীতিবাজ সরকার শেখ হাসিনা দুর্নীতি না করলেও নয় তার আশপাশের মানুষ দুর্নীতির চাঁদাবাজ সরকার একজন পুরুষ শাসিত দেশ চাই,Political Hate,Organization,Mild,"এই মন্তব্যে ""সরকার"", ""হাসিনা"", ""দুর্নীতি"" সম্পর্কিত রাজনৈতিক ঘৃণা প্রকাশ পেয়েছে যেখানে নির্দিষ্ট সংগঠন বা প্রতিষ্ঠানকে আক্রমণের লক্ষ্যবস্তু। তীব্রতা মাঝারি মাত্রার।",rule-contextual,False,pending,
7279,পোস্টার ডিজাইন করি সব ধরনের,,,Little to None,এটি একটি নিরপেক্ষ মন্তব্য যেখানে কাউকে লক্ষ্য করে কোনো অবমাননাকর বা বৈষম্যমূলক ভাষা ব্যবহার করা হয়নি।,rule-based,False,pending,
18989,বাটপার কমল দে গে,Abusive,Individual,Severe,"মন্তব্যটিতে ""বাটপার"" এর মতো আক্রমণাত্মক ভাষা ব্যবহার করে নির্দিষ্ট ব্যক্তিকে লক্ষ্য করা হয়েছে। এটি তীব্র ও গুরুতর মাত্রার গালিগালাজমূলক বক্তব্য।",rule-contextual,False,pending,
16223,আল্লাহ ছাড় দেয় কিন্তু ছেড়ে দেয় না উনি সবকিছুরই সঠিক বিচার করবেন ইনশাআল্লাহ,,,Little to None,"এই মন্তব্যে কোনো আপত্তিকর, অশ্লীল বা ঘৃণাজনক বিষয়বস্তু নেই এবং এটি স্বাভাবিক আলোচনার অংশ।",rule-based,False,pending,
9255,আমেরিকাকে সারা বিশ্বকে সামাল দিতে হবে কারন ইউক্রেনকে ন্যটোভুক্ত করার সিদ্ধান্ত যদি আমেরিকা না নিতো তাহলে রাশিয়া কখনোই ইউক্রেন আক্রমণ কোরতো না প্রতিবেশী অন্য দলভুক্ত হোক তা কেহই চায়না,,,Little to None,মন্তব্যকারী সাধারণ বিষয়ে মতামত দিয়েছেন এবং কোনো ঘৃণামূলক বক্তব্য প্রকাশ করেননি।,rule-based,False,pending,
13430,খুব ভালো খবর খুবই ভালো লাগলোএটা নয় নিজের ইচ্ছা মতো চালাতো নিজের ইচ্ছায় চাইলেই কোনো দলকে জোরপূর্বক হারিয়ে দিতএটা হলো এটা ভারতের মতো দেশের কোনো তোয়াক্কা করে না,Abusive,Society,Mild,মন্তব্যটির সামগ্রিক সুর ও ভাষা সামগ্রিকভাবে সমাজ বা জাতির বিরুদ্ধে মাঝারি মাত্রার আক্রমণাত্মক বক্তব্য নির্দেশ করে।,rule-contextual,False,pending,
34888,তবে বাংলাদেশ ভালো আছে,,,Little to None,"মন্তব্যটিতে কোনো নির্দিষ্ট ব্যক্তি, গোষ্ঠী বা সম্প্রদায়ের বিরুদ্ধে ঘৃণা বা বিদ্বেষ প্রকাশ পায়নি।",rule-based,False,pending,
14888,সর্বোচ্চ বিচার হওয়া উচিৎ,Abusive,Individual,Severe,মন্তব্যটির সামগ্রিক সুর ও ভাষা একটি নির্দিষ্ট ব্যক্তির বিরুদ্ধে তীব্র ও গুরুতর মাত্রার আক্রমণাত্মক বক্তব্য নির্দেশ করে।,rule-contextual,False,pending,
18400,আমার নানি জন্যে হলেও থাকেন আপনি কবর থেকে এশে আপনাকে ভোট না দিতে পারলে মন খারাপ হয়ে যাবে,Political Hate,Individual,Little to None,"মন্তব্যটিতে ""ভোট"", ""খারাপ"" উল্লেখ করে রাজনৈতিক বিদ্বেষ প্রকাশ করা হয়েছে। নির্দিষ্ট ব্যক্তিকে লক্ষ্য করে এই মৃদু বা গৌণ মাত্রার রাজনৈতিক ঘৃণামূলক বক্তব্য।",rule-contextual,False,pending,
17966,নিজের রুমে এসির বাতাস থাকে ত৷ ত রাতে বিদ্যুৎ না থাকলে বুজবেন না আমাদের মত ভোগান্তর সিকার হতেন তাহলে এই ধর্য ধরার কথা বলতেন৷ না৷৷,,,Little to None,"এই মন্তব্যে কোনো ঘৃণামূলক, আক্রমণাত্মক বা বৈষম্যমূলক ভাষা নেই, তাই এটি স্বাভাবিক মন্তব্য হিসেবে শ্রেণিবদ্ধ।",rule-based,False,pending,
13623,বাস্তবের ঘূর্ণিঝড় বাংলাদেশের উপকূলে আঘাত হানবে কিনা সেটা আল্লাহ ভালো জানেন তবে মিডিয়ার তৈরী করা ঘূর্ণিঝড় ইতিমধ্যেই জনগণের মনের উপকূলে আঘাত হানতে সক্ষম হয়েছে ধন্যবাদ বাংলাদেশের অতি উৎসাহী সংবাদ মাধ্যমকে,,,Little to None,মন্তব্যকারী সাধারণ বিষয়ে মতামত দিয়েছেন এবং কোনো ঘৃণামূলক বক্তব্য প্রকাশ করেননি।,rule-based,False,pending,
5631,ঠান্ডাই মজা শীত ভাল লাগে,,,Little to None,"মন্তব্যটিতে কোনো নির্দিষ্ট ব্যক্তি, গোষ্ঠী বা সম্প্রদায়ের বিরুদ্ধে ঘৃণা বা বিদ্বেষ প্রকাশ পায়নি।",rule-based,False,pending,
11492,আমার মামা তার বডিটা চাই আমি সৌদি থাকি,,,Little to None,মন্তব্যকারী সাধারণ বিষয়ে মতামত দিয়েছেন এবং কোনো ঘৃণামূলক বক্তব্য প্রকাশ করেননি।,rule-based,False,pending,
5349,এদের তো বিয়ে লাগে না এমনিতেই গোপন কাজ হয়ে যায়আর কয় দিন বা বিয়ে টিকবে শুধু দেহের চাহিদা মেটাতে পারলেই কয় দিন পরে ডিভোর্স,Gender Hate,Community,Mild,এই মন্তব্যে নারীর প্রতি একটি সম্প্রদায় বা গোষ্ঠীর বিরুদ্ধে মাঝারি মাত্রার বৈষম্যমূলক ও অবমাননাকর মনোভাব প্রকাশ পায়।,rule-contextual,False,pending,
23284,দেখা যাক এবার আইন কি কাজ করে,,,Little to None,এটি একটি নিরপেক্ষ মন্তব্য যেখানে কাউকে লক্ষ্য করে কোনো অবমাননাকর বা বৈষম্যমূলক ভাষা ব্যবহার করা হয়নি।,rule-based,False,pending,
27254,এই লোকটা বাংলাদেশে ঘৃণিত ব্যক্তি,Abusive,Individual,Little to None,"এই মন্তব্যের ভাষা ও সুর আক্রমণাত্মক এবং অবমাননাকর, যা একটি নির্দিষ্ট ব্যক্তির বিরুদ্ধে মৃদু বা গৌণ মাত্রার গালিগালাজমূলক বক্তব্য হিসেবে চিহ্নিত।",rule-contextual,False,pending,
20616,আমাদের দেশের কিছু জনগণের বাপ লাগে আমেরিকা শুধু ক্ষমতার জন্য,Abusive,Society,Mild,"এই মন্তব্যের ভাষা ও সুর আক্রমণাত্মক এবং অবমাননাকর, যা সামগ্রিকভাবে সমাজ বা জাতির বিরুদ্ধে মাঝারি মাত্রার গালিগালাজমূলক বক্তব্য হিসেবে চিহ্নিত।",rule-contextual,False,pending,
8901,তোমারে কে সাংবাদিক বানিয়েছে,Abusive,Individual,Little to None,এই বক্তব্যে ব্যবহৃত ভাষা ও দৃষ্টিভঙ্গি একটি নির্দিষ্ট ব্যক্তির বিরুদ্ধে মৃদু বা গৌণ মাত্রার গালিগালাজমূলক মন্তব্য প্রকাশ করে।,rule-contextual,False,pending,
32243,তারা কি এখন রাজাকার না,,,Little to None,মন্তব্যটি সাধারণ মতামত প্রকাশ করে এবং এতে কোনো ঘৃণা বা সহিংসতামূলক উপাদান নেই।,rule-based,False,pending,
26891,আমার সব কিছু ভালো লাগে কিন্তু জাতির পিতা তো ইব্রাহিম খলিলুল্লাহ,,,Little to None,"মন্তব্যটিতে কোনো নির্দিষ্ট ব্যক্তি, গোষ্ঠী বা সম্প্রদায়ের বিরুদ্ধে ঘৃণা বা বিদ্বেষ প্রকাশ পায়নি।",rule-based,False,pending,
608,আমরা এমন স্বাধীন বাংলাদেশে চাই না,,,Little to None,"মন্তব্যটিতে কোনো নির্দিষ্ট ব্যক্তি, গোষ্ঠী বা সম্প্রদায়ের বিরুদ্ধে ঘৃণা বা বিদ্বেষ প্রকাশ পায়নি।",rule-based,False,pending,
28203,আপনি একবারও দিছেন আপনার মুখে নির্বাচন মানায় না,Political Hate,Organization,Little to None,"মন্তব্যকারী ""নির্বাচন"" এর প্রসঙ্গে নির্দিষ্ট সংগঠন বা প্রতিষ্ঠানকে সম্পর্কে মৃদু বা গৌণ মাত্রার রাজনৈতিক বিদ্বেষ ও ঘৃণা প্রকাশ করেছেন।",rule-contextual,False,pending,
1467,এই শালা সরকারের দালাল,Abusive,Individual,Severe,"নির্দিষ্ট ব্যক্তিকে উদ্দেশ্যে ""শালা"", ""দালাল"" এর মতো অবমাননাকর শব্দ ব্যবহার এই মন্তব্যকে তীব্র ও গুরুতর মাত্রার গালিগালাজ হিসেবে চিহ্নিত করে।",rule-contextual,False,pending,
33107,যদি ব্র্যাক স্যারের কাজটাকে ধ্বংসাত্নক কাজ বলে মনে করে তাহলে কেন বইয়ের খারাপ গল্প লেখা হল ব্র্যাকের কাছে আমার প্রশ্ন আর সরকারি সম্পদ বলেই কি তারা এ খারাপ গল্প লিখেছে,Abusive,Individual,Mild,"মন্তব্যটিতে ""ধ্বংস"", ""খারাপ"" এর মতো আক্রমণাত্মক ভাষা ব্যবহার করে নির্দিষ্ট ব্যক্তিকে লক্ষ্য করা হয়েছে। এটি মাঝারি মাত্রার গালিগালাজমূলক বক্তব্য।",rule-contextual,False,pending,
14623,জামাত শিবির কে দেখে মানুষ ভয় পায় তাই তারা এমন করতেছে এই মহিলা আইনের আওতায় আনা হোক,Political Hate,Organization,Mild,"নির্দিষ্ট সংগঠন বা প্রতিষ্ঠানকে বিরুদ্ধে ""জামাত"" এর মতো রাজনৈতিক বিদ্বেষমূলক শব্দ ব্যবহার করা হয়েছে। এটি মাঝারি মাত্রার রাজনৈতিক ঘৃণা প্রকাশ করে।",rule-contextual,False,pending,
32609,আপনার মত ব্যর্থ প্রধানমন্ত্রী না থাকলে হবে জনগণ আপনাকে চাই না,Political Hate,Individual,Mild,মন্তব্যটি রাজনৈতিক ব্যক্তি বা দলের প্রতি একটি নির্দিষ্ট ব্যক্তির বিরুদ্ধে মাঝারি মাত্রার ঘৃণামূলক দৃষ্টিভঙ্গি প্রকাশ করে।,rule-contextual,False,pending,
6336,কতো জানোয়ারের বাঁচ্চার পক্ষে এমন কাজ করা সম্ভব তানাহলে হাত পা কেনো কেটে দিবে,Abusive,Individual,Severe,মন্তব্যটিতে একটি নির্দিষ্ট ব্যক্তির বিরুদ্ধে তীব্র ও গুরুতর মাত্রার অশ্লীল শব্দচয়ন ও কুরুচিপূর্ণ ভাষা ব্যবহার করা হয়েছে।,rule-contextual,False,pending,
27787,সময় টিভির এতো মাথা বেথা কেন আপনার দালাল টিভি গুলো কে চিনে রাখুন পড়ে কাজে লাগবে সরকার পতন হলে,Abusive,Organization,Severe,"মন্তব্যকারী ""দালাল"", ""পতন"" ব্যবহার করে নির্দিষ্ট সংগঠন বা প্রতিষ্ঠানকে আক্রমণ করেছেন। ভাষার তীব্রতা তীব্র ও গুরুতর মাত্রার বলে প্রতীয়মান।",rule-contextual,False,pending,
20934,গুজব টিভির চুলকানি শুরু হয়েছে,Abusive,Organization,Mild,মন্তব্যটির সামগ্রিক সুর ও ভাষা একটি সংগঠন বা প্রতিষ্ঠানের বিরুদ্ধে মাঝারি মাত্রার আক্রমণাত্মক বক্তব্য নির্দেশ করে।,rule-contextual,False,pending,
13364,বাংলাদেশ নিজেরা পারে এটাই দেখিয়ে দিলো,,,Little to None,এটি একটি নিরপেক্ষ মন্তব্য যেখানে কাউকে লক্ষ্য করে কোনো অবমাননাকর বা বৈষম্যমূলক ভাষা ব্যবহার করা হয়নি।,rule-based,False,pending,
1714,কেউ ভয় পাবেন না তারা এখন দোরা সাপ সরকার আর কিছুই করতে পারবেনা বিদায় আওয়ামিলীগ,Abusive,Organization,Mild,"মন্তব্যটিতে ""সরকার"", ""লীগ"" এর মতো আক্রমণাত্মক ও গালিগালাজমূলক ভাষা ব্যবহার করা হয়েছে। এটি একটি সংগঠন বা প্রতিষ্ঠানের বিরুদ্ধে মাঝারি মাত্রার বক্তব্য।",rule-contextual,False,pending,
31357,দাম কি রকম হবে,,,Little to None,"মন্তব্যটিতে কোনো গালিগালাজ, বিদ্বেষ বা আপত্তিকর বিষয়বস্তু পাওয়া যায়নি বলে এটি নিরপেক্ষ মন্তব্য।",rule-based,False,pending,
779,বিজ্ঞাপনের জন্য টিভি দেখা বাদ দিলাম এখন কি ইউটুব দেখাও বাদ দিতে হবে যতসব আজাইরা টাকা কামানোর দান্দা,Abusive,Individual,Little to None,মন্তব্যটির সামগ্রিক সুর ও ভাষা একটি নির্দিষ্ট ব্যক্তির বিরুদ্ধে মৃদু বা গৌণ মাত্রার আক্রমণাত্মক বক্তব্য নির্দেশ করে।,rule-contextual,False,pending,
27260,জেলেনেস্কি পাগল অন্যোর কথায় রাশিয়ার সাথে যুদ্বে গিয়েছে এখন বুঝবে মজা,Abusive,Individual,Little to None,"এই বক্তব্যে নির্দিষ্ট ব্যক্তিকে প্রতি ""পাগল"" এর মতো আপত্তিকর শব্দচয়ন এটিকে মৃদু বা গৌণ মাত্রার আক্রমণাত্মক মন্তব্য হিসেবে শ্রেণিবদ্ধ করে।",rule-contextual,False,pending,
33083,আন্দোলনটা ছিল পতিতা মহিলাদের জন্য,Gender Hate,Society,Severe,"এই মন্তব্যে ""মহিলা"" সম্পর্কিত লিঙ্গভিত্তিক বৈষম্য প্রকাশ পেয়েছে যেখানে সমাজ বা জাতিকে আক্রমণের লক্ষ্যবস্তু। তীব্রতা তীব্র ও গুরুতর মাত্রার।",rule-contextual,False,pending,
4064,ভুয়ান নিউজ সম্প্রচার করার জন্য যদি টিভি চ্যানেলকে ব্লক করা যেত ঠিকই ব্লক করে দিতাম সময় টিভিকে,,,Little to None,মন্তব্যকারী সাধারণ বিষয়ে মতামত দিয়েছেন এবং কোনো ঘৃণামূলক বক্তব্য প্রকাশ করেননি।,rule-based,False,pending,
14860,আলগা মমিন ভাই আপনার ভুয়া বক্তৃতা বাটপারি বন্ধ করে ন,Abusive,Individual,Mild,"মন্তব্যটিতে ""বাটপার"", ""বন্ধ"" এর মতো আক্রমণাত্মক ভাষা ব্যবহার করে নির্দিষ্ট ব্যক্তিকে লক্ষ্য করা হয়েছে। এটি মাঝারি মাত্রার গালিগালাজমূলক বক্তব্য।",rule-contextual,False,pending,
8576,একজন কমেডিয়ান প্রেসিডেন্ট এর জন্য এটাই প্রাপ্য,Abusive,Individual,Mild,মন্তব্যটির সামগ্রিক সুর ও ভাষা একটি নির্দিষ্ট ব্যক্তির বিরুদ্ধে মাঝারি মাত্রার আক্রমণাত্মক বক্তব্য নির্দেশ করে।,rule-contextual,False,pending,
19218,সময় তুই আর কত দালালি করবি,Abusive,Organization,Severe,"এই মন্তব্যে ""দালাল"" শব্দ ব্যবহার করে নির্দিষ্ট সংগঠন বা প্রতিষ্ঠানকে অবমাননা করা হয়েছে, যা তীব্র ও গুরুতর মাত্রার আক্রমণাত্মক ভাষা নির্দেশ করে।",rule-contextual,False,pending,
21212,সব মাননীয় প্রধানমন্ত্রীর ছেলে সজীব ওয়াজেদ জয় দিয়েছেন,,,Little to None,"মন্তব্যটিতে কোনো গালিগালাজ, বিদ্বেষ বা আপত্তিকর বিষয়বস্তু পাওয়া যায়নি বলে এটি নিরপেক্ষ মন্তব্য।",rule-based,False,pending,
6587,এই ক্রিমিনাল গুলো ইসরাইলকে তৈরি করেছেসব প্রকার সাহায্য সহযোগিতা করে ক্যান্সার তৈরি করেছেএখন নাটক করে প্রতিনিয়ত,Political Hate,Community,Little to None,রাজনৈতিক বিষয়ে একটি সম্প্রদায় বা গোষ্ঠীর বিরুদ্ধে মৃদু বা গৌণ মাত্রার বিদ্বেষপূর্ণ মনোভাব এই মন্তব্যে স্পষ্ট।,rule-contextual,False,pending,
19577,মিত্যা বাদি সব মিত্যা কথা,Abusive,Individual,Little to None,"এই মন্তব্যের ভাষা ও সুর আক্রমণাত্মক এবং অবমাননাকর, যা একটি নির্দিষ্ট ব্যক্তির বিরুদ্ধে মৃদু বা গৌণ মাত্রার গালিগালাজমূলক বক্তব্য হিসেবে চিহ্নিত।",rule-contextual,False,pending,
26927,এটা ১০০ সত্য,,,Little to None,মন্তব্যকারী সাধারণ বিষয়ে মতামত দিয়েছেন এবং কোনো ঘৃণামূলক বক্তব্য প্রকাশ করেননি।,rule-based,False,pending,
16039,ন্যাটোর মানবিক সহায়তার নামে নতুন সার্কাস শুরু হচ্ছে,Abusive,Community,Mild,এই বক্তব্যে ব্যবহৃত অশ্লীল ভাষা একটি সম্প্রদায় বা গোষ্ঠীর বিরুদ্ধে মাঝারি মাত্রার কুরুচিপূর্ণ মন্তব্য নির্দেশ করে।,rule-contextual,False,pending,
1330,কুমিল্লা আসো তোমারে রাজনীতি শিখায় দিবে,Abusive,Individual,Little to None,এই বক্তব্যে ব্যবহৃত ভাষা ও দৃষ্টিভঙ্গি একটি নির্দিষ্ট ব্যক্তির বিরুদ্ধে মৃদু বা গৌণ মাত্রার গালিগালাজমূলক মন্তব্য প্রকাশ করে।,rule-contextual,False,pending,
1849,কোন কেয়ামতের কতা বলতাছেন এই পৃথিবীর মানুষ এবং পৃথিবী বিলুপ্ত করে আল্লাহর রাসূলের কি লাভ বলেন এগুলো সবই মানুষের অপব্যাখ্যা বুঝার ভুল ধারণা কুদরতে যা কিছুই হচ্ছে প্রকৃতির মাঝে মানুষকে সঠিক পথে নিয়ে আসার জন্যই হচ্ছে,,,Little to None,এটি একটি নিরপেক্ষ মন্তব্য যেখানে কাউকে লক্ষ্য করে কোনো অবমাননাকর বা বৈষম্যমূলক ভাষা ব্যবহার করা হয়নি।,rule-based,False,pending,
7692,ইরাক বড় বড় কথা বলে ধংশ হয়ে গিয়াছে আর ইরান এখন বড় বড় কথা বলা শুরু করেছ এখন আমরিকা আর ইসরায়েল মিলে ইরানের মাজা ভেঙে মাটির সাথে মিশিয়ে দিবে তখন ঠিক পাবে যে ঠেলার নাম বাবাজি মাজে মাজে ইরান বলে ইসরায়েলকে পৃথিবীর মানচিত্র থেকে মুছে ফেলা হবে এই রকম হুমকি ধামকি দিতে থাকে আর ইসরায়েল ইরানের কানে মুখে জুতা মেরে দাত মুখ ভেঙে দেয় আজ পযন্ত দেখলাম না যে ইসরায়েলের একটি লোম বা বাল ছিড়লো ইরান কিন্তু ইসরায়েল মাঝে মাঝে ইরানের গালে থাপ্পড় মেরে গাল লাল করে দেয়,Political Hate,Community,Mild,"মন্তব্যটিতে ""বাল"" এর মতো রাজনৈতিক ঘৃণামূলক ভাষা ব্যবহার করা হয়েছে। এটি একটি সম্প্রদায় বা গোষ্ঠীর বিরুদ্ধে মাঝারি মাত্রার বক্তব্য।",rule-contextual,False,pending,
17996,ডিমের ছুপ ডাল খাবো,,,Little to None,"মন্তব্যটিতে কোনো নির্দিষ্ট ব্যক্তি, গোষ্ঠী বা সম্প্রদায়ের বিরুদ্ধে ঘৃণা বা বিদ্বেষ প্রকাশ পায়নি।",rule-based,False,pending,
7544,আর কবে আমরা মানুষ হবো,,,Little to None,এই বাক্যে কোনো ঘৃণামূলক শব্দ বা আক্রমণাত্মক প্রকাশ নেই এবং এটি সাধারণ মতামত প্রকাশ করে।,rule-based,False,pending,
3279,মন্ত্রী বাংলায় বুঝাইতে পারেনা ইংলিশ চোদায়,Abusive,Individual,Severe,এই বক্তব্যে ব্যবহৃত অশ্লীল ভাষা একটি নির্দিষ্ট ব্যক্তির বিরুদ্ধে তীব্র ও গুরুতর মাত্রার কুরুচিপূর্ণ মন্তব্য নির্দেশ করে।,rule-contextual,False,pending,
4156,র্যাব প্রকৃত খুনি এদের পুরো ইউনিটকে বিচারের আওতায় এনে কঠিন বিচার করা হোকযেন ইতিহাসে এদের শাস্তিটা দৃষ্টান্ত হয়ে থাকে শুধু র্যাব না কারা এই হত্যার পিছনে মূলহোতা তাদেরকেও বিচারের আওতায় আনা হোক,,,Little to None,"এই মন্তব্যে কোনো ঘৃণামূলক, আক্রমণাত্মক বা বৈষম্যমূলক ভাষা নেই, তাই এটি স্বাভাবিক মন্তব্য হিসেবে শ্রেণিবদ্ধ।",rule-based,False,pending,
9085,তাবলীগ বন্ধ করুন,Abusive,Community,Mild,"মন্তব্যটিতে ""লীগ"" এর মতো আক্রমণাত্মক ও গালিগালাজমূলক ভাষা ব্যবহার করা হয়েছে। এটি একটি সম্প্রদায় বা গোষ্ঠীর বিরুদ্ধে মাঝারি মাত্রার বক্তব্য।",rule-contextual,False,pending,
7531,আমরা চাই জাতীয় নির্বাচন কমিশনারকে আওয়ামী লীগ থেকে মনোনয়নপত্র দিক,Political Hate,Individual,Mild,"নির্দিষ্ট ব্যক্তিকে বিরুদ্ধে ""আওয়ামী"", ""লীগ"", ""নির্বাচন"" এর মতো রাজনৈতিক বিদ্বেষমূলক শব্দ ব্যবহার করা হয়েছে। এটি মাঝারি মাত্রার রাজনৈতিক ঘৃণা প্রকাশ করে।",rule-contextual,False,pending,
26799,আল্লাহ তুমি কি কিছু দেখো না হে আল্লাহ তুমি ফিলিস্তিনিদের রক্ষা করো,,,Little to None,"মন্তব্যটিতে কোনো নির্দিষ্ট ব্যক্তি, গোষ্ঠী বা সম্প্রদায়ের বিরুদ্ধে ঘৃণা বা বিদ্বেষ প্রকাশ পায়নি।",rule-based,False,pending,
4208,নাইকা ঠিক আছে কিন্তু নায়কটা ফিট নাআমার সবচেয়ে অপছন্দের নায়ক সাকিব খান,,,Little to None,এটি একটি নিরপেক্ষ মন্তব্য যেখানে কাউকে লক্ষ্য করে কোনো অবমাননাকর বা বৈষম্যমূলক ভাষা ব্যবহার করা হয়নি।,rule-based,False,pending,
29197,খানকির পোলারা এ লোকটার নাম ধরেই বিক্রি করে খাইতেছে দেশের টাকা পাচার করতেছে বঙ্গবন্ধু বাংলাদেশ মানুষ এখন ভাবের অভিশাপ,Abusive,Organization,Severe,"এই মন্তব্যে ""খানকি"", ""বন্ধ"" জাতীয় অশ্লীল শব্দ ব্যবহার করে নির্দিষ্ট সংগঠন বা প্রতিষ্ঠানকে অবমাননা করা হয়েছে, যা তীব্র ও গুরুতর মাত্রার কুরুচিপূর্ণ ভাষা নির্দেশ করে।",rule-contextual,False,pending,
32788,জাতীয় সংসদ এখন আওমীলীগের ভোটাচোর নেতাদের পার্টি অফিস জনগণের কোনো কথা সেখানে চলে না,Political Hate,Organization,Little to None,"রাজনৈতিক প্রেক্ষাপটে ""লীগ"", ""ভোট"", ""সংসদ"" ব্যবহার করে নির্দিষ্ট সংগঠন বা প্রতিষ্ঠানকে প্রতি বিদ্বেষ প্রকাশ এই মন্তব্যকে মৃদু বা গৌণ মাত্রার রাজনৈতিক ঘৃণামূলক বক্তব্য করে তোলে।",rule-contextual,False,pending,
4330,ওর কথা সুনেও পিছনের কিছু আবাল হাসতাছে ছিছিছিছি,Abusive,Individual,Little to None,"এই মন্তব্যে ""বাল"" জাতীয় অশ্লীল শব্দ ব্যবহার করে নির্দিষ্ট ব্যক্তিকে অবমাননা করা হয়েছে, যা মৃদু বা গৌণ মাত্রার কুরুচিপূর্ণ ভাষা নির্দেশ করে।",rule-contextual,False,pending,
3830,ফেরাউন ২০০ বছর শাসন করার পর দুনিয়া থেকে যেতে হয়েছে কেউ ক্ষমতা ধরে রাখতে পারবেনা সবাইকে একদিন যেতে হবে ক্ষমতা ছেড়ে,,,Little to None,"মন্তব্যটিতে কোনো নির্দিষ্ট ব্যক্তি, গোষ্ঠী বা সম্প্রদায়ের বিরুদ্ধে ঘৃণা বা বিদ্বেষ প্রকাশ পায়নি।",rule-based,False,pending,
14367,ফখরুল সাহেব দাওয়াত প্রত্যাখান করার ঘোষণা দিলেন প্দ্ধা সেতু দিয়ে যাতায়াত করবেন্ না ঘোষণা দিলে ভালো হত আপনাদের লজ্জা সরম নেই,Abusive,Individual,Mild,"মন্তব্যকারী ""লজ্জা"" ব্যবহার করে নির্দিষ্ট ব্যক্তিকে আক্রমণ করেছেন। ভাষার তীব্রতা মাঝারি মাত্রার বলে প্রতীয়মান।",rule-contextual,False,pending,
15793,বাংলাদেশীদের মনে রাখতে হবে ভারত বন্ধু মানেই বেইমান তাদের সাথে জয়ী হতে হলে সব সময় কৌশলী হতে হবে,Abusive,Society,Severe,"মন্তব্যকারী ""বেইমান"", ""বন্ধ"" ব্যবহার করে সমাজ বা জাতিকে আক্রমণ করেছেন। ভাষার তীব্রতা তীব্র ও গুরুতর মাত্রার বলে প্রতীয়মান।",rule-contextual,False,pending,
14900,বিএনপি জামায়াতের পাতা ফাঁদে পা না দিয়ে ভরসা রাখুন নৌকায় শীঘ্রই উন্নত সমৃদ্ধি বাংলাদেশ এ পরিনত হবে বাংলাদেশ,Abusive,Organization,Severe,"এই বক্তব্যে নির্দিষ্ট সংগঠন বা প্রতিষ্ঠানকে প্রতি ""বিএনপি"", ""জামায়াতের"" এর মতো আপত্তিকর শব্দচয়ন এটিকে তীব্র ও গুরুতর মাত্রার আক্রমণাত্মক মন্তব্য হিসেবে শ্রেণিবদ্ধ করে।",rule-contextual,False,pending,
25896,আমি তীব্র নিন্দা জানাচ্ছি এবং অবিলম্বে সবাই কে মুক্তি দিতে হবে,,,Little to None,এই বাক্যে কোনো ঘৃণামূলক শব্দ বা আক্রমণাত্মক প্রকাশ নেই এবং এটি সাধারণ মতামত প্রকাশ করে।,rule-based,False,pending,
23368,কানাডায় আইনের শাসন প্রধান বিবেচ্য,,,Little to None,"মন্তব্যটিতে কোনো নির্দিষ্ট ব্যক্তি, গোষ্ঠী বা সম্প্রদায়ের বিরুদ্ধে ঘৃণা বা বিদ্বেষ প্রকাশ পায়নি।",rule-based,False,pending,
25126,ঐখানে বি এন পি এর বড়ো ধরনের হাত ছিল আমার মনে হয় কিন্তু আওয়ামী লীগের হাত থাকলে কিছুই হতোনা আমি মনে করি,Abusive,,Little to None,"মন্তব্যটিতে ""লীগ"" এর মতো আক্রমণাত্মক ও গালিগালাজমূলক ভাষা ব্যবহার করা হয়েছে। এটি সাধারণভাবে মৃদু বা গৌণ মাত্রার বক্তব্য।",rule-contextual,False,pending,
11116,কমল দে কোথায় সময় টিভিকে বয়কট করুন ইলিয়াস ভাইয়ের প্রতিবেদনে কমল দে ও জড়িত আমি আন সাবস্ক্রাইব করেছি এই চ্যানেল আপনারাও করেন যারা সত্যের সাথে আছেন সময় টিভি মিথ্যা তথ্য প্রচার করে,Abusive,Individual,Mild,"এই মন্তব্যের ভাষা ও সুর আক্রমণাত্মক এবং অবমাননাকর, যা একটি নির্দিষ্ট ব্যক্তির বিরুদ্ধে মাঝারি মাত্রার গালিগালাজমূলক বক্তব্য হিসেবে চিহ্নিত।",rule-contextual,False,pending,
25854,আমিরিকা চাইতেছে যোধ্যা লেগেথাকোক অস্র ব্যাবসায় চাঙ্গা হবে আমিরিকা,Abusive,Society,Mild,"এই মন্তব্যের ভাষা ও সুর আক্রমণাত্মক এবং অবমাননাকর, যা সামগ্রিকভাবে সমাজ বা জাতির বিরুদ্ধে মাঝারি মাত্রার গালিগালাজমূলক বক্তব্য হিসেবে চিহ্নিত।",rule-contextual,False,pending,
18169,বালের অ্যাড না দিলে চলে না,Abusive,Organization,Severe,"নির্দিষ্ট সংগঠন বা প্রতিষ্ঠানকে উদ্দেশ্যে ""বাল"" এর মতো চরম অশ্লীল ভাষা প্রয়োগ এই মন্তব্যকে তীব্র ও গুরুতর মাত্রার অশ্লীল বক্তব্য হিসেবে শ্রেণিবদ্ধ করে।",rule-contextual,False,pending,
10091,মানুষ বলদ হয় কিন্তু এত বলদ হয় কিভাবে তান্ডব আবার চালায় কিভাবে তান্ডব চালায় সন্ত্রাসীরা ভূমিকম্প কি সন্ত্রাস,Abusive,Individual,Severe,মন্তব্যটির সামগ্রিক সুর ও ভাষা একটি নির্দিষ্ট ব্যক্তির বিরুদ্ধে তীব্র ও গুরুতর মাত্রার আক্রমণাত্মক বক্তব্য নির্দেশ করে।,rule-contextual,False,pending,
5026,শেখ হাসিনা এদের রক্ত চুসে ভারতে রক্ত রপ্তানি করছে,Political Hate,Individual,Mild,"মন্তব্যটিতে ""হাসিনা"" উল্লেখ করে রাজনৈতিক বিদ্বেষ প্রকাশ করা হয়েছে। নির্দিষ্ট ব্যক্তিকে লক্ষ্য করে এই মাঝারি মাত্রার রাজনৈতিক ঘৃণামূলক বক্তব্য।",rule-contextual,False,pending,
31587,ভাই যার বন্ধু ভারত তাঁর আরকোন শত্রুর প্রয়জন নেই,Abusive,Society,Mild,এই বক্তব্যে ব্যবহৃত ভাষা ও দৃষ্টিভঙ্গি সামগ্রিকভাবে সমাজ বা জাতির বিরুদ্ধে মাঝারি মাত্রার গালিগালাজমূলক মন্তব্য প্রকাশ করে।,rule-contextual,False,pending,
20000,ভেটের অধিকার নেই আমাদের দেশে,Political Hate,Society,Mild,মন্তব্যটি রাজনৈতিক ব্যক্তি বা দলের প্রতি সামগ্রিকভাবে সমাজ বা জাতির বিরুদ্ধে মাঝারি মাত্রার ঘৃণামূলক দৃষ্টিভঙ্গি প্রকাশ করে।,rule-contextual,False,pending,
24318,তার বউ আছে বাচ্চা আছে তাও সে জনপ্রিয় আর বালের সাকিব খান বউ বাচ্চা প্রকাশে আসছে দেইখা তালাক দিলো আরালে বাচ্চা ফুটায় সামনে আসলে তালাক কি ক্যারিয়ার,Abusive,Individual,Severe,"মন্তব্যকারী ""বাল"" ব্যবহার করে নির্দিষ্ট ব্যক্তিকে অশ্লীলভাবে আক্রমণ করেছেন। ভাষার মাত্রা তীব্র ও গুরুতর মাত্রার অশ্লীলতা নির্দেশ করে।",rule-contextual,False,pending,
23458,আহারে কি চেহারা,,,Little to None,এই বাক্যে কোনো ঘৃণামূলক শব্দ বা আক্রমণাত্মক প্রকাশ নেই এবং এটি সাধারণ মতামত প্রকাশ করে।,rule-based,False,pending,
33970,বিজিবির মুখে জুতা তারা কখনোই সিমান্ত রক্ষা করতে পারবে না তা না হলে হেলিকপ্টার অবশ্যই ধংশ করতো,Abusive,Community,Severe,"এই মন্তব্যের ভাষা ও সুর আক্রমণাত্মক এবং অবমাননাকর, যা একটি সম্প্রদায় বা গোষ্ঠীর বিরুদ্ধে তীব্র ও গুরুতর মাত্রার গালিগালাজমূলক বক্তব্য হিসেবে চিহ্নিত।",rule-contextual,False,pending,
16803,সবাই আমার ভাই এর জন্য দোয়া করবেন আবারো ক্যাম ব্যাক করবে,,,Little to None,"এই মন্তব্যে কোনো ঘৃণামূলক, আক্রমণাত্মক বা বৈষম্যমূলক ভাষা নেই, তাই এটি স্বাভাবিক মন্তব্য হিসেবে শ্রেণিবদ্ধ।",rule-based,False,pending,
35020,তোমার কাছে বললাম দয়াল জোবাইডেনকে ধ্বংস করে দাও,Abusive,Individual,Severe,"এই বক্তব্যে নির্দিষ্ট ব্যক্তিকে প্রতি ""ধ্বংস"" এর মতো আপত্তিকর শব্দচয়ন এটিকে তীব্র ও গুরুতর মাত্রার আক্রমণাত্মক মন্তব্য হিসেবে শ্রেণিবদ্ধ করে।",rule-contextual,False,pending,
3730,মাগি হত্তুন তুই একটা পালতু বেডি,Abusive,Individual,Severe,এই মন্তব্যে অশ্লীল ও কুরুচিপূর্ণ ভাষা ব্যবহার করে একটি নির্দিষ্ট ব্যক্তির বিরুদ্ধে তীব্র ও গুরুতর মাত্রার আপত্তিকর বক্তব্য প্রকাশ করা হয়েছে।,rule-contextual,False,pending,
6349,আমাদের দেশে আর কত রকম চোর দেখতে হবে,,,Little to None,এই বাক্যে কোনো ঘৃণামূলক শব্দ বা আক্রমণাত্মক প্রকাশ নেই এবং এটি সাধারণ মতামত প্রকাশ করে।,rule-based,False,pending,
31387,কিছু বলবোনা বল্লে চারকি থাকবে না,,,Little to None,এটি একটি নিরপেক্ষ মন্তব্য যেখানে কাউকে লক্ষ্য করে কোনো অবমাননাকর বা বৈষম্যমূলক ভাষা ব্যবহার করা হয়নি।,rule-based,False,pending,
23747,এটাকেই বলে গণতান্ত্রিক দেশ কার এত বড় সাহস বাইডেনের ছেলের নামে কর ফাখির মামলা করে বাংলাদেশে এই সাহসী লোক কি জীবনে জন্ম নেবে তাহলে শেখ হাসিনার ছেলের নামে কত কোটি মামলা হওয়ার কথা ছিল,Abusive,Society,Little to None,"মন্তব্যটিতে ""হাসিনা"" এর মতো আক্রমণাত্মক ও গালিগালাজমূলক ভাষা ব্যবহার করা হয়েছে। এটি সামগ্রিকভাবে সমাজ বা জাতির বিরুদ্ধে মৃদু বা গৌণ মাত্রার বক্তব্য।",rule-contextual,False,pending,
20819,আল্লাহতালা আপনাকে দীর্ঘ হায়াত দান করুক আপনি অনেক বড় হন,,,Little to None,"মন্তব্যটিতে কোনো নির্দিষ্ট ব্যক্তি, গোষ্ঠী বা সম্প্রদায়ের বিরুদ্ধে ঘৃণা বা বিদ্বেষ প্রকাশ পায়নি।",rule-based,False,pending,
6573,ভোট চোর অবৈধ সরকার এর চোরের মার বড় গলা,Political Hate,Organization,Severe,"এই মন্তব্যে ""সরকার"", ""ভোট"", ""চোর"" সম্পর্কিত রাজনৈতিক ঘৃণা প্রকাশ পেয়েছে যেখানে নির্দিষ্ট সংগঠন বা প্রতিষ্ঠানকে আক্রমণের লক্ষ্যবস্তু। তীব্রতা তীব্র ও গুরুতর মাত্রার।",rule-contextual,False,pending,
4287,বঙ্গবন্ধু কন্যার সরকার বার বার দরকার বঙ্গবন্ধু কন্যার সরকার জনগণের সরকার জাতিপ্রেমিক সরকার নিরপেক্ষ সরকার দেশপ্রেমিক সরকার তত্ত্বাবধায়ক সরকার বঙ্গবন্ধু কন্যার সরকার নির্বাচনী সরকার,,,Little to None,মন্তব্যকারী সাধারণ বিষয়ে মতামত দিয়েছেন এবং কোনো ঘৃণামূলক বক্তব্য প্রকাশ করেননি।,rule-based,False,pending,
31937,ভুয়া কথা আজকেও অনেকেই ঢুকতে পারেনি সময়মত,,,Little to None,মন্তব্যকারী সাধারণ বিষয়ে মতামত দিয়েছেন এবং কোনো ঘৃণামূলক বক্তব্য প্রকাশ করেননি।,rule-based,False,pending,
21276,এত এড দেয়া লাগে,Abusive,Organization,Little to None,"এই মন্তব্যের ভাষা ও সুর আক্রমণাত্মক এবং অবমাননাকর, যা একটি সংগঠন বা প্রতিষ্ঠানের বিরুদ্ধে মৃদু বা গৌণ মাত্রার গালিগালাজমূলক বক্তব্য হিসেবে চিহ্নিত।",rule-contextual,False,pending,
7670,নিউজ দেখেন না কমেন্ট সেকশনটা দেখে যানগলির কুত্তাটাকেও যে সম্মান দেয়া হয় আপনাকে সে সম্মান দেয়া হয় না,Abusive,Individual,Severe,"নির্দিষ্ট ব্যক্তিকে উদ্দেশ্যে ""কুত্তা"" এর মতো অবমাননাকর শব্দ ব্যবহার এই মন্তব্যকে তীব্র ও গুরুতর মাত্রার গালিগালাজ হিসেবে চিহ্নিত করে।",rule-contextual,False,pending,
30033,এই চোরগুলোর সম্পত্তির হিসাব নেওয়া হবে একদিন সময় আসবে ইনশাআল্লাহ,Abusive,Community,Little to None,"মন্তব্যটিতে ""চোর"" এর মতো আক্রমণাত্মক ভাষা ব্যবহার করে নির্দিষ্ট সম্প্রদায় বা গোষ্ঠীকে লক্ষ্য করা হয়েছে। এটি মৃদু বা গৌণ মাত্রার গালিগালাজমূলক বক্তব্য।",rule-contextual,False,pending,
12054,এটা হাস্যকর এই সমস্ত আলু নিউজ সময় টিভির সাংবাদিকরাই পারে,Abusive,Organization,Mild,"এই মন্তব্যের ভাষা ও সুর আক্রমণাত্মক এবং অবমাননাকর, যা একটি সংগঠন বা প্রতিষ্ঠানের বিরুদ্ধে মাঝারি মাত্রার গালিগালাজমূলক বক্তব্য হিসেবে চিহ্নিত।",rule-contextual,False,pending,
28965,আমেরিকা যাদের বন্ধু তার শত্রুর প্রয়োজন নেই,Abusive,Society,Little to None,এই বক্তব্যে ব্যবহৃত ভাষা ও দৃষ্টিভঙ্গি সামগ্রিকভাবে সমাজ বা জাতির বিরুদ্ধে মৃদু বা গৌণ মাত্রার গালিগালাজমূলক মন্তব্য প্রকাশ করে।,rule-contextual,False,pending,
27006,অনুরোধ রইল যত পারেন এন্টি ক্রাফট ডিফেন্স সিস্টেম এন্ড অ্যান্টি মিসাইল ডিফেন্স সিস্টেম এবং মডার্ন ফাইটার জাট এবং কিছু লং রেঞ্জ সারফিস টু সারফিস মিসাইল সেনা বাহিনীতে এড করার চেষ্টা করুন,,,Little to None,এই বাক্যে কোনো ঘৃণামূলক শব্দ বা আক্রমণাত্মক প্রকাশ নেই এবং এটি সাধারণ মতামত প্রকাশ করে।,rule-based,False,pending,
23502,ধন্যবাদ বাংলাদেশ ফায়ার সার্ভিস ও সেনাবাহিনীর সদস্যদের,,,Little to None,এই বাক্যে কোনো ঘৃণামূলক শব্দ বা আক্রমণাত্মক প্রকাশ নেই এবং এটি সাধারণ মতামত প্রকাশ করে।,rule-based,False,pending,
2771,খানকির পোলারা দাম বাড়লে ত বাড়াইয়া দেয় আর এখন দাম কমাতে তেল দিচ্ছে না,Abusive,Organization,Severe,"নির্দিষ্ট সংগঠন বা প্রতিষ্ঠানকে উদ্দেশ্যে ""খানকি"" এর মতো চরম অশ্লীল ভাষা প্রয়োগ এই মন্তব্যকে তীব্র ও গুরুতর মাত্রার অশ্লীল বক্তব্য হিসেবে শ্রেণিবদ্ধ করে।",rule-contextual,False,pending,
16514,কাউয়া ভুয়া নাকি খ মাগির পোলা,Abusive,Individual,Severe,মন্তব্যটিতে একটি নির্দিষ্ট ব্যক্তির বিরুদ্ধে তীব্র ও গুরুতর মাত্রার অশ্লীল শব্দচয়ন ও কুরুচিপূর্ণ ভাষা ব্যবহার করা হয়েছে।,rule-contextual,False,pending,
7083,আগুন দেওয়ার সময় মনে হয় পালোয়ান এর মতো ধরা পড়লে হয়ে যায় নেড়ি কুত্তার মতো,Abusive,Individual,Severe,"এই বক্তব্যে নির্দিষ্ট ব্যক্তিকে প্রতি ""কুত্তা"" এর মতো আপত্তিকর শব্দচয়ন এটিকে তীব্র ও গুরুতর মাত্রার আক্রমণাত্মক মন্তব্য হিসেবে শ্রেণিবদ্ধ করে।",rule-contextual,False,pending,
15965,বাল্যবিবাহের খবর রাখে আর বাল্যকালের প্রেম করে কতজন গর্ভবতী হয়েছে তার কোন খবর নাই,Abusive,Individual,Little to None,"মন্তব্যটিতে ""বাল"" এর মতো আক্রমণাত্মক ও গালিগালাজমূলক ভাষা ব্যবহার করা হয়েছে। এটি একটি নির্দিষ্ট ব্যক্তির বিরুদ্ধে মৃদু বা গৌণ মাত্রার বক্তব্য।",rule-contextual,False,pending,
10459,ফিলিস্তিন এর বেলায় কোন বিল নেই ফালতু আমেরিকা,Abusive,Society,Mild,"এই মন্তব্যের ভাষা ও সুর আক্রমণাত্মক এবং অবমাননাকর, যা সামগ্রিকভাবে সমাজ বা জাতির বিরুদ্ধে মাঝারি মাত্রার গালিগালাজমূলক বক্তব্য হিসেবে চিহ্নিত।",rule-contextual,False,pending,
5921,টাকা করা হক বাংলাদেশ সব জায়গায়,,,Little to None,এটি একটি নিরপেক্ষ মন্তব্য যেখানে কাউকে লক্ষ্য করে কোনো অবমাননাকর বা বৈষম্যমূলক ভাষা ব্যবহার করা হয়নি।,rule-based,False,pending,
7780,দেশের নাম মগের মুল্লুক কাজকর্ম সব অদ্ভুত,Abusive,Society,Mild,মন্তব্যটির সামগ্রিক সুর ও ভাষা সামগ্রিকভাবে সমাজ বা জাতির বিরুদ্ধে মাঝারি মাত্রার আক্রমণাত্মক বক্তব্য নির্দেশ করে।,rule-contextual,False,pending,
32397,আজব আইন জেলেদের জালে উঠলে কি করবে,Abusive,Society,Little to None,"এই মন্তব্যের ভাষা ও সুর আক্রমণাত্মক এবং অবমাননাকর, যা সামগ্রিকভাবে সমাজ বা জাতির বিরুদ্ধে মৃদু বা গৌণ মাত্রার গালিগালাজমূলক বক্তব্য হিসেবে চিহ্নিত।",rule-contextual,False,pending,
13228,তেলা মাথায় সবাই তেল দেয়,Abusive,Society,Little to None,মন্তব্যটির সামগ্রিক সুর ও ভাষা সামগ্রিকভাবে সমাজ বা জাতির বিরুদ্ধে মৃদু বা গৌণ মাত্রার আক্রমণাত্মক বক্তব্য নির্দেশ করে।,rule-contextual,False,pending,
14717,হাহাহাহা সময় টিভির জন্য ও সময় অপেক্ষা করতেছে তুই সাংবাদিক সেদিন কোথায় যাবি,Abusive,Individual,Mild,মন্তব্যটির সামগ্রিক সুর ও ভাষা একটি নির্দিষ্ট ব্যক্তির বিরুদ্ধে মাঝারি মাত্রার আক্রমণাত্মক বক্তব্য নির্দেশ করে।,rule-contextual,False,pending,
7141,এনার বাড়ি আমাদের গ্রামে,,,Little to None,এই বাক্যে কোনো ঘৃণামূলক শব্দ বা আক্রমণাত্মক প্রকাশ নেই এবং এটি সাধারণ মতামত প্রকাশ করে।,rule-based,False,pending,
21798,আপনি পালিয়ে যাবেন তাতে সন্দেহ নেই,,,Little to None,"এই মন্তব্যে কোনো ঘৃণামূলক, আক্রমণাত্মক বা বৈষম্যমূলক ভাষা নেই, তাই এটি স্বাভাবিক মন্তব্য হিসেবে শ্রেণিবদ্ধ।",rule-based,False,pending,
11239,চামচার বাচ্চা চামচা,Abusive,Individual,Severe,"এই মন্তব্যে ""চামচা"" শব্দ ব্যবহার করে নির্দিষ্ট ব্যক্তিকে অবমাননা করা হয়েছে, যা তীব্র ও গুরুতর মাত্রার আক্রমণাত্মক ভাষা নির্দেশ করে।",rule-contextual,False,pending,
29293,বাংলাদেশ বাল ফালাবে,Abusive,Society,Mild,"মন্তব্যকারী ""বাল"" ব্যবহার করে সমাজ বা জাতিকে অশ্লীলভাবে আক্রমণ করেছেন। ভাষার মাত্রা মাঝারি মাত্রার অশ্লীলতা নির্দেশ করে।",rule-contextual,False,pending,
11687,পাকিস্তান বেশি বারাবারি করছে ওরা আসলেই দুর্নিতিবাজ,Political Hate,Society,Mild,এই মন্তব্যে রাজনৈতিক প্রেক্ষাপটে সামগ্রিকভাবে সমাজ বা জাতির বিরুদ্ধে মাঝারি মাত্রার বিদ্বেষ ও ঘৃণা প্রকাশ করা হয়েছে।,rule-contextual,False,pending,
32850,বাংলাদেশকে একটি শক্তিশালী রাষ্ট্র হিসাবে গড়িয়া তুলিতে চাই,,,Little to None,মন্তব্যকারী সাধারণ বিষয়ে মতামত দিয়েছেন এবং কোনো ঘৃণামূলক বক্তব্য প্রকাশ করেননি।,rule-based,False,pending,
12227,ছাদে বলতে গিয়ে চাঁদে বলে পেলছে,,,Little to None,মন্তব্যকারী সাধারণ বিষয়ে মতামত দিয়েছেন এবং কোনো ঘৃণামূলক বক্তব্য প্রকাশ করেননি।,rule-based,False,pending,
22796,ওরে ইংরেজিতে ভাষন দিতে বল্লে ও পারবে না,Abusive,,Little to None,"এই মন্তব্যের ভাষা ও সুর আক্রমণাত্মক এবং অবমাননাকর, যা সাধারণভাবে মৃদু বা গৌণ মাত্রার গালিগালাজমূলক বক্তব্য হিসেবে চিহ্নিত।",rule-contextual,False,pending,
7824,অসাধারণ একটি গান,,,Little to None,"এই মন্তব্যে কোনো আপত্তিকর, অশ্লীল বা ঘৃণাজনক বিষয়বস্তু নেই এবং এটি স্বাভাবিক আলোচনার অংশ।",rule-based,False,pending,
14515,রাশিয়া জয় হবেই ইনশাআল্লাহ,,,Little to None,মন্তব্যটি সাধারণ মতামত প্রকাশ করে এবং এতে কোনো ঘৃণা বা সহিংসতামূলক উপাদান নেই।,rule-based,False,pending,
546,ছিনি খেলা যাবে ভোট নিয়ে জনগনের টাকা নিয়ে তাই না,Abusive,,Mild,"মন্তব্যটিতে ""ভোট"" এর মতো আক্রমণাত্মক ও গালিগালাজমূলক ভাষা ব্যবহার করা হয়েছে। এটি সাধারণভাবে মাঝারি মাত্রার বক্তব্য।",rule-contextual,False,pending,
17707,চোর বাটপার লুটেরা গুলো নিয়ন্ত্রণ করে বাংলাদেশের ক্রীড়া সংস্থা গুলো কে,Abusive,Community,Mild,"এই বক্তব্যে নির্দিষ্ট সম্প্রদায় বা গোষ্ঠীকে প্রতি ""চোর"", ""বাটপার"", ""লুটেরা"" এর মতো আপত্তিকর শব্দচয়ন এটিকে মাঝারি মাত্রার আক্রমণাত্মক মন্তব্য হিসেবে শ্রেণিবদ্ধ করে।",rule-contextual,False,pending,
9678,কুমিল্লা নিয়ে কথা বলতে হলেআপনার জেলার কুমিল্লা সমান যোগ্যতা থাকতে হবেআপনার রাজনীতির সাথে আমাদের জেলা ভিত্তিক মানুষের মাঝে দন্ড সৃষ্টি করতে আসবেন না দয়া করে,Abusive,Individual,Mild,মন্তব্যটির সামগ্রিক সুর ও ভাষা একটি নির্দিষ্ট ব্যক্তির বিরুদ্ধে মাঝারি মাত্রার আক্রমণাত্মক বক্তব্য নির্দেশ করে।,rule-contextual,False,pending,
26570,এই সেতু দিয়ে ভ্রমণ করারা অভিজ্ঞতা হয়েছে আমার,,,Little to None,এটি একটি নিরপেক্ষ মন্তব্য যেখানে কাউকে লক্ষ্য করে কোনো অবমাননাকর বা বৈষম্যমূলক ভাষা ব্যবহার করা হয়নি।,rule-based,False,pending,
18158,আপনি দেখতে যেমন সুন্দর তেমনি আপনার উপস্থাপনা,,,Little to None,"মন্তব্যটিতে কোনো নির্দিষ্ট ব্যক্তি, গোষ্ঠী বা সম্প্রদায়ের বিরুদ্ধে ঘৃণা বা বিদ্বেষ প্রকাশ পায়নি।",rule-based,False,pending,
1866,অবৈধ দখলদার সন্ত্রাসী ইসরাইলের পতন চাই,Abusive,,Little to None,"মন্তব্যটিতে ""পতন"" এর মতো আক্রমণাত্মক ও গালিগালাজমূলক ভাষা ব্যবহার করা হয়েছে। এটি সাধারণভাবে মৃদু বা গৌণ মাত্রার বক্তব্য।",rule-contextual,False,pending,
17117,তুই বেটা জাসদ এরশাদ বিএনপি এরশাদ আবার বিএনপি,Political Hate,Individual,Mild,"মন্তব্যকারী ""বিএনপি"", ""এরশাদ"" এর প্রসঙ্গে নির্দিষ্ট ব্যক্তিকে সম্পর্কে মাঝারি মাত্রার রাজনৈতিক বিদ্বেষ ও ঘৃণা প্রকাশ করেছেন।",rule-contextual,False,pending,
9291,ভুয়া ভুয়া লাইক কমেন্ট শেয়ার,,,Little to None,মন্তব্যটি সাধারণ মতামত প্রকাশ করে এবং এতে কোনো ঘৃণা বা সহিংসতামূলক উপাদান নেই।,rule-based,False,pending,
13942,কখন যেন যুক্তরাষ্ট্র উদ্বেগ জানিয়ে বলে এটা কন্টেইনার জাহাজ না এটা নজরদারি জাহাজ চীন রাশিয়া যা বানায় সেটা নিয়েই যুক্তরাষ্ট্র ভয় পায়মাথা ব্যথার কারণ হয়ে যায়,,,Little to None,"মন্তব্যটিতে কোনো গালিগালাজ, বিদ্বেষ বা আপত্তিকর বিষয়বস্তু পাওয়া যায়নি বলে এটি নিরপেক্ষ মন্তব্য।",rule-based,False,pending,
14949,দালাল আওয়ামী লীগের দালাল কুকুর তুই সময় সংবাদ ভুয়া দালাল,Political Hate,Organization,Severe,"নির্দিষ্ট সংগঠন বা প্রতিষ্ঠানকে বিরুদ্ধে ""আওয়ামী"", ""লীগ"", ""দালাল"" এর মতো রাজনৈতিক বিদ্বেষমূলক শব্দ ব্যবহার করা হয়েছে। এটি তীব্র ও গুরুতর মাত্রার রাজনৈতিক ঘৃণা প্রকাশ করে।",rule-contextual,False,pending,
33612,ইসরাইলের জয় নিশ্চিত ইনশাল্লাহ,,,Little to None,মন্তব্যকারী সাধারণ বিষয়ে মতামত দিয়েছেন এবং কোনো ঘৃণামূলক বক্তব্য প্রকাশ করেননি।,rule-based,False,pending,
12892,সব ভাড়া করার লোক কারণ ডান্ডিরে কেউ পছন্দ করেনা,Abusive,Individual,Severe,এই বক্তব্যে ব্যবহৃত ভাষা ও দৃষ্টিভঙ্গি একটি নির্দিষ্ট ব্যক্তির বিরুদ্ধে তীব্র ও গুরুতর মাত্রার গালিগালাজমূলক মন্তব্য প্রকাশ করে।,rule-contextual,False,pending,
13575,সৌদিতে রিয়াল প্রতি কেজিযা বাংলাদেশী টাকায় টাকা পড়ে,,,Little to None,এই বাক্যে কোনো ঘৃণামূলক শব্দ বা আক্রমণাত্মক প্রকাশ নেই এবং এটি সাধারণ মতামত প্রকাশ করে।,rule-based,False,pending,
16124,বাইডেন খানকির পোলা কই,Abusive,Individual,Severe,"মন্তব্যটিতে ""খানকি"" এর মতো অশ্লীল ও কুরুচিপূর্ণ ভাষা ব্যবহার করে নির্দিষ্ট ব্যক্তিকে আক্রমণ করা হয়েছে। এটি তীব্র ও গুরুতর মাত্রার অশ্লীল বক্তব্য।",rule-contextual,False,pending,
32558,দুজনেই হচ্ছে শয়তানের ফটোকপি দুজনেই ইসরায়েলের গোলাম,Abusive,Individual,Severe,"এই মন্তব্যের ভাষা ও সুর আক্রমণাত্মক এবং অবমাননাকর, যা একটি নির্দিষ্ট ব্যক্তির বিরুদ্ধে তীব্র ও গুরুতর মাত্রার গালিগালাজমূলক বক্তব্য হিসেবে চিহ্নিত।",rule-contextual,False,pending,
27613,সত্যি কথা আমার সাথে করেছে গনিত শিক্ষক,Gender Hate,Individual,Mild,এই মন্তব্যে নারীর প্রতি একটি নির্দিষ্ট ব্যক্তির বিরুদ্ধে মাঝারি মাত্রার বৈষম্যমূলক ও অবমাননাকর মনোভাব প্রকাশ পায়।,rule-contextual,False,pending,
27763,বাংলাদেশ গেছিলো জিম্বাবুয়ে যুদ্ধ করতে তারপর যুদ্ধের আগেই বন্ধুকের গুলি ফুরিয়ে গেলো সব কয়টা বাংলাদেশের প্লেয়ারের মাজা কোমর শেষ হোল খেছে,Abusive,Organization,Severe,এই বক্তব্যে ব্যবহৃত ভাষা ও দৃষ্টিভঙ্গি একটি সংগঠন বা প্রতিষ্ঠানের বিরুদ্ধে তীব্র ও গুরুতর মাত্রার গালিগালাজমূলক মন্তব্য প্রকাশ করে।,rule-contextual,False,pending,
29970,যারা নির্বাচন বিরোধী তারাই দেশবিরোধী ওদেরকে সবাই মিলে প্রতিহত করতে হবে,Political Hate,Community,Little to None,"মন্তব্যটিতে ""বিরোধী"", ""নির্বাচন"" উল্লেখ করে রাজনৈতিক বিদ্বেষ প্রকাশ করা হয়েছে। নির্দিষ্ট সম্প্রদায় বা গোষ্ঠীকে লক্ষ্য করে এই মৃদু বা গৌণ মাত্রার রাজনৈতিক ঘৃণামূলক বক্তব্য।",rule-contextual,False,pending,
4151,টনি ব্লেয়ার খুব সুদক্ষ একজন মানুষ পশ্চিমারা তাদের আদিপত্য হারাতে বসেছে সেটা একদম সত্যি কেননা মুসলিমদের সাথে বিয়াদপির ফল তারা এখন ভোগ করছে যখন কোন অপরাধি তার অপরাধ ঢাকার জন্য শেষ চেস্টা করে তখন সে তার ঘরে বা আপন জনের দুয়ারে কড়া নাড়ে কেননা কেউ তাকে জায়গা দিচ্ছেনা এটাই এখন দেখছি আমেরিকাকে জো বায়ডেন হল সেই প্রসিডেন্ট যিনি কিনা ক্ষমতা ঠিকে রাখার জন্য দোয়ারে দোয়ারে ভিক্ষার ঝুড়ি নিয়ে ঘুরছেন অবিশাস্য হলেও সত্য যে গত ১৮ শতকেঊ এমনিটা দেখেনি পশ্চিমাদের বিশ্ব বাসী আপসোস হয় তাদের জন্য,,,Little to None,"এই মন্তব্যে কোনো আপত্তিকর, অশ্লীল বা ঘৃণাজনক বিষয়বস্তু নেই এবং এটি স্বাভাবিক আলোচনার অংশ।",rule-based,False,pending,
13684,এই ঘটনার সাথে কালিয়ার পশ্চিম এলাকার অনেক গুলি গ্রামের তরুণ যুবক জড়িত এদের বিরুদ্ধে কঠোর আইনি ব্যবস্থা গ্রহণ করা উচিৎ,Abusive,Community,Mild,এই বক্তব্যে ব্যবহৃত ভাষা ও দৃষ্টিভঙ্গি একটি সম্প্রদায় বা গোষ্ঠীর বিরুদ্ধে মাঝারি মাত্রার গালিগালাজমূলক মন্তব্য প্রকাশ করে।,rule-contextual,False,pending,
6294,এটা র্যাব পুলিশ ও আঃলীগ মিলে করেছে,Abusive,,Little to None,"মন্তব্যটিতে ""লীগ"" এর মতো আক্রমণাত্মক ও গালিগালাজমূলক ভাষা ব্যবহার করা হয়েছে। এটি সাধারণভাবে মৃদু বা গৌণ মাত্রার বক্তব্য।",rule-contextual,False,pending,
30972,আপনাদের ক্ষমতার টিকিয়ে রাখার জন্য রাশিয়াকে পারমাণবিক বিদ্যুৎ কেন্দ্র ভারতকে আদানি গ্রুপে বিদ্যুৎ ক্রয়ের মাধ্যম তৈরি করে দেওয়া ইত্যাদি ঘুষের বিনিময়ে আপনারা ক্ষমতায় আছেন,Political Hate,Organization,Little to None,এই মন্তব্যে রাজনৈতিক প্রেক্ষাপটে একটি সংগঠন বা প্রতিষ্ঠানের বিরুদ্ধে মৃদু বা গৌণ মাত্রার বিদ্বেষ ও ঘৃণা প্রকাশ করা হয়েছে।,rule-contextual,False,pending,
11220,তুমি তোখন কোথায় ছিলে বঙ্গবন্ধুর হত্যার পরে কোথায় ছিলে খুজে পাওয়া জায় নাই পালানোর পথ খুজছিলে মনে হয়,Political Hate,Individual,Mild,এই মন্তব্যে রাজনৈতিক প্রেক্ষাপটে একটি নির্দিষ্ট ব্যক্তির বিরুদ্ধে মাঝারি মাত্রার বিদ্বেষ ও ঘৃণা প্রকাশ করা হয়েছে।,rule-contextual,False,pending,
7800,ইবলিশ শয়তানে এসে গ্রেনেড মেরে চলে গেছে বিএমপির দলীয় কার্যালয় নাট্যমঞ্চ তে পরিণত হয়েছে,Political Hate,Organization,Severe,এই মন্তব্যে রাজনৈতিক প্রেক্ষাপটে একটি সংগঠন বা প্রতিষ্ঠানের বিরুদ্ধে তীব্র ও গুরুতর মাত্রার বিদ্বেষ ও ঘৃণা প্রকাশ করা হয়েছে।,rule-contextual,False,pending,
25151,এসব ভ্রান্ত আকিদার অনুসারীরা এদেশের মানুষকে বিভ্রান্ত করছে এসব কুরান সম্মত নয় অচিরেই ইজতেমার নামে এসব অনৈসলামিক কাজ বন্ধ করার ঘোষণা দেওয়া উচিত নাহলে সাধারণ মুসল্লিদের মধ্যে কোন্দল বাড়বে এদের বিরুদ্ধে,Religious Hate,Community,Mild,এই মন্তব্যে ধর্মীয় প্রেক্ষাপটে একটি সম্প্রদায় বা গোষ্ঠীর বিরুদ্ধে মাঝারি মাত্রার সাম্প্রদায়িক বিদ্বেষ প্রকাশ করা হয়েছে।,rule-contextual,False,pending,
27534,নিজেরা তো কিছু ই করে নাই চোরের দল,Abusive,,Mild,"এই বক্তব্যে প্রতি ""চোর"" এর মতো আপত্তিকর শব্দচয়ন এটিকে মাঝারি মাত্রার আক্রমণাত্মক মন্তব্য হিসেবে শ্রেণিবদ্ধ করে।",rule-contextual,False,pending,
21618,হামজার নাম গিনেস বুকে লিপিবদ্ধ করার দরকার,,,Little to None,মন্তব্যকারী সাধারণ বিষয়ে মতামত দিয়েছেন এবং কোনো ঘৃণামূলক বক্তব্য প্রকাশ করেননি।,rule-based,False,pending,
8999,এত সাংবাদিক পৃথিবীতে প্রয়োজন নাই,Abusive,Community,Little to None,মন্তব্যটির সামগ্রিক সুর ও ভাষা একটি সম্প্রদায় বা গোষ্ঠীর বিরুদ্ধে মৃদু বা গৌণ মাত্রার আক্রমণাত্মক বক্তব্য নির্দেশ করে।,rule-contextual,False,pending,
12816,পুলিশ নিকৃষ্ট জীব,Abusive,Organization,Mild,মন্তব্যটির সামগ্রিক সুর ও ভাষা একটি সংগঠন বা প্রতিষ্ঠানের বিরুদ্ধে মাঝারি মাত্রার আক্রমণাত্মক বক্তব্য নির্দেশ করে।,rule-contextual,False,pending,
31869,গাজা খোর নাই,,,Little to None,"এই মন্তব্যে কোনো ঘৃণামূলক, আক্রমণাত্মক বা বৈষম্যমূলক ভাষা নেই, তাই এটি স্বাভাবিক মন্তব্য হিসেবে শ্রেণিবদ্ধ।",rule-based,False,pending,
23145,হালার পোয়ারা সময় হইলে দেশ থেকে পালিয়ে যাবি,Abusive,Individual,Mild,"মন্তব্যটিতে ""হালা"" এর মতো আক্রমণাত্মক ও গালিগালাজমূলক ভাষা ব্যবহার করা হয়েছে। এটি একটি নির্দিষ্ট ব্যক্তির বিরুদ্ধে মাঝারি মাত্রার বক্তব্য।",rule-contextual,False,pending,
16169,এডভোকেট দিলদার ইসলাম,,,Little to None,"মন্তব্যটিতে কোনো গালিগালাজ, বিদ্বেষ বা আপত্তিকর বিষয়বস্তু পাওয়া যায়নি বলে এটি নিরপেক্ষ মন্তব্য।",rule-based,False,pending,
4446,কমিয়ে দিয়ে তাদের দেশে পাঠিয়া দেওয়া উচিত,Abusive,Community,Little to None,মন্তব্যটির সামগ্রিক সুর ও ভাষা একটি সম্প্রদায় বা গোষ্ঠীর বিরুদ্ধে মৃদু বা গৌণ মাত্রার আক্রমণাত্মক বক্তব্য নির্দেশ করে।,rule-contextual,False,pending,
11989,রোহিঙ্গারা জীবন এ আর মিয়ানমার এ যাবে না কারন ফ্রি খাবার ফ্রী থাকলে নিজের দেশে যাবে কেন নাগরিত কী বাংলাদেশ দিবে,Abusive,Society,Little to None,"এই মন্তব্যের ভাষা ও সুর আক্রমণাত্মক এবং অবমাননাকর, যা সামগ্রিকভাবে সমাজ বা জাতির বিরুদ্ধে মৃদু বা গৌণ মাত্রার গালিগালাজমূলক বক্তব্য হিসেবে চিহ্নিত।",rule-contextual,False,pending,
34966,অপুর ভক্তরা সাড়া দাও,,,Little to None,"মন্তব্যটিতে কোনো গালিগালাজ, বিদ্বেষ বা আপত্তিকর বিষয়বস্তু পাওয়া যায়নি বলে এটি নিরপেক্ষ মন্তব্য।",rule-based,False,pending,
15038,আর বাংলাদেশে পহেলা বৈশাখে নাচানাচি করে,Abusive,Community,Little to None,মন্তব্যটির সামগ্রিক সুর ও ভাষা একটি সম্প্রদায় বা গোষ্ঠীর বিরুদ্ধে মৃদু বা গৌণ মাত্রার আক্রমণাত্মক বক্তব্য নির্দেশ করে।,rule-contextual,False,pending,
6834,আর আমি এতে তাদের উপর অবধারিত করেছি যে প্রাণের বিনিময়ে প্রাণ চোখের বিনিময়ে চোখ নাকের বিনিময়ে নাক কানের বিনিময়ে কান ও দাঁতের বিনিময়ে দাঁত এবং জখমের বিনিময়ে সমপরিমাণ জখম অতঃপর যে তা ক্ষমা করে দেবে তার জন্য তা কাফ্ফারা হবে আর আল্লাহ যা নাযিল করেছেন তার মাধ্যমে যারা ফয়সালা করবে না তারাই যালিম,,,Little to None,মন্তব্যটি সাধারণ মতামত প্রকাশ করে এবং এতে কোনো ঘৃণা বা সহিংসতামূলক উপাদান নেই।,rule-based,False,pending,
34148,হাসিনা আপায় কাজের বেলায় যতটা না চালাক মিথ্যা চার আর চাপাবাজী তে তত টাই পডু,Abusive,Individual,Severe,"এই মন্তব্যে ""হাসিনা"", ""আপায়"" শব্দ ব্যবহার করে নির্দিষ্ট ব্যক্তিকে অবমাননা করা হয়েছে, যা তীব্র ও গুরুতর মাত্রার আক্রমণাত্মক ভাষা নির্দেশ করে।",rule-contextual,False,pending,
9815,সময় টিভি যে একটা দালাল টিভি এবার বুজতে পারলাম,Abusive,Organization,Mild,"নির্দিষ্ট সংগঠন বা প্রতিষ্ঠানকে উদ্দেশ্যে ""দালাল"" এর মতো অবমাননাকর শব্দ ব্যবহার এই মন্তব্যকে মাঝারি মাত্রার গালিগালাজ হিসেবে চিহ্নিত করে।",rule-contextual,False,pending,
21619,জেলেনষ্কি একজন মিথ্যেবাদী কমেডিয়ান,Abusive,Individual,Severe,"এই মন্তব্যের ভাষা ও সুর আক্রমণাত্মক এবং অবমাননাকর, যা একটি নির্দিষ্ট ব্যক্তির বিরুদ্ধে তীব্র ও গুরুতর মাত্রার গালিগালাজমূলক বক্তব্য হিসেবে চিহ্নিত।",rule-contextual,False,pending,
22810,ওর মাথা নষ্ট হইছে,Abusive,,Little to None,"এই বক্তব্যে প্রতি ""নষ্ট"" এর মতো আপত্তিকর শব্দচয়ন এটিকে মৃদু বা গৌণ মাত্রার আক্রমণাত্মক মন্তব্য হিসেবে শ্রেণিবদ্ধ করে।",rule-contextual,False,pending,
27696,এরা গরিব রোগীদের পুতুল মনে করে যা ইচ্ছা করা যায়,,,Little to None,"এই মন্তব্যে কোনো আপত্তিকর, অশ্লীল বা ঘৃণাজনক বিষয়বস্তু নেই এবং এটি স্বাভাবিক আলোচনার অংশ।",rule-based,False,pending,
12594,দাম যখন বাড়ানো হয় তখন তো ১০ দিন লাগে না আসলে এই দেশে ব্যবসায়ীরা শুধু ব্যবসায়ী না একেক টা বাইঞ্চুদ আর প্রসাসন তারা তো বিচি ছাড়া,Abusive,Organization,Severe,এই মন্তব্যে অশ্লীল ও কুরুচিপূর্ণ ভাষা ব্যবহার করে একটি সংগঠন বা প্রতিষ্ঠানের বিরুদ্ধে তীব্র ও গুরুতর মাত্রার আপত্তিকর বক্তব্য প্রকাশ করা হয়েছে।,rule-contextual,False,pending,
9374,অতি ঘোন ঘোন বৈঠক চামচা হবার লোক খোন,Abusive,Individual,Little to None,"মন্তব্যটিতে ""চামচা"" এর মতো আক্রমণাত্মক ভাষা ব্যবহার করে নির্দিষ্ট ব্যক্তিকে লক্ষ্য করা হয়েছে। এটি মৃদু বা গৌণ মাত্রার গালিগালাজমূলক বক্তব্য।",rule-contextual,False,pending,
27951,মানুষ ঠকিয়ে অর্থ আয় করে হজ পালন করছে সবাই কখনোই কবুল হবে না,Religious Hate,Community,Mild,মন্তব্যটি ধর্মীয় বিষয়ে একটি সম্প্রদায় বা গোষ্ঠীর বিরুদ্ধে মাঝারি মাত্রার ঘৃণামূলক দৃষ্টিভঙ্গি প্রকাশ করে।,rule-contextual,False,pending,
17696,কিছু কিছু মাদারফাকারের বাচ্ছা দেখালাম এখানে এসেও উল্টাপাল্টা বলছে আসলে এদের মা বাবার ই ঠিক নাই ধর্মের কি ঠিক থাকবে,Abusive,Community,Severe,"মন্তব্যটিতে ""ধর্ম"" এর মতো অশ্লীল ও কুরুচিপূর্ণ ভাষা ব্যবহার করা হয়েছে। এটি একটি সম্প্রদায় বা গোষ্ঠীর বিরুদ্ধে তীব্র ও গুরুতর মাত্রার বক্তব্য।",rule-contextual,False,pending,
6614,এইটা ও একটা নায়িকা অমাগো মা,Abusive,Individual,Mild,"এই মন্তব্যের ভাষা ও সুর আক্রমণাত্মক এবং অবমাননাকর, যা একটি নির্দিষ্ট ব্যক্তির বিরুদ্ধে মাঝারি মাত্রার গালিগালাজমূলক বক্তব্য হিসেবে চিহ্নিত।",rule-contextual,False,pending,
33126,এর কারণে আনলাইক দিলাম,,,Little to None,এই বাক্যে কোনো ঘৃণামূলক শব্দ বা আক্রমণাত্মক প্রকাশ নেই এবং এটি সাধারণ মতামত প্রকাশ করে।,rule-based,False,pending,
20218,দেশটায় কি শুরু হইছে৷পুলিশ কি ডাকাতি শুরু করছে৷কিছু হলেই বদলি করলে কি সমাধান হবে,Political Hate,Organization,Severe,"মন্তব্যকারী ""দল"", ""পুলিশ"", ""ডাকাত"" এর প্রসঙ্গে নির্দিষ্ট সংগঠন বা প্রতিষ্ঠানকে সম্পর্কে তীব্র ও গুরুতর মাত্রার রাজনৈতিক বিদ্বেষ ও ঘৃণা প্রকাশ করেছেন।",rule-contextual,False,pending,
35455,পাহাড়ে এত অভিযানের পরেও এরা কোথা থেকে আসলো,,,Little to None,মন্তব্যটি সাধারণ মতামত প্রকাশ করে এবং এতে কোনো ঘৃণা বা সহিংসতামূলক উপাদান নেই।,rule-based,False,pending,
27841,আর কোনো কাজ নেই দেশে মারুফার জন্য,,,Little to None,মন্তব্যকারী সাধারণ বিষয়ে মতামত দিয়েছেন এবং কোনো ঘৃণামূলক বক্তব্য প্রকাশ করেননি।,rule-based,False,pending,
16264,শুধু লোমটা দাঁড়াইয়া গেলো অন্য শক্তিশালী অঙ্গটার কি হইলো,,,Little to None,এই বাক্যে কোনো ঘৃণামূলক শব্দ বা আক্রমণাত্মক প্রকাশ নেই এবং এটি সাধারণ মতামত প্রকাশ করে।,rule-based,False,pending,
34794,আবার নুরা চ্যাৎছে,Abusive,Individual,Severe,মন্তব্যটির সামগ্রিক সুর ও ভাষা একটি নির্দিষ্ট ব্যক্তির বিরুদ্ধে তীব্র ও গুরুতর মাত্রার আক্রমণাত্মক বক্তব্য নির্দেশ করে।,rule-contextual,False,pending,
22708,সময় সংবাদ চ্যালেন সবসময়ই বাংলাদেশ ক্রিকেট বোর্ডের হয়ে দালালী করে এগুলো সব ক্রিকেট বোর্ডের একটা মাতানো নাটক,Political Hate,Organization,Mild,"নির্দিষ্ট সংগঠন বা প্রতিষ্ঠানকে বিরুদ্ধে ""দালাল"" এর মতো রাজনৈতিক বিদ্বেষমূলক শব্দ ব্যবহার করা হয়েছে। এটি মাঝারি মাত্রার রাজনৈতিক ঘৃণা প্রকাশ করে।",rule-contextual,False,pending,
26002,নিজের বিরুদ্ধে আগে অ্যাকশন নিতে হবে আপনি তোবাটপারি করে আছেনকোনো মূল্য নাই তোর থাকার,,,Little to None,"এই মন্তব্যে কোনো আপত্তিকর, অশ্লীল বা ঘৃণাজনক বিষয়বস্তু নেই এবং এটি স্বাভাবিক আলোচনার অংশ।",rule-based,False,pending,
6266,তোর আব্বু নেতানিহু বেনগাভিন টা পাতলা পায়খানা করে দিছে হামাসের এক হামলাতেই সেই পাতলা পায়খানা তোদের মতো জারজ সন্তান দের খাওয়াবে বলেছে নেতানিহু খিনজির টা টেলিফোন করে বলেছে মুসলিম জাতির কাছে বলেছে আমাদের জাত ভাই বৃটিশ দের বীর্য হিন্দু উজ্জ্বল উগ্র বাদী মালাউন রেনডির বাচ্চার জন্ম গানডু রেনডিয়ান নম চারাল মাললু গু মুত্র চামার তাই ক্ষমতা ধরে রাখার জন্য এই পদক্ষেপ নিছে ওর ক্ষমতা পাতলা পায়খানার মতোই রেনডির বাচ্চার জন্ম মালাউন গানডু তেরে মা কো বব চুদে গি তেরে বেহেন বোর আচ্ছা তারা লেন্ড দো গিরোহিঙ্গাদের আয়রন ডোম এর বেটারি দুর্বল হামাসের কাছে নেতানিহুর বেনগাভির পাতলা পায়খানা ছুটে গেছে এক হামলাতেই তাই ফিলিস্তিনির সাধারণ মানুষ কে হত্যা করে হামাসের সাথে না পেরে সেই পাতলা পায়খানা উগ্র বাদী মালু মালাউন রেনডিয়ান গানডু বৃটিশ দের বীর্যের হিন্দুদের খাওয়া বে নেতানিহু নিজেই,Abusive,Individual,Severe,"মন্তব্যটিতে ""মুসলিম"", ""হিন্দু"" এর মতো অশ্লীল ও কুরুচিপূর্ণ ভাষা ব্যবহার করা হয়েছে। এটি একটি নির্দিষ্ট ব্যক্তির বিরুদ্ধে তীব্র ও গুরুতর মাত্রার বক্তব্য।",rule-contextual,False,pending,
24884,এরকম হলে আর ভবিষ্যতে কি ক্রিকেটার পাওয়া লাগবেনা,Abusive,,Little to None,মন্তব্যটির সামগ্রিক সুর ও ভাষা সাধারণভাবে মৃদু বা গৌণ মাত্রার আক্রমণাত্মক বক্তব্য নির্দেশ করে।,rule-contextual,False,pending,
16740,আরে দালাল টিবি ওনি বলেচেন ওবসই নিরা পততা দিতে হবে সটিক খবর বল মানুষ কে,Abusive,Organization,Mild,"এই মন্তব্যে ""দালাল"" শব্দ ব্যবহার করে নির্দিষ্ট সংগঠন বা প্রতিষ্ঠানকে অবমাননা করা হয়েছে, যা মাঝারি মাত্রার আক্রমণাত্মক ভাষা নির্দেশ করে।",rule-contextual,False,pending,
24661,নান্নু হাতুরে হঠাও বাংলাদেশ ক্রিকেট দলটাকে বাঁচাও,Abusive,Individual,Severe,মন্তব্যটির সামগ্রিক সুর ও ভাষা একটি নির্দিষ্ট ব্যক্তির বিরুদ্ধে তীব্র ও গুরুতর মাত্রার আক্রমণাত্মক বক্তব্য নির্দেশ করে।,rule-contextual,False,pending,
18805,কাফেররা বুঝলো মুসলমানরা বুঝলো না পেপসি কোক ডিউ বয়কট করুন,Religious Hate,,Mild,"বিরুদ্ধে ""মুসলমান"", ""কাফের"" এর মতো সাম্প্রদায়িক শব্দ ব্যবহার করা হয়েছে, যা মাঝারি মাত্রার ধর্মীয় বিদ্বেষ নির্দেশ করে।",rule-contextual,False,pending,
20043,হে ঈমানদারগণ আল্লাহকে ভয় কর এবং সত্যবাদীদের সাথে থাক সূরাঃ আল তাওবাহ আয়াতঃ ১১৯,,,Little to None,মন্তব্যকারী সাধারণ বিষয়ে মতামত দিয়েছেন এবং কোনো ঘৃণামূলক বক্তব্য প্রকাশ করেননি।,rule-based,False,pending,
20773,নিরপেক্ষ নির্বাচন হলে শতকরা ১ টা ভোট পাবে কিনা সন্দেহ,,,Little to None,"মন্তব্যটিতে কোনো নির্দিষ্ট ব্যক্তি, গোষ্ঠী বা সম্প্রদায়ের বিরুদ্ধে ঘৃণা বা বিদ্বেষ প্রকাশ পায়নি।",rule-based,False,pending,
24283,বোকা চোদার দল,Abusive,Individual,Severe,"মন্তব্যকারী ""বোকা"" ব্যবহার করে নির্দিষ্ট ব্যক্তিকে অশ্লীলভাবে আক্রমণ করেছেন। ভাষার মাত্রা তীব্র ও গুরুতর মাত্রার অশ্লীলতা নির্দেশ করে।",rule-contextual,False,pending,
6317,এগুলো হচ্ছে কি দেশটা তো আর নিরাপদ রইল না আফসোস,,,Little to None,"এই মন্তব্যে কোনো আপত্তিকর, অশ্লীল বা ঘৃণাজনক বিষয়বস্তু নেই এবং এটি স্বাভাবিক আলোচনার অংশ।",rule-based,False,pending,
33924,সব্দ কই মামা সাংবাদিক কি মাইকোফোন লাগায় নাই,,,Little to None,এটি একটি নিরপেক্ষ মন্তব্য যেখানে কাউকে লক্ষ্য করে কোনো অবমাননাকর বা বৈষম্যমূলক ভাষা ব্যবহার করা হয়নি।,rule-based,False,pending,
32264,কে কে আমার প্রানের নবী সঃ কে ভালোবাসেন,,,Little to None,"মন্তব্যটিতে কোনো নির্দিষ্ট ব্যক্তি, গোষ্ঠী বা সম্প্রদায়ের বিরুদ্ধে ঘৃণা বা বিদ্বেষ প্রকাশ পায়নি।",rule-based,False,pending,
30584,ইলিশ খেতে ভারতে যেতে হবে,,,Little to None,"মন্তব্যটিতে কোনো গালিগালাজ, বিদ্বেষ বা আপত্তিকর বিষয়বস্তু পাওয়া যায়নি বলে এটি নিরপেক্ষ মন্তব্য।",rule-based,False,pending,
22682,এদের মাথাই সমস্যা আছে সব পাগলের গল নাউজুবিল্লাহ,Abusive,Community,Severe,"এই মন্তব্যে ""পাগল"" শব্দ ব্যবহার করে নির্দিষ্ট সম্প্রদায় বা গোষ্ঠীকে অবমাননা করা হয়েছে, যা তীব্র ও গুরুতর মাত্রার আক্রমণাত্মক ভাষা নির্দেশ করে।",rule-contextual,False,pending,
26688,আইনমন্ত্রী আনিসুল হক বিমান পর্যটক মন্ত্রী উবায়দুল মোকতাদির চৌধুরী,,,Little to None,মন্তব্যকারী সাধারণ বিষয়ে মতামত দিয়েছেন এবং কোনো ঘৃণামূলক বক্তব্য প্রকাশ করেননি।,rule-based,False,pending,
34220,সময় মাদার চুদ তোদের চোখে কানে সমস্যা আছে,Abusive,Organization,Severe,মন্তব্যটিতে একটি সংগঠন বা প্রতিষ্ঠানের বিরুদ্ধে তীব্র ও গুরুতর মাত্রার অশ্লীল শব্দচয়ন ও কুরুচিপূর্ণ ভাষা ব্যবহার করা হয়েছে।,rule-contextual,False,pending,
31867,সবচেয়ে জঘন্যতম সাম্প্রদায়িক স্বরাষ্ট্রমন্ত্রী,Political Hate,Individual,Severe,"মন্তব্যকারী ""মন্ত্রী"", ""জঘন্য"" এর প্রসঙ্গে নির্দিষ্ট ব্যক্তিকে সম্পর্কে তীব্র ও গুরুতর মাত্রার রাজনৈতিক বিদ্বেষ ও ঘৃণা প্রকাশ করেছেন।",rule-contextual,False,pending,
5327,ইভিএম থাকলে তো বিএনপি ভোট চুরি করতে পারবে না এইজন্য বিএনপি ইভিএম এর বিরোধিতা করে,Political Hate,Organization,Mild,"নির্দিষ্ট সংগঠন বা প্রতিষ্ঠানকে বিরুদ্ধে ""বিএনপি"", ""ভোট"" এর মতো রাজনৈতিক বিদ্বেষমূলক শব্দ ব্যবহার করা হয়েছে। এটি মাঝারি মাত্রার রাজনৈতিক ঘৃণা প্রকাশ করে।",rule-contextual,False,pending,
6358,চীন কে নিষেধাজ্ঞা দিলে বাংলাদেশের কপাল খুলে যাবে,Political Hate,Organization,Severe,মন্তব্যটি রাজনৈতিক ব্যক্তি বা দলের প্রতি একটি সংগঠন বা প্রতিষ্ঠানের বিরুদ্ধে তীব্র ও গুরুতর মাত্রার ঘৃণামূলক দৃষ্টিভঙ্গি প্রকাশ করে।,rule-contextual,False,pending,
1403,কিরে তামিম ইকবাল খান এর নাম মুখে নিতে কি আটকে যায় মনি রাখবি শশুর যতদিন শান্ত দলে থাকবে ততদিন,Abusive,Individual,Severe,"মন্তব্যটিতে ""বাল"" এর মতো আক্রমণাত্মক ও গালিগালাজমূলক ভাষা ব্যবহার করা হয়েছে। এটি একটি নির্দিষ্ট ব্যক্তির বিরুদ্ধে তীব্র ও গুরুতর মাত্রার বক্তব্য।",rule-contextual,False,pending,
13462,এইসব টো টো পোলাপান টেক ও মোবাইল সম্পর্কে কি বুঝে আমি তো দেখি যা খুশি তাই বলে রিভিউ দেয় এরা কি বুয়েট পড়ুয়া ইঞ্জিনিয়ার তারা সার্কিট নিয়ে কখনো স্টাডি করেছে তারা কি জানে একটা ডিভাইসে সার্কিট কীভাবে কাজ করে তারা কি ব্যাখ্যা করতে পারবে ২০০ মেগাপিক্সেল ক্যামেরায় যে ছবি উঠে ৪৮ মেগাপিক্সেল আইফোন এর ক্যামেরায় অনেক ছবি কেন উঠে এরা কি ব্যাখ্যা করতে পারবে সফটওয়্যার এর সাথে হার্ডওয়্যার এর বন্ধন কতটুকু পারফেক্ট এবিং কিভাবে করতে হয় তারা কি বুঝে যতসব মুর্খ বাংগালী যা শুনে তাই বিশ্বাস করে আর এই ভাড়া করা লেন্ডি ইমা সম্পর্কে খারাপ মন্তব্য করলাম না কারন এই নাম আমার কাছে তাৎপর্যপুর্ণ,Abusive,Community,Mild,"এই বক্তব্যে নির্দিষ্ট সম্প্রদায় বা গোষ্ঠীকে প্রতি ""খারাপ"", ""বন্ধ"" এর মতো আপত্তিকর শব্দচয়ন এটিকে মাঝারি মাত্রার আক্রমণাত্মক মন্তব্য হিসেবে শ্রেণিবদ্ধ করে।",rule-contextual,False,pending,
29833,চুদির সময় টিভি,Abusive,Organization,Severe,এই বক্তব্যে ব্যবহৃত অশ্লীল ভাষা একটি সংগঠন বা প্রতিষ্ঠানের বিরুদ্ধে তীব্র ও গুরুতর মাত্রার কুরুচিপূর্ণ মন্তব্য নির্দেশ করে।,rule-contextual,False,pending,
10167,এই ছেলেটা পাগল,Abusive,Society,Severe,"এই মন্তব্যে ""পাগল"" শব্দ ব্যবহার করে সমাজ বা জাতিকে অবমাননা করা হয়েছে, যা তীব্র ও গুরুতর মাত্রার আক্রমণাত্মক ভাষা নির্দেশ করে।",rule-contextual,False,pending,
14195,বাংলাদেশের গনতন্ত্র ধ্বংস করেছে দেখ কেমন লাগে,Political Hate,Society,Mild,"মন্তব্যটিতে ""ধ্বংস"" উল্লেখ করে রাজনৈতিক বিদ্বেষ প্রকাশ করা হয়েছে। সমাজ বা জাতিকে লক্ষ্য করে এই মাঝারি মাত্রার রাজনৈতিক ঘৃণামূলক বক্তব্য।",rule-contextual,False,pending,
19445,সারা গায়ে ব্যাথা মলম দিবো কোথা রিয়াদ বাদের পিছনে সাকিবের বেশি হাত,Abusive,Organization,Mild,এই বক্তব্যে ব্যবহৃত ভাষা ও দৃষ্টিভঙ্গি একটি সংগঠন বা প্রতিষ্ঠানের বিরুদ্ধে মাঝারি মাত্রার গালিগালাজমূলক মন্তব্য প্রকাশ করে।,rule-contextual,False,pending,
5805,চুরের মুখে রাম রাম,Abusive,Individual,Little to None,এই বক্তব্যে ব্যবহৃত ভাষা ও দৃষ্টিভঙ্গি একটি নির্দিষ্ট ব্যক্তির বিরুদ্ধে মৃদু বা গৌণ মাত্রার গালিগালাজমূলক মন্তব্য প্রকাশ করে।,rule-contextual,False,pending,
8649,টাকা পাচার করতে না পেরে আগুন লাগিয়ে দাম বাড়িয়ে জনগন থেকে অন্যভাবে টাকা চুরির ফন্দি এদের সব লাইসেন্স বাতিল করে সরকারিকরন করা হউক ১৯৭২ এর মত,Abusive,Organization,Severe,"মন্তব্যটিতে ""সরকার"" এর মতো আক্রমণাত্মক ও গালিগালাজমূলক ভাষা ব্যবহার করা হয়েছে। এটি একটি সংগঠন বা প্রতিষ্ঠানের বিরুদ্ধে তীব্র ও গুরুতর মাত্রার বক্তব্য।",rule-contextual,False,pending,
34848,তার সাথে সরকারি দলের লোকজন জরিত বিনা ভোটের সরকার হলে এরকমী হয়,Political Hate,Organization,Mild,"রাজনৈতিক প্রেক্ষাপটে ""সরকার"", ""ভোট"", ""দল"" ব্যবহার করে নির্দিষ্ট সংগঠন বা প্রতিষ্ঠানকে প্রতি বিদ্বেষ প্রকাশ এই মন্তব্যকে মাঝারি মাত্রার রাজনৈতিক ঘৃণামূলক বক্তব্য করে তোলে।",rule-contextual,False,pending,
31993,এবার কি ভারতের পরিবর্তে আমেরিকার হয়ে তাইওয়ান খেলবে বাংলাদেশে,,,Little to None,এটি একটি নিরপেক্ষ মন্তব্য যেখানে কাউকে লক্ষ্য করে কোনো অবমাননাকর বা বৈষম্যমূলক ভাষা ব্যবহার করা হয়নি।,rule-based,False,pending,
3600,সন্তাসী আইএস খারেজী গুষ্টি,Abusive,Society,Severe,এই বক্তব্যে ব্যবহৃত অশ্লীল ভাষা সামগ্রিকভাবে সমাজ বা জাতির বিরুদ্ধে তীব্র ও গুরুতর মাত্রার কুরুচিপূর্ণ মন্তব্য নির্দেশ করে।,rule-contextual,False,pending,
22681,একটি বিষয় স্পষ্ট আমেরিকা যে কোনো দেশ কে পদাবনত রাখতে এমনভাবে সাহায্য সহযোগীতা করে যাতে দেশটি ভিক্ষা করতে করতে এমন ভাবে তার পদানত হয় যাতে করে দেশটি কখনও মাথাতুলে দাঁড়াতে না পারে পক্ষান্তরে চীন রাশিয়া খাদ্য পন্য ভিক্ষার পরিবর্তে অবকাঠামো শিল্প কারখানা কৃষি যন্ত্রপাতি ও কৃষি উৎপাদন বৃদ্ধির উপাদান প্রযুক্তি দিয়ে থাকে যাতে দেশটি স্বনির্ভর হতে পারে আমেরিকা নিপাত যাক চীন রাশিয়া জাপান জিন্দাবাদ,Political Hate,Society,Mild,রাজনৈতিক বিষয়ে সামগ্রিকভাবে সমাজ বা জাতির বিরুদ্ধে মাঝারি মাত্রার বিদ্বেষপূর্ণ মনোভাব এই মন্তব্যে স্পষ্ট।,rule-contextual,False,pending,
25671,আলহামদুলিল্লাহ ইসলামের জন্য আল্লাহ আমাদের প্রধানমন্ত্রীকে কবুল করুক এবং হেফাজত করুন আমীন,,,Little to None,এই বাক্যে কোনো ঘৃণামূলক শব্দ বা আক্রমণাত্মক প্রকাশ নেই এবং এটি সাধারণ মতামত প্রকাশ করে।,rule-based,False,pending,
11826,খবরে কি যে বললেনটেকা নাকি টাকা হবে হুমম,Abusive,Individual,Little to None,মন্তব্যটির সামগ্রিক সুর ও ভাষা একটি নির্দিষ্ট ব্যক্তির বিরুদ্ধে মৃদু বা গৌণ মাত্রার আক্রমণাত্মক বক্তব্য নির্দেশ করে।,rule-contextual,False,pending,
1040,ভারত কে ভরে দিবে রাশিয়া,Political Hate,,Little to None,এই মন্তব্যে রাজনৈতিক প্রেক্ষাপটে সাধারণভাবে মৃদু বা গৌণ মাত্রার বিদ্বেষ ও ঘৃণা প্রকাশ করা হয়েছে।,rule-contextual,False,pending,
11451,না করবে না করার সাহস নেই আয়াতুল্লাহ খোমেনীর অধীনেই যুক্তরাষ্ট্রে প্রায় ১৪ বিলিয়ন ব্যারেল তেল রপ্তানি করেছে ইরান ইরানে যতদিন খোমেনীর শাসন থাকবে ততদিন ইসরাইল আমেরিকা মোটামুটি নিরাপদ ও আস্বস্ত থাকবে,,,Little to None,এই বাক্যে কোনো ঘৃণামূলক শব্দ বা আক্রমণাত্মক প্রকাশ নেই এবং এটি সাধারণ মতামত প্রকাশ করে।,rule-based,False,pending,
35355,সৈরশাসকের দেশে বিল্ডিং থেকে ফেলে মারবে,Abusive,Community,Severe,"এই মন্তব্যের ভাষা ও সুর আক্রমণাত্মক এবং অবমাননাকর, যা একটি সম্প্রদায় বা গোষ্ঠীর বিরুদ্ধে তীব্র ও গুরুতর মাত্রার গালিগালাজমূলক বক্তব্য হিসেবে চিহ্নিত।",rule-contextual,False,pending,
13170,ঠিকই করেছে দেশে বিচার নাই সুতারাং পরকিয়া করার বিচার নিজের হাতে নিতে বাধ্য হয় মানুষ,Abusive,Society,Mild,মন্তব্যটির সামগ্রিক সুর ও ভাষা সামগ্রিকভাবে সমাজ বা জাতির বিরুদ্ধে মাঝারি মাত্রার আক্রমণাত্মক বক্তব্য নির্দেশ করে।,rule-contextual,False,pending,
6311,ভিডিও তে দেখানো বেশির ভাগ ক্লিপ উত্তর কোরিয়ার,,,Little to None,মন্তব্যকারী সাধারণ বিষয়ে মতামত দিয়েছেন এবং কোনো ঘৃণামূলক বক্তব্য প্রকাশ করেননি।,rule-based,False,pending,
20422,ধন্যবাদ ভাই সাকিব আল হাসান,,,Little to None,এটি একটি নিরপেক্ষ মন্তব্য যেখানে কাউকে লক্ষ্য করে কোনো অবমাননাকর বা বৈষম্যমূলক ভাষা ব্যবহার করা হয়নি।,rule-based,False,pending,
29021,কুত্তা গুলাকে জুতার মালা সহ মিডিয়ার সামনে আনা উচিত,Abusive,Community,Severe,"নির্দিষ্ট সম্প্রদায় বা গোষ্ঠীকে উদ্দেশ্যে ""কুত্তা"", ""গু"", ""কুত্তা"" এর মতো চরম অশ্লীল ভাষা প্রয়োগ এই মন্তব্যকে তীব্র ও গুরুতর মাত্রার অশ্লীল বক্তব্য হিসেবে শ্রেণিবদ্ধ করে।",rule-contextual,False,pending,
13764,আমি একটা কথা প্রতিনিয়ত বলে থাকি যে দরকার হয় ডাল ভাত খেয়ে বেঁচে থাকবো কিন্তু সামরিক সক্ষমতা বাড়াতে হবে কিন্তু আমার কথা কে শুনে এখন পরীক্ষা কেন্দ্র সরাতে হয় আর সামরিক সক্ষমতা থাকলে পা ধরে ক্ষমা চাইতো মিয়ানমার আমাদের কাছে,,,Little to None,"এই মন্তব্যে কোনো আপত্তিকর, অশ্লীল বা ঘৃণাজনক বিষয়বস্তু নেই এবং এটি স্বাভাবিক আলোচনার অংশ।",rule-based,False,pending,
18357,এত উন্নয়ন তাও পানি জমে কেমন,Abusive,,Little to None,"এই মন্তব্যের ভাষা ও সুর আক্রমণাত্মক এবং অবমাননাকর, যা সাধারণভাবে মৃদু বা গৌণ মাত্রার গালিগালাজমূলক বক্তব্য হিসেবে চিহ্নিত।",rule-contextual,False,pending,
33551,পদ্মা ট্রাভেলসের মালিক এর বউ এবং মেয়েরে বেশ্যালয়ে ভর্তি করে দে,Abusive,Individual,Severe,"এই মন্তব্যে ""বেশ্যা"" জাতীয় অশ্লীল শব্দ ব্যবহার করে নির্দিষ্ট ব্যক্তিকে অবমাননা করা হয়েছে, যা তীব্র ও গুরুতর মাত্রার কুরুচিপূর্ণ ভাষা নির্দেশ করে।",rule-contextual,False,pending,
23991,উপকারে না তাপ্পর বাংলার ৯৯ ভারত বিরোধী,Abusive,Community,Little to None,"এই মন্তব্যের ভাষা ও সুর আক্রমণাত্মক এবং অবমাননাকর, যা একটি সম্প্রদায় বা গোষ্ঠীর বিরুদ্ধে মৃদু বা গৌণ মাত্রার গালিগালাজমূলক বক্তব্য হিসেবে চিহ্নিত।",rule-contextual,False,pending,
29608,ছেলের ফাসি চাই,Abusive,Individual,Severe,এই বক্তব্যে ব্যবহৃত ভাষা ও দৃষ্টিভঙ্গি একটি নির্দিষ্ট ব্যক্তির বিরুদ্ধে তীব্র ও গুরুতর মাত্রার গালিগালাজমূলক মন্তব্য প্রকাশ করে।,rule-contextual,False,pending,
28251,নিজরাই বাঁচতে পারছে না আবার ইউক্রেনকে অস্ত্র দেবে হা হা,Abusive,Society,Mild,এই বক্তব্যে ব্যবহৃত ভাষা ও দৃষ্টিভঙ্গি সামগ্রিকভাবে সমাজ বা জাতির বিরুদ্ধে মাঝারি মাত্রার গালিগালাজমূলক মন্তব্য প্রকাশ করে।,rule-contextual,False,pending,
19034,তারেক অপকর্মে শেষ নেই,,,Little to None,"মন্তব্যটিতে কোনো নির্দিষ্ট ব্যক্তি, গোষ্ঠী বা সম্প্রদায়ের বিরুদ্ধে ঘৃণা বা বিদ্বেষ প্রকাশ পায়নি।",rule-based,False,pending,
18223,চীন সারাজীবনই ফাঁকা বুলি ছেড়ে গেলো আমেরিকা কাজে দেখায়,Political Hate,Society,Mild,রাজনৈতিক বিষয়ে সামগ্রিকভাবে সমাজ বা জাতির বিরুদ্ধে মাঝারি মাত্রার বিদ্বেষপূর্ণ মনোভাব এই মন্তব্যে স্পষ্ট।,rule-contextual,False,pending,
35502,এখন বাস নিষিদ্ধ করা হোক,,,Little to None,"এই মন্তব্যে কোনো আপত্তিকর, অশ্লীল বা ঘৃণাজনক বিষয়বস্তু নেই এবং এটি স্বাভাবিক আলোচনার অংশ।",rule-based,False,pending,
25140,বাংলাদেশের বাঘিনীদের চেহারা পশুর মতো কেন এতো জঘন্য নারীদের চেহারা এমন হওয়া কখনোই কাম্য নয়,,,Little to None,"এই মন্তব্যে কোনো ঘৃণামূলক, আক্রমণাত্মক বা বৈষম্যমূলক ভাষা নেই, তাই এটি স্বাভাবিক মন্তব্য হিসেবে শ্রেণিবদ্ধ।",rule-based,False,pending,
35358,বালের নিউজ কর,Abusive,Organization,Mild,"এই মন্তব্যে ""বাল"" জাতীয় অশ্লীল শব্দ ব্যবহার করে নির্দিষ্ট সংগঠন বা প্রতিষ্ঠানকে অবমাননা করা হয়েছে, যা মাঝারি মাত্রার কুরুচিপূর্ণ ভাষা নির্দেশ করে।",rule-contextual,False,pending,
24940,বি এন পি জামাত কোন দিন সোজা হবে না এদের আর কোন দিন খমতাই আসতে দেয়া হবে না আওয়ামী লীগ খমতাই থাকতে জয় বাংলা,Political Hate,Organization,Mild,"মন্তব্যটিতে ""জামাত"", ""লীগ"" উল্লেখ করে রাজনৈতিক বিদ্বেষ প্রকাশ করা হয়েছে। নির্দিষ্ট সংগঠন বা প্রতিষ্ঠানকে লক্ষ্য করে এই মাঝারি মাত্রার রাজনৈতিক ঘৃণামূলক বক্তব্য।",rule-contextual,False,pending,
18373,তাতে কি এত বাবুদের খাবার গরিব রায় এগুলো চোখেও দেখবে না কারণ দাম যে গগনচুম্বী,Abusive,Organization,Mild,"এই মন্তব্যের ভাষা ও সুর আক্রমণাত্মক এবং অবমাননাকর, যা একটি সংগঠন বা প্রতিষ্ঠানের বিরুদ্ধে মাঝারি মাত্রার গালিগালাজমূলক বক্তব্য হিসেবে চিহ্নিত।",rule-contextual,False,pending,
22201,রিজার্ভ কে শেষ করে শাক দিয়ে মাছ ঢাকার চেষ্টা করবেন না আপনকে অনেক ভালো মানুষ ভেবেছিলাম কিন্তু নিলরজের মতো নিত্য পণ্যের দাম লাগামহীন আপনারা মন্ত্রী আপনারা ঠিক তিন বেলা খান,Political Hate,Community,Mild,রাজনৈতিক বিষয়ে একটি সম্প্রদায় বা গোষ্ঠীর বিরুদ্ধে মাঝারি মাত্রার বিদ্বেষপূর্ণ মনোভাব এই মন্তব্যে স্পষ্ট।,rule-contextual,False,pending,
9625,ফ্যামিলি নিয়ে দেখার মত মুভি এতা না,,,Little to None,"মন্তব্যটিতে কোনো নির্দিষ্ট ব্যক্তি, গোষ্ঠী বা সম্প্রদায়ের বিরুদ্ধে ঘৃণা বা বিদ্বেষ প্রকাশ পায়নি।",rule-based,False,pending,
13426,রাজাকারদের ভিসা দেয়া উচিত হয় নাই,Political Hate,Community,Little to None,"নির্দিষ্ট সম্প্রদায় বা গোষ্ঠীকে বিরুদ্ধে ""রাজাকার"" এর মতো রাজনৈতিক বিদ্বেষমূলক শব্দ ব্যবহার করা হয়েছে। এটি মৃদু বা গৌণ মাত্রার রাজনৈতিক ঘৃণা প্রকাশ করে।",rule-contextual,False,pending,
7412,একটি বড় দলের নেতাকে টার্গেট করা বদনাম করার ফল সময় টিবিকে ঠিকই দিতে হবে,Abusive,Organization,Mild,মন্তব্যটির সামগ্রিক সুর ও ভাষা একটি সংগঠন বা প্রতিষ্ঠানের বিরুদ্ধে মাঝারি মাত্রার আক্রমণাত্মক বক্তব্য নির্দেশ করে।,rule-contextual,False,pending,
28517,প্রিপেইড মিটার এর প্রতি নিন্দা জানাচ্ছি পোস্ট পেইড এ খরচ কম ছিল এখন প্রিপেইড এ খরচ আকাশ ছোঁয়া,Abusive,Organization,Little to None,"এই মন্তব্যের ভাষা ও সুর আক্রমণাত্মক এবং অবমাননাকর, যা একটি সংগঠন বা প্রতিষ্ঠানের বিরুদ্ধে মৃদু বা গৌণ মাত্রার গালিগালাজমূলক বক্তব্য হিসেবে চিহ্নিত।",rule-contextual,False,pending,
29351,বাংলাদেশ পুলিশ আর ইজরায়েল পুলিশ কোন পাথক্য নাই দুইটাই জালিম বংশধর পুলিশ হঠাও দেশ বাঁচাও,Abusive,Organization,Severe,"এই মন্তব্যের ভাষা ও সুর আক্রমণাত্মক এবং অবমাননাকর, যা একটি সংগঠন বা প্রতিষ্ঠানের বিরুদ্ধে তীব্র ও গুরুতর মাত্রার গালিগালাজমূলক বক্তব্য হিসেবে চিহ্নিত।",rule-contextual,False,pending,
35079,আজ গোলাবর্ষণ করতেছেকাল হয়তো সিমান্ত পেরিয়ে আক্রমণ করবেআজো কেন আমাদের সরকার চুপতবে কি ৩০লক্ষ মানুষের প্রানের বিনিময়ে অর্জন করা স্বাধীন দেশটি অসহায়তাহলে কেন এত ভয়ে ভয়ে দিন কাটাচ্ছে সোনার বাংলাদেশবাংলা মায়ের দামাল ছেলেরা কখনো মরণ কে ভয় করেনাযদিও বাংলাদেশ আয়তনে ছোটতবে বাংলার বীরপুরুষেরা সাহস ও বুদ্ধির দীগ দিয়ে ছোট নাপৃথিবীর বুকে বাংলাদেশ একটি শ্রেষ্ঠ স্বাধীন দেশতাহলে কেন আজ এমন একটি স্বাধীন দেশের সীমান্তে গোলাবর্ষণ আর আক্রমণ করা হচ্ছেকেন সরকার আজ এত ভিতু,Abusive,Organization,Little to None,"মন্তব্যটিতে ""সরকার"" এর মতো আক্রমণাত্মক ও গালিগালাজমূলক ভাষা ব্যবহার করা হয়েছে। এটি একটি সংগঠন বা প্রতিষ্ঠানের বিরুদ্ধে মৃদু বা গৌণ মাত্রার বক্তব্য।",rule-contextual,False,pending,
18526,৩ কোটি মানুষের শহরে বাসের ব্যাবস্তা যুগপোযুগী নয় ঢাকায় সাশ্রয়ী ও অনেক কম সময়ে ও কম জায়গায় ট্রামের ব্যবস্থা করা উচিত ভাবতে অবাক লাগে সরকারের কারো মাথায় ট্রামের ব্যাপারটি আসে না তারা জার্মানি সুইজারল্যান্ড ঘুরেন অথচ সেখানের যোগাযোগ ব্যাবস্থা দেখেন না ঢাকায় অধিকংশ প্রধান সড়ক ৬ থেকে ৮ লেনের যে সকল রাস্তা ২২ ৪ ল্যানের বা তার বেশি সে সকল রাস্তার উভয় পাশ থেকে ১ লেন করে নিয়ে সেখানে ট্রামের রাস্তা বানানো যায় ট্রামের রাস্তায় অন্য কোনো গাড়ি ঢুকতে পারবে না এ ক্ষেত্রে সবাই যে সমস্যা দেখে তা হলো তাতে রাস্তা চিকন হয়ে যাবে ইউরোপের শহরে রাস্তা আরো চিকন কিন্তু ওই চিকন রাস্তা দিয়ে ব্যাক্তিগত গাড়ি চলবে তাই তা নিয়ে অন্যদের চিন্তিত হওয়ার কিছু নেই উন্নত ট্রাম বা যোগাযোগ ব্যাবস্থা হলে ও নিয়মানবর্তীত ভাবে ট্রাম চললে মানুষ ব্যাক্তিগত গাড়ির প্রতি আগ্রহী হবে না ঢাকার পুরো পরিবহন ব্যাবস্থা থাকবে এর নিয়ন্ত্রণে ব্যাক্তি মালিকানাধীন বাস থাকবে না,Abusive,Organization,Little to None,"মন্তব্যটিতে ""সরকার"" এর মতো আক্রমণাত্মক ও গালিগালাজমূলক ভাষা ব্যবহার করা হয়েছে। এটি একটি সংগঠন বা প্রতিষ্ঠানের বিরুদ্ধে মৃদু বা গৌণ মাত্রার বক্তব্য।",rule-contextual,False,pending,
5987,মারছে ভালো হয়েছে আরো ভালো করে,,,Little to None,"মন্তব্যটিতে কোনো গালিগালাজ, বিদ্বেষ বা আপত্তিকর বিষয়বস্তু পাওয়া যায়নি বলে এটি নিরপেক্ষ মন্তব্য।",rule-based,False,pending,
26881,বানিয়ে বানিয়ে বলতে গেলে এভাবেই আটকাবি,Abusive,Individual,Severe,এই বক্তব্যে ব্যবহৃত ভাষা ও দৃষ্টিভঙ্গি একটি নির্দিষ্ট ব্যক্তির বিরুদ্ধে তীব্র ও গুরুতর মাত্রার গালিগালাজমূলক মন্তব্য প্রকাশ করে।,rule-contextual,False,pending,
4173,চি চি এই মাংস হারাম,,,Little to None,"মন্তব্যটিতে কোনো নির্দিষ্ট ব্যক্তি, গোষ্ঠী বা সম্প্রদায়ের বিরুদ্ধে ঘৃণা বা বিদ্বেষ প্রকাশ পায়নি।",rule-based,False,pending,
30101,বুজলাম না ওদের দেশের হানাহানি নিয়ে আমাদের কোন মাথা ব্যাথা নেই কিন্তু তারা যদি সেটা কে কেন্দ্র করে আমার ভূখন্ডে দিকে গুলি ছুটে তাহলে আমাদের বিজিবির উচিত কাউন্টার এটাক করা তাদেরকে বুজিয়ে দেয়া উচিত আমরা ও কোন অংশ কম নয় আমরা আগাতে বদলে পাল্টা আগাত করতে পারি,Political Hate,Society,Mild,মন্তব্যটি রাজনৈতিক ব্যক্তি বা দলের প্রতি সামগ্রিকভাবে সমাজ বা জাতির বিরুদ্ধে মাঝারি মাত্রার ঘৃণামূলক দৃষ্টিভঙ্গি প্রকাশ করে।,rule-contextual,False,pending,
21664,এগুলা চেননেল যারা চালায় তাদের কেধরে হিজরা দিয়েচুদেনিবো বাল ছাল ভিডিও নিয়ে আসে,Abusive,Organization,Mild,"নির্দিষ্ট সংগঠন বা প্রতিষ্ঠানকে উদ্দেশ্যে ""বাল"", ""চুদ"", ""গু"" এর মতো চরম অশ্লীল ভাষা প্রয়োগ এই মন্তব্যকে মাঝারি মাত্রার অশ্লীল বক্তব্য হিসেবে শ্রেণিবদ্ধ করে।",rule-contextual,False,pending,
31274,তুমি বালের স্বরাষ্ট্র মন্ত্রী,Abusive,Individual,Mild,"নির্দিষ্ট ব্যক্তিকে উদ্দেশ্যে ""বাল"" এর মতো চরম অশ্লীল ভাষা প্রয়োগ এই মন্তব্যকে মাঝারি মাত্রার অশ্লীল বক্তব্য হিসেবে শ্রেণিবদ্ধ করে।",rule-contextual,False,pending,
14509,চিকিৎসার অভাবে অনেক রুগী মারা যাবে তাদের দায় ভার কে নিবে,,,Little to None,মন্তব্যটি সাধারণ মতামত প্রকাশ করে এবং এতে কোনো ঘৃণা বা সহিংসতামূলক উপাদান নেই।,rule-based,False,pending,
15550,সময় অসময়ের নিউজ আপডেট করে তাই সময়কে বয়কট করুন,Abusive,Organization,Mild,এই বক্তব্যে ব্যবহৃত ভাষা ও দৃষ্টিভঙ্গি একটি সংগঠন বা প্রতিষ্ঠানের বিরুদ্ধে মাঝারি মাত্রার গালিগালাজমূলক মন্তব্য প্রকাশ করে।,rule-contextual,False,pending,
30503,হায়রে মুনাফিকের বাচ্চা মুনাফিক কাফেরের বাচ্চা কাফের মিথ্যুকের বাচ্চা মিথ্যুক বেইমানের বাচ্চা বেইমান তোরা মিডিয়ার মধ্যে কি করি আছস লজ্জা লাগেনা ছি ছি ছি,Religious Hate,Individual,Severe,"নির্দিষ্ট ব্যক্তিকে বিরুদ্ধে ""কাফের"", ""লজ্জা"", ""বেইমান"" এর মতো সাম্প্রদায়িক শব্দ ব্যবহার করা হয়েছে, যা তীব্র ও গুরুতর মাত্রার ধর্মীয় বিদ্বেষ নির্দেশ করে।",rule-contextual,False,pending,
26871,সাইকেলের জন্য আলাদা লেন তৈরি করা হোক,,,Little to None,মন্তব্যটি সাধারণ মতামত প্রকাশ করে এবং এতে কোনো ঘৃণা বা সহিংসতামূলক উপাদান নেই।,rule-based,False,pending,
1733,জার্মানির পর তৃতীয় বিশ্বযুদ্ধের কারণ হতে যাচ্ছে যুক্তরাষ্ট্র নিঃসন্দেহে তৃতীয় বিশ্বযুদ্ধের দায়ভার যুক্তরাষ্ট্রকেই নিতে হবে,Political Hate,Society,Mild,রাজনৈতিক বিষয়ে সামগ্রিকভাবে সমাজ বা জাতির বিরুদ্ধে মাঝারি মাত্রার বিদ্বেষপূর্ণ মনোভাব এই মন্তব্যে স্পষ্ট।,rule-contextual,False,pending,
7124,দুর্নীথিতে বাংলাদেশ এক নাম্বারে,Abusive,Society,Mild,"এই মন্তব্যের ভাষা ও সুর আক্রমণাত্মক এবং অবমাননাকর, যা সামগ্রিকভাবে সমাজ বা জাতির বিরুদ্ধে মাঝারি মাত্রার গালিগালাজমূলক বক্তব্য হিসেবে চিহ্নিত।",rule-contextual,False,pending,
4170,আবার ও সেলফি মানুষ এতো নির্লজ্জ বেহায়া মিথ্যূক হয় তা আওয়ামী লীগ না দেখলে বুঝা যায় না,Political Hate,Organization,Severe,"মন্তব্যটিতে ""আওয়ামী"", ""লীগ"" উল্লেখ করে রাজনৈতিক বিদ্বেষ প্রকাশ করা হয়েছে। নির্দিষ্ট সংগঠন বা প্রতিষ্ঠানকে লক্ষ্য করে এই তীব্র ও গুরুতর মাত্রার রাজনৈতিক ঘৃণামূলক বক্তব্য।",rule-contextual,False,pending,
23770,আরব দেশ গুলো আছে শুধু হুমকি দেওয়ার তালে আর এদিকে ইসরাইল সব শেষ করে দিছে,Political Hate,Society,Little to None,এই মন্তব্যে রাজনৈতিক প্রেক্ষাপটে সামগ্রিকভাবে সমাজ বা জাতির বিরুদ্ধে মৃদু বা গৌণ মাত্রার বিদ্বেষ ও ঘৃণা প্রকাশ করা হয়েছে।,rule-contextual,False,pending,
19329,নরেন্দ্র চারাল সবসময় মুসলমানদের নিয়ে খেলা করতে চায়সে যানে না যে মুসলিমরা মোহাম্মদ স এর উম্মত আমাদেরকে দমায়া রাখা যায় না,Religious Hate,Individual,Mild,"মন্তব্যটিতে ""মুসলিম"", ""মুসলমান"" উল্লেখ করে ধর্মীয় বিদ্বেষ প্রকাশ করা হয়েছে। নির্দিষ্ট ব্যক্তিকে লক্ষ্য করে এটি মাঝারি মাত্রার সাম্প্রদায়িক ঘৃণামূলক বক্তব্য।",rule-contextual,False,pending,
22347,গুণীর কদর করতে না পারলে দিনশেষে চূড়ান্ত সাফল্য কখনোই পাওয়া যায় না বাংলাদেশ এই সংস্কৃতিকে যেহেতু প্রতিষ্ঠিত করে ফেলেছে সুতরাং এই দেশের সাফল্যের দৌড়টা আসলে কতদূর সেটাই দেখার বিষয় শুধুমাত্র ক্ষমতার জোরে সরকারি দলের নেতা হওয়ার জোরে বিসিবি সভাপতি এখনও তার পদ আঁকড়ে ধরে রেখেছেন সেটা আলাদা করে বোঝানোর কোন প্রয়োজন নেই মানুষ এত বোকা না শুধু তারা মুখ ফুটে কিছু বলতে পারে না অনেক কারণেই বিসিবি সভাপতি আর দলের কোচ তার দায় কতটা আছে সেটা সম্পর্কে পুরো ধারণা নেই যদি দুইজনকেই ওপেন চ্যালেঞ্জ দিচ্ছি আগামী ১ বছরের মধ্যে একজন তামিম আর এরকম আরেকটা পঞ্চপান্ডব তৈরি করে দেখান পারলে,Abusive,Individual,Mild,"এই মন্তব্যে ""বোকা"" শব্দ ব্যবহার করে নির্দিষ্ট ব্যক্তিকে অবমাননা করা হয়েছে, যা মাঝারি মাত্রার আক্রমণাত্মক ভাষা নির্দেশ করে।",rule-contextual,False,pending,
14876,পশ্চিমাদের উচিত শিক্ষা দেওয়া দরকার কারণ এরা সঠিক বিচার করতে জানে না,Abusive,Society,Severe,এই বক্তব্যে ব্যবহৃত ভাষা ও দৃষ্টিভঙ্গি সামগ্রিকভাবে সমাজ বা জাতির বিরুদ্ধে তীব্র ও গুরুতর মাত্রার গালিগালাজমূলক মন্তব্য প্রকাশ করে।,rule-contextual,False,pending,
24828,এই ধরনের কাজ যদি বাংলাদেশের প্রতিটি মেয়ের সাথে সরকার করতো তাহলেই কোনো মেয়ের ঘড় ভাঙ্গতো না,Gender Hate,Community,Mild,"মন্তব্যটিতে ""সরকার"" এর মতো লিঙ্গ বৈষম্যমূলক ও যৌনতাবাদী ভাষা ব্যবহার করা হয়েছে। এটি একটি সম্প্রদায় বা গোষ্ঠীর বিরুদ্ধে মাঝারি মাত্রার বক্তব্য।",rule-contextual,False,pending,
22030,কি বাল উপ্রাই দেখা যাবে নি,Abusive,Individual,Little to None,"নির্দিষ্ট ব্যক্তিকে উদ্দেশ্যে ""বাল"" এর মতো চরম অশ্লীল ভাষা প্রয়োগ এই মন্তব্যকে মৃদু বা গৌণ মাত্রার অশ্লীল বক্তব্য হিসেবে শ্রেণিবদ্ধ করে।",rule-contextual,False,pending,
28261,জানুয়া্ররা বুট আসলে মাথায় টুপিদেয়,Abusive,Community,Mild,এই মন্তব্যে অশ্লীল ও কুরুচিপূর্ণ ভাষা ব্যবহার করে একটি সম্প্রদায় বা গোষ্ঠীর বিরুদ্ধে মাঝারি মাত্রার আপত্তিকর বক্তব্য প্রকাশ করা হয়েছে।,rule-contextual,False,pending,
4050,বাবরের মাথায় বুদ্ধি নেই তার জন্য উল্টা পাল্টা কাজ করে,Abusive,Individual,Mild,"এই মন্তব্যের ভাষা ও সুর আক্রমণাত্মক এবং অবমাননাকর, যা একটি নির্দিষ্ট ব্যক্তির বিরুদ্ধে মাঝারি মাত্রার গালিগালাজমূলক বক্তব্য হিসেবে চিহ্নিত।",rule-contextual,False,pending,
16295,আন্নে জানগা আন্নের হাত থেকে বাংলার মানুষ মুক্তি চাই মিথ্যাবাদী হাসিনা,Political Hate,Individual,Severe,"এই মন্তব্যে ""হাসিনা"", ""মিথ্যাবাদী"" সম্পর্কিত রাজনৈতিক ঘৃণা প্রকাশ পেয়েছে যেখানে নির্দিষ্ট ব্যক্তিকে আক্রমণের লক্ষ্যবস্তু। তীব্রতা তীব্র ও গুরুতর মাত্রার।",rule-contextual,False,pending,
10652,হাইরে বাংলাদেশ সামান্য দোষ করছে তাই ওকে সাথে সাথে মারধর করে পুলিশের হাতে সুপর্দ করলো আর বড় বড় নেতা কেতারা মানুষ খুন করতেছে এই রকম একটাওত বিচার করতে দেখিনাই,Abusive,Community,Mild,"এই মন্তব্যের ভাষা ও সুর আক্রমণাত্মক এবং অবমাননাকর, যা একটি সম্প্রদায় বা গোষ্ঠীর বিরুদ্ধে মাঝারি মাত্রার গালিগালাজমূলক বক্তব্য হিসেবে চিহ্নিত।",rule-contextual,False,pending,
15147,রক্তপিপাসু শয়তান নেতানিয়াহু দেখতেও লাগে শয়তান আল্লাহ শীঘ্রই এদের ধ্বংশ করুক,Religious Hate,Community,Severe,ধর্ম ও সম্প্রদায় সম্পর্কে একটি সম্প্রদায় বা গোষ্ঠীর বিরুদ্ধে তীব্র ও গুরুতর মাত্রার বিদ্বেষপূর্ণ মনোভাব এই মন্তব্যে প্রকাশিত।,rule-contextual,False,pending,
13486,আমাদের দেশের তেল হচ্ছে মহামূল্যবান অস্ত্র যা দিয়ে সভাপতি সহসভাপতি পদ পাওয়া যায় একমত হলে লাইক দিন,Abusive,Organization,Mild,"এই মন্তব্যের ভাষা ও সুর আক্রমণাত্মক এবং অবমাননাকর, যা একটি সংগঠন বা প্রতিষ্ঠানের বিরুদ্ধে মাঝারি মাত্রার গালিগালাজমূলক বক্তব্য হিসেবে চিহ্নিত।",rule-contextual,False,pending,
1653,মুসলিম নেতৃত্ব দেয়ার যোগ্যতাএকমাত্র ইরানের আছে,,,Little to None,"মন্তব্যটিতে কোনো গালিগালাজ, বিদ্বেষ বা আপত্তিকর বিষয়বস্তু পাওয়া যায়নি বলে এটি নিরপেক্ষ মন্তব্য।",rule-based,False,pending,
27340,এই সরকার এর আমলে সব চেয়ে উন্নয়ন হয়েছে সময় টিভির সে টা সবাই যেনে গেছে সময়ের সাথে সাথে সময় টিভি ও এক দিন হারিয়ে যাবে ইনশাআল্লাহ,Abusive,Organization,Mild,"এই মন্তব্যে ""সরকার"", ""আমলে"" শব্দ ব্যবহার করে নির্দিষ্ট সংগঠন বা প্রতিষ্ঠানকে অবমাননা করা হয়েছে, যা মাঝারি মাত্রার আক্রমণাত্মক ভাষা নির্দেশ করে।",rule-contextual,False,pending,
14965,দেশের গন্ড মেরি মাদার হাসিনা,Abusive,Individual,Severe,"মন্তব্যটিতে ""হাসিনা"" এর মতো আক্রমণাত্মক ও গালিগালাজমূলক ভাষা ব্যবহার করা হয়েছে। এটি একটি নির্দিষ্ট ব্যক্তির বিরুদ্ধে তীব্র ও গুরুতর মাত্রার বক্তব্য।",rule-contextual,False,pending,
18585,তৈমুর সাহেব আপনি কি আপনার ভোট দিতে পারবেন আমি তো ১০ বছরে একটি ভোটও দিতে পারিনি,Abusive,Individual,Little to None,"মন্তব্যটিতে ""ভোট"" এর মতো আক্রমণাত্মক ও গালিগালাজমূলক ভাষা ব্যবহার করা হয়েছে। এটি একটি নির্দিষ্ট ব্যক্তির বিরুদ্ধে মৃদু বা গৌণ মাত্রার বক্তব্য।",rule-contextual,False,pending,
22469,আমরা জানি আপনারা কতো ভোট আছে,Political Hate,Individual,Little to None,"মন্তব্যটিতে ""ভোট"" উল্লেখ করে রাজনৈতিক বিদ্বেষ প্রকাশ করা হয়েছে। নির্দিষ্ট ব্যক্তিকে লক্ষ্য করে এই মৃদু বা গৌণ মাত্রার রাজনৈতিক ঘৃণামূলক বক্তব্য।",rule-contextual,False,pending,
22127,তোদের মেধা যে নিম্নশ্রেণির সেটা সংবাদ দেখলেই বোঝা যায় ফহিন্নি বড় লোকের ঢেকুর শুনলেই বোম ফেটেছে মনে করে,Abusive,Community,Mild,এই বক্তব্যে ব্যবহৃত ভাষা ও দৃষ্টিভঙ্গি একটি সম্প্রদায় বা গোষ্ঠীর বিরুদ্ধে মাঝারি মাত্রার গালিগালাজমূলক মন্তব্য প্রকাশ করে।,rule-contextual,False,pending,
26505,নায়িকারা জামিন পেয়ে যায় সহজেই কারন তারা খাট খেলোয়াড় সে সবার সাথে খাটে খেলে,Abusive,Community,Severe,"এই মন্তব্যের ভাষা ও সুর আক্রমণাত্মক এবং অবমাননাকর, যা একটি সম্প্রদায় বা গোষ্ঠীর বিরুদ্ধে তীব্র ও গুরুতর মাত্রার গালিগালাজমূলক বক্তব্য হিসেবে চিহ্নিত।",rule-contextual,False,pending,
18713,এই টাকা ঠিক কে বা কারা পাচার করেছে জাতি তা জানতে চায়,,,Little to None,"এই মন্তব্যে কোনো আপত্তিকর, অশ্লীল বা ঘৃণাজনক বিষয়বস্তু নেই এবং এটি স্বাভাবিক আলোচনার অংশ।",rule-based,False,pending,
6774,তাতে ভারতের বাল ছিড়ে গেছে পাকিস্তান চিন দুইটা কে বাদ দিতে হবে,Abusive,Society,Severe,"মন্তব্যটিতে ""বাল"" এর মতো অশ্লীল ও কুরুচিপূর্ণ ভাষা ব্যবহার করে সমাজ বা জাতিকে আক্রমণ করা হয়েছে। এটি তীব্র ও গুরুতর মাত্রার অশ্লীল বক্তব্য।",rule-contextual,False,pending,
28737,এই ওসি ওসি প্রদীপ থেকে আরো খারাপ জঘন্য,Abusive,Individual,Mild,"এই বক্তব্যে নির্দিষ্ট ব্যক্তিকে প্রতি ""খারাপ"", ""জঘন্য"" এর মতো আপত্তিকর শব্দচয়ন এটিকে মাঝারি মাত্রার আক্রমণাত্মক মন্তব্য হিসেবে শ্রেণিবদ্ধ করে।",rule-contextual,False,pending,
20149,কুকুর যেখানেই যাক সেটা আওয়ামিলীগ হয়েই কাজ করবে ইসি অযোগ্য এইসব নাটক করে বাংলাদেশের মানুষের সামনে ভালো সাজার চেষ্টা করছে কে কে একমত,Political Hate,Individual,Severe,"রাজনৈতিক প্রেক্ষাপটে ""লীগ"", ""অযোগ্য"" ব্যবহার করে নির্দিষ্ট ব্যক্তিকে প্রতি বিদ্বেষ প্রকাশ এই মন্তব্যকে তীব্র ও গুরুতর মাত্রার রাজনৈতিক ঘৃণামূলক বক্তব্য করে তোলে।",rule-contextual,False,pending,
8426,একে ফাঁসি দিয়ে মারার ছয় মাস পূর্বে পুরুষ অঙ্গ কারেন সেকা দিয়ে পুরিয়ে দেওয়া উচিত,,,Little to None,এটি একটি নিরপেক্ষ মন্তব্য যেখানে কাউকে লক্ষ্য করে কোনো অবমাননাকর বা বৈষম্যমূলক ভাষা ব্যবহার করা হয়নি।,rule-based,False,pending,
26666,মেম্বারের যোগ্য না সেই লোক মন্ত্রী,Abusive,Individual,Little to None,মন্তব্যটির সামগ্রিক সুর ও ভাষা একটি নির্দিষ্ট ব্যক্তির বিরুদ্ধে মৃদু বা গৌণ মাত্রার আক্রমণাত্মক বক্তব্য নির্দেশ করে।,rule-contextual,False,pending,
6113,আওয়ামী লীগ সরকার সারের দাম তো অনেক কমে দেসে,,,Little to None,"মন্তব্যটিতে কোনো গালিগালাজ, বিদ্বেষ বা আপত্তিকর বিষয়বস্তু পাওয়া যায়নি বলে এটি নিরপেক্ষ মন্তব্য।",rule-based,False,pending,
16498,চিন্তা করবেননা বিএনপি ক্ষমতায় আসলে সব ঠিক হয়ে যাবে,,,Little to None,"এই মন্তব্যে কোনো ঘৃণামূলক, আক্রমণাত্মক বা বৈষম্যমূলক ভাষা নেই, তাই এটি স্বাভাবিক মন্তব্য হিসেবে শ্রেণিবদ্ধ।",rule-based,False,pending,
16930,ধর্ষনকারীকে লেডিস হর্মন পুশ করা হোক,Abusive,Individual,Mild,"এই মন্তব্যের ভাষা ও সুর আক্রমণাত্মক এবং অবমাননাকর, যা একটি নির্দিষ্ট ব্যক্তির বিরুদ্ধে মাঝারি মাত্রার গালিগালাজমূলক বক্তব্য হিসেবে চিহ্নিত।",rule-contextual,False,pending,
34536,এধরনের ব্যাবসায়ীদেরকে ডিম থেরাপি দেওয়া উচিৎ,Abusive,Community,Mild,এই বক্তব্যে ব্যবহৃত ভাষা ও দৃষ্টিভঙ্গি একটি সম্প্রদায় বা গোষ্ঠীর বিরুদ্ধে মাঝারি মাত্রার গালিগালাজমূলক মন্তব্য প্রকাশ করে।,rule-contextual,False,pending,
23307,এসব সাক্ষী কত বানানো যায় দালাল সোমবাদিকও কম নয়,Abusive,Individual,Mild,"মন্তব্যকারী ""দালাল"" ব্যবহার করে নির্দিষ্ট ব্যক্তিকে আক্রমণ করেছেন। ভাষার তীব্রতা মাঝারি মাত্রার বলে প্রতীয়মান।",rule-contextual,False,pending,
16000,ইমরান খান জিন্দাবাদ কে কে সমথন করেন,,,Little to None,মন্তব্যকারী সাধারণ বিষয়ে মতামত দিয়েছেন এবং কোনো ঘৃণামূলক বক্তব্য প্রকাশ করেননি।,rule-based,False,pending,
10099,শালা তোরা ভিতর গুষ্টি এই সরকার কেন এই সরকারের দলের একজন কর্মীকেও তোরা কিছু করতে পারবি না,Abusive,Individual,Severe,"মন্তব্যকারী ""শালা"", ""গু"", ""শালা"" ব্যবহার করে নির্দিষ্ট ব্যক্তিকে অশ্লীলভাবে আক্রমণ করেছেন। ভাষার মাত্রা তীব্র ও গুরুতর মাত্রার অশ্লীলতা নির্দেশ করে।",rule-contextual,False,pending,
26132,জার্মানি এবং ফ্রান্স অন্য কোন দেশ থেকে জালানি তেল ও গ্যাস আমদানি করতে গেলে ফতুর হয়ে যেতে হবেআমেরিকার গোলামি যারা করবে তাড়া দিন দিন সুধু গরীব হবে উন্নতি হবে না,Political Hate,Organization,Mild,এই মন্তব্যে রাজনৈতিক প্রেক্ষাপটে একটি সংগঠন বা প্রতিষ্ঠানের বিরুদ্ধে মাঝারি মাত্রার বিদ্বেষ ও ঘৃণা প্রকাশ করা হয়েছে।,rule-contextual,False,pending,
6994,আমি বুঝিনা বাংলাদেশের সাংবাদিকরা এত কেন তামিম তামিম করে তামিম কি ২০০ বছর খেলবে বাংলাদেশ টিটোয়েন্টি ম্যাচ একদিন তাকেও চলে যেতে হবে এর চাইতে ভালো টিটোয়েন্টি বিশ্বকাপ উপলক্ষে নতুন কাউকে সুযোগ দিয়ে তাকে প্রস্তুত করা,,,Little to None,"এই মন্তব্যে কোনো ঘৃণামূলক, আক্রমণাত্মক বা বৈষম্যমূলক ভাষা নেই, তাই এটি স্বাভাবিক মন্তব্য হিসেবে শ্রেণিবদ্ধ।",rule-based,False,pending,
19056,বৌ যে পরকীয়া করে তাকে কি চুমু দিবে,Gender Hate,Individual,Little to None,এই বক্তব্যে লিঙ্গ বৈষম্যমূলক ভাষা ব্যবহার করে একটি নির্দিষ্ট ব্যক্তির বিরুদ্ধে মৃদু বা গৌণ মাত্রার যৌনতাবাদী মনোভাব প্রকাশ করা হয়েছে।,rule-contextual,False,pending,
25928,বিসিবি অচল মালকে বেশি দামে কিনে টাকা পকেটে পুরবে এই হলো আসল সত্য,Abusive,Community,Severe,এই বক্তব্যে ব্যবহৃত ভাষা ও দৃষ্টিভঙ্গি একটি সম্প্রদায় বা গোষ্ঠীর বিরুদ্ধে তীব্র ও গুরুতর মাত্রার গালিগালাজমূলক মন্তব্য প্রকাশ করে।,rule-contextual,False,pending,
31699,৪ পয়েন্ট টের দলের সাথে খেলে আবার ভাব নেয়ার কি আছে ভাই আপনাদের বলছি আগে খেলা বুঝে তার পরে কথা বলতে আসবেন,Abusive,Community,Mild,"এই মন্তব্যের ভাষা ও সুর আক্রমণাত্মক এবং অবমাননাকর, যা একটি সম্প্রদায় বা গোষ্ঠীর বিরুদ্ধে মাঝারি মাত্রার গালিগালাজমূলক বক্তব্য হিসেবে চিহ্নিত।",rule-contextual,False,pending,
6172,আললাহ দিদিকে ভালকরে দিন,,,Little to None,এই বাক্যে কোনো ঘৃণামূলক শব্দ বা আক্রমণাত্মক প্রকাশ নেই এবং এটি সাধারণ মতামত প্রকাশ করে।,rule-based,False,pending,
11229,আগুন দিয়ে যারা ট্রাক ট্রাক জীবন্ত গরু পুড়িয়ে হত্যা করেছে কুরআনে তাদের কি বিচারের কথা আছে,Religious Hate,Community,Mild,ধর্ম ও সম্প্রদায় সম্পর্কে একটি সম্প্রদায় বা গোষ্ঠীর বিরুদ্ধে মাঝারি মাত্রার বিদ্বেষপূর্ণ মনোভাব এই মন্তব্যে প্রকাশিত।,rule-contextual,False,pending,
25516,কমেডিয়ান নিপাত যাক,Abusive,Individual,Little to None,"এই মন্তব্যের ভাষা ও সুর আক্রমণাত্মক এবং অবমাননাকর, যা একটি নির্দিষ্ট ব্যক্তির বিরুদ্ধে মৃদু বা গৌণ মাত্রার গালিগালাজমূলক বক্তব্য হিসেবে চিহ্নিত।",rule-contextual,False,pending,
116,উগ্র মৌলবাদী গোষ্ঠী হামাস কে নিচিন্হ করা পৃথিবীর সকল দেশের দায়িত্ব,Religious Hate,Organization,Severe,"ধর্মীয় প্রেক্ষাপটে ""মৌলবাদ"", ""হামাস"", ""নিচ"" ব্যবহার করে নির্দিষ্ট সংগঠন বা প্রতিষ্ঠানকে প্রতি সাম্প্রদায়িক বিদ্বেষ প্রকাশ এটিকে তীব্র ও গুরুতর মাত্রার ধর্মীয় ঘৃণামূলক বক্তব্য হিসেবে চিহ্নিত করে।",rule-contextual,False,pending,
31429,ইরানে হামলার চালানোর পরিকল্পনা আমেরিকা,Abusive,Society,Severe,মন্তব্যটির সামগ্রিক সুর ও ভাষা সামগ্রিকভাবে সমাজ বা জাতির বিরুদ্ধে তীব্র ও গুরুতর মাত্রার আক্রমণাত্মক বক্তব্য নির্দেশ করে।,rule-contextual,False,pending,
16311,পুরীর দোষ হবে কেন সুনেরাহ রাজ নিজেরাই এই ভিডিও ছেড়ে দিয়েছে যাতে পরীমনিকে ফাঁসাতে সুবিধে হয় রাজ সুনেরাহ এখন যেহেতু একসাথে থাকে বিষয় টা এখন পরিস্কার,Political Hate,Individual,Mild,রাজনৈতিক বিষয়ে একটি নির্দিষ্ট ব্যক্তির বিরুদ্ধে মাঝারি মাত্রার বিদ্বেষপূর্ণ মনোভাব এই মন্তব্যে স্পষ্ট।,rule-contextual,False,pending,
2582,নারী কিসের আটকায় জাহেদ খানে আটকাই,,,Little to None,"এই মন্তব্যে কোনো ঘৃণামূলক, আক্রমণাত্মক বা বৈষম্যমূলক ভাষা নেই, তাই এটি স্বাভাবিক মন্তব্য হিসেবে শ্রেণিবদ্ধ।",rule-based,False,pending,
8189,ইনশাআল্লাহ ইসলামের বিজয় খুব নিকটে,,,Little to None,"মন্তব্যটিতে কোনো গালিগালাজ, বিদ্বেষ বা আপত্তিকর বিষয়বস্তু পাওয়া যায়নি বলে এটি নিরপেক্ষ মন্তব্য।",rule-based,False,pending,
7573,যত তারাতাড়ি সম্ভব এদেরকে নিজের দেশে ফিরিয়ে দেয়া হোক,,,Little to None,এটি একটি নিরপেক্ষ মন্তব্য যেখানে কাউকে লক্ষ্য করে কোনো অবমাননাকর বা বৈষম্যমূলক ভাষা ব্যবহার করা হয়নি।,rule-based,False,pending,
11693,এই মাদারচোদ দের কোন ভাবে দেশে যায়গা দেয়া ঠিক হয়নি ৷,Abusive,,Severe,এই বক্তব্যে ব্যবহৃত অশ্লীল ভাষা সাধারণভাবে তীব্র ও গুরুতর মাত্রার কুরুচিপূর্ণ মন্তব্য নির্দেশ করে।,rule-contextual,False,pending,
19119,টাকা থাকলে এমন নিউজ ঘন্টায় ঘন্টায় তৈরি করা যায়,Abusive,Organization,Severe,এই বক্তব্যে ব্যবহৃত ভাষা ও দৃষ্টিভঙ্গি একটি সংগঠন বা প্রতিষ্ঠানের বিরুদ্ধে তীব্র ও গুরুতর মাত্রার গালিগালাজমূলক মন্তব্য প্রকাশ করে।,rule-contextual,False,pending,
834,অস্ত্রের প্রতিযোগিতার আয়োজন করে ছে ইডিয়ট জেলেনস্কির সাধারণ মানুষের জীবনের মূল্য নেই,Abusive,,Mild,এই বক্তব্যে ব্যবহৃত ভাষা ও দৃষ্টিভঙ্গি সাধারণভাবে মাঝারি মাত্রার গালিগালাজমূলক মন্তব্য প্রকাশ করে।,rule-contextual,False,pending,
26146,বাংলাদেসের নাসরা বেয়াদপ,Abusive,Community,Mild,মন্তব্যটির সামগ্রিক সুর ও ভাষা একটি সম্প্রদায় বা গোষ্ঠীর বিরুদ্ধে মাঝারি মাত্রার আক্রমণাত্মক বক্তব্য নির্দেশ করে।,rule-contextual,False,pending,
3504,ভোট চুন্নির কথা কেউ শুনবে না,Political Hate,,Mild,"রাজনৈতিক প্রেক্ষাপটে ""ভোট"" ব্যবহার করে প্রতি বিদ্বেষ প্রকাশ এই মন্তব্যকে মাঝারি মাত্রার রাজনৈতিক ঘৃণামূলক বক্তব্য করে তোলে।",rule-contextual,False,pending,
3058,বাংলাদেশের মতো আমেরিকা সৌদি আরবের বিরুদ্ধেও ষড়যন্ত্র শুরু করেছে আমেরিকার কথা না শুনলে এসব কাহিনী তৈরি করে,Political Hate,Community,Mild,মন্তব্যটি রাজনৈতিক ব্যক্তি বা দলের প্রতি একটি সম্প্রদায় বা গোষ্ঠীর বিরুদ্ধে মাঝারি মাত্রার ঘৃণামূলক দৃষ্টিভঙ্গি প্রকাশ করে।,rule-contextual,False,pending,
1656,জঙ্গি সন্ত্রাস ধরা পড়লে নুন্যতম ২০ বছর সশ্রম কারাদণ্ড দেওয়ার বিধান করতে হবে,Political Hate,Society,Mild,এই মন্তব্যে রাজনৈতিক প্রেক্ষাপটে সামগ্রিকভাবে সমাজ বা জাতির বিরুদ্ধে মাঝারি মাত্রার বিদ্বেষ ও ঘৃণা প্রকাশ করা হয়েছে।,rule-contextual,False,pending,
32459,দেও ভোট দেও আবার,Political Hate,Society,Little to None,"মন্তব্যটিতে ""ভোট"" উল্লেখ করে রাজনৈতিক বিদ্বেষ প্রকাশ করা হয়েছে। সমাজ বা জাতিকে লক্ষ্য করে এই মৃদু বা গৌণ মাত্রার রাজনৈতিক ঘৃণামূলক বক্তব্য।",rule-contextual,False,pending,
24019,জ্ঞান আর সার্টিফিকেট এক নয় এটাই তার প্রমাণ,,,Little to None,এই বাক্যে কোনো ঘৃণামূলক শব্দ বা আক্রমণাত্মক প্রকাশ নেই এবং এটি সাধারণ মতামত প্রকাশ করে।,rule-based,False,pending,
30023,মিথ্যা বাদি সরকার আর নাই দরকার,Abusive,Organization,Mild,"মন্তব্যটিতে ""সরকার"" এর মতো আক্রমণাত্মক ও গালিগালাজমূলক ভাষা ব্যবহার করা হয়েছে। এটি একটি সংগঠন বা প্রতিষ্ঠানের বিরুদ্ধে মাঝারি মাত্রার বক্তব্য।",rule-contextual,False,pending,
2216,সময় টিবি তো চামচা,Abusive,Organization,Mild,"এই বক্তব্যে নির্দিষ্ট সংগঠন বা প্রতিষ্ঠানকে প্রতি ""চামচা"" এর মতো আপত্তিকর শব্দচয়ন এটিকে মাঝারি মাত্রার আক্রমণাত্মক মন্তব্য হিসেবে শ্রেণিবদ্ধ করে।",rule-contextual,False,pending,
8398,আমরিকা তোমার আব্বা হয় তাই তাকে বল আমরিকা এসে তারেকে খমতাই বসিয়ে দিবে,Political Hate,Individual,Little to None,রাজনৈতিক বিষয়ে একটি নির্দিষ্ট ব্যক্তির বিরুদ্ধে মৃদু বা গৌণ মাত্রার বিদ্বেষপূর্ণ মনোভাব এই মন্তব্যে স্পষ্ট।,rule-contextual,False,pending,
27801,তোমরা দিলে দোষ নাই অন্য কেউ দিলেই বালে আগুন লাগে,Abusive,Community,Mild,"নির্দিষ্ট সম্প্রদায় বা গোষ্ঠীকে উদ্দেশ্যে ""বাল"", ""গু"" এর মতো চরম অশ্লীল ভাষা প্রয়োগ এই মন্তব্যকে মাঝারি মাত্রার অশ্লীল বক্তব্য হিসেবে শ্রেণিবদ্ধ করে।",rule-contextual,False,pending,
28496,জেগে ওঠ হামাস,,,Little to None,এই বাক্যে কোনো ঘৃণামূলক শব্দ বা আক্রমণাত্মক প্রকাশ নেই এবং এটি সাধারণ মতামত প্রকাশ করে।,rule-based,False,pending,
30171,আহারে খালেদা কি টিভিতে দেখতাছে এই অনুস্টান খালেদাত জানেইনা যে পারমানবিক বিদুত কি বা কাকে বলে খালেদাত বলে ফেলবে যে এই পারমানবিক বিদুত কেন্দ্র বানাইছে হাসিনা বিএনপির উপরে পারমানবিক বোমা মারার জন্য আমরা ক্ষমতায় গেলে এই বোমার কারখানা বন্ধ করে দিব,Political Hate,Individual,Severe,"রাজনৈতিক প্রেক্ষাপটে ""বিএনপি"", ""হাসিনা"", ""খালেদা"" ব্যবহার করে নির্দিষ্ট ব্যক্তিকে প্রতি বিদ্বেষ প্রকাশ এই মন্তব্যকে তীব্র ও গুরুতর মাত্রার রাজনৈতিক ঘৃণামূলক বক্তব্য করে তোলে।",rule-contextual,False,pending,
14344,সাংঘাতিক গুলো বেয়েদব,Abusive,Community,Severe,এই বক্তব্যে ব্যবহৃত ভাষা ও দৃষ্টিভঙ্গি একটি সম্প্রদায় বা গোষ্ঠীর বিরুদ্ধে তীব্র ও গুরুতর মাত্রার গালিগালাজমূলক মন্তব্য প্রকাশ করে।,rule-contextual,False,pending,
21516,সিনেমার টাইম নাই,,,Little to None,এই বাক্যে কোনো ঘৃণামূলক শব্দ বা আক্রমণাত্মক প্রকাশ নেই এবং এটি সাধারণ মতামত প্রকাশ করে।,rule-based,False,pending,
13200,পাকিস্তান একটি সন্ত্রাস বাদী দেশ যেখানে যারা মস্তান জন্ম দেয় আর বাংলাদেশ তো মিনি পাকিস্তান,Abusive,Organization,Severe,মন্তব্যটির সামগ্রিক সুর ও ভাষা একটি সংগঠন বা প্রতিষ্ঠানের বিরুদ্ধে তীব্র ও গুরুতর মাত্রার আক্রমণাত্মক বক্তব্য নির্দেশ করে।,rule-contextual,False,pending,
4982,ভালোইত বাইরে থেকে আসলেত গরুর মাংসের দাম কমবে,,,Little to None,"এই মন্তব্যে কোনো ঘৃণামূলক, আক্রমণাত্মক বা বৈষম্যমূলক ভাষা নেই, তাই এটি স্বাভাবিক মন্তব্য হিসেবে শ্রেণিবদ্ধ।",rule-based,False,pending,
6258,প্রতি ম্যাচে প্যানাল্টি দেয়ার পরও এই অভিযোগ করলো মেসি খেলাইফির ক্ষুব্ধ হওয়া যুক্তি সংগত,,,Little to None,"এই মন্তব্যে কোনো আপত্তিকর, অশ্লীল বা ঘৃণাজনক বিষয়বস্তু নেই এবং এটি স্বাভাবিক আলোচনার অংশ।",rule-based,False,pending,
30699,ইন্নালিল্লাহী ওয়া ইন্না ইলাহি রাজিউন,,,Little to None,"মন্তব্যটিতে কোনো গালিগালাজ, বিদ্বেষ বা আপত্তিকর বিষয়বস্তু পাওয়া যায়নি বলে এটি নিরপেক্ষ মন্তব্য।",rule-based,False,pending,
14917,দারুণ কন্ঠ রিপোর্টারের,,,Little to None,"মন্তব্যটিতে কোনো নির্দিষ্ট ব্যক্তি, গোষ্ঠী বা সম্প্রদায়ের বিরুদ্ধে ঘৃণা বা বিদ্বেষ প্রকাশ পায়নি।",rule-based,False,pending,
25451,হুম ডিপজল যাবে,,,Little to None,"মন্তব্যটিতে কোনো গালিগালাজ, বিদ্বেষ বা আপত্তিকর বিষয়বস্তু পাওয়া যায়নি বলে এটি নিরপেক্ষ মন্তব্য।",rule-based,False,pending,
15832,যেখানে দীন ইসলাম ওইখানে সন্ত্রাসী কার্যকলাপ পৃথিবীতে দ্বীন ইসলাম ত্যাগ করতে হবে দীন ইসলাম মানেই সন্ত্রাসী,Religious Hate,Community,Severe,"ধর্মীয় প্রেক্ষাপটে ""ইসলাম"" ব্যবহার করে নির্দিষ্ট সম্প্রদায় বা গোষ্ঠীকে প্রতি সাম্প্রদায়িক বিদ্বেষ প্রকাশ এটিকে তীব্র ও গুরুতর মাত্রার ধর্মীয় ঘৃণামূলক বক্তব্য হিসেবে চিহ্নিত করে।",rule-contextual,False,pending,
16281,জনগণ তোর মুখে হাগু করার জন্য রেডি হয়ে আছে ফালতু বেয়াদব,Abusive,Individual,Severe,"এই মন্তব্যের ভাষা ও সুর আক্রমণাত্মক এবং অবমাননাকর, যা একটি নির্দিষ্ট ব্যক্তির বিরুদ্ধে তীব্র ও গুরুতর মাত্রার গালিগালাজমূলক বক্তব্য হিসেবে চিহ্নিত।",rule-contextual,False,pending,
27576,আচ্ছা ভাইয়েরা বর্তমানে পৃথিবীতে দেশ কতটি,,,Little to None,"এই মন্তব্যে কোনো ঘৃণামূলক, আক্রমণাত্মক বা বৈষম্যমূলক ভাষা নেই, তাই এটি স্বাভাবিক মন্তব্য হিসেবে শ্রেণিবদ্ধ।",rule-based,False,pending,
712,অকৃতজ্ঞ লোকরাই কেবল শেখ হাসিনার উন্নয়ন অস্বীকার করবে,Political Hate,Organization,Mild,"মন্তব্যকারী ""হাসিনা"" এর প্রসঙ্গে নির্দিষ্ট সংগঠন বা প্রতিষ্ঠানকে সম্পর্কে মাঝারি মাত্রার রাজনৈতিক বিদ্বেষ ও ঘৃণা প্রকাশ করেছেন।",rule-contextual,False,pending,
23645,এতো কথাই বলতে পারে না আর প্রশ্ন করল সেডাইবা কে,Abusive,Individual,Little to None,মন্তব্যটির সামগ্রিক সুর ও ভাষা একটি নির্দিষ্ট ব্যক্তির বিরুদ্ধে মৃদু বা গৌণ মাত্রার আক্রমণাত্মক বক্তব্য নির্দেশ করে।,rule-contextual,False,pending,
30818,ফালতু ও সম্পূর্ণ মিথ্যা নিউজ দালাল মিডিয়া,Abusive,Organization,Severe,"এই বক্তব্যে নির্দিষ্ট সংগঠন বা প্রতিষ্ঠানকে প্রতি ""দালাল"" এর মতো আপত্তিকর শব্দচয়ন এটিকে তীব্র ও গুরুতর মাত্রার আক্রমণাত্মক মন্তব্য হিসেবে শ্রেণিবদ্ধ করে।",rule-contextual,False,pending,
4390,যেখানে গণতন্ত্র নেই ওইখানে গণতান্ত্রিক নির্বাচন আসবে কোত্থেকে যেখানে বৈধ নির্বাচন নেই ওইখানে নির্বাচনের নীতিমালা আসবে কোত্থেকে যেখানে বাকস্বাধীনতা নাই ওইখানে সাংবাদিকতা আসবে কোত্থেকে এখন সাংবাদিকতার নামে চাটু কারিতা সরকারের করা হচ্ছে একটা সময় আসবে সাংবাদিকতা নামে আর কিছুই থাকবে না এখন যেভাবে বহুদলীয় গণতন্ত্রের পরিবর্তে একদলীয় অপশাসন শুরু হয়েছে তেমনিভাবে সময় আর বেশি দূর নেই বহু ব্যক্তির বক্তৃতা কে বাদ দিয়ে এক ব্যক্তির বক্তৃতা শাসন ব্যবস্থা হিসেবে শুরু হবে,Abusive,Society,Mild,"মন্তব্যটিতে ""সরকার"", ""নির্বাচন"" এর মতো আক্রমণাত্মক ও গালিগালাজমূলক ভাষা ব্যবহার করা হয়েছে। এটি সামগ্রিকভাবে সমাজ বা জাতির বিরুদ্ধে মাঝারি মাত্রার বক্তব্য।",rule-contextual,False,pending,
6469,ইসরায়েলের বোমার ভয়ে আল্লাহ অনেক দূরে পালিয়ে গেছে,Religious Hate,Individual,Severe,মন্তব্যটি ধর্মীয় বিষয়ে একটি নির্দিষ্ট ব্যক্তির বিরুদ্ধে তীব্র ও গুরুতর মাত্রার ঘৃণামূলক দৃষ্টিভঙ্গি প্রকাশ করে।,rule-contextual,False,pending,
19766,এই জন্য খেলা দেখতে চাইনা কিন্তু বাস্তবে তা পারিনা এজন্য ই এত কষ্ট পাই,,,Little to None,"মন্তব্যটিতে কোনো নির্দিষ্ট ব্যক্তি, গোষ্ঠী বা সম্প্রদায়ের বিরুদ্ধে ঘৃণা বা বিদ্বেষ প্রকাশ পায়নি।",rule-based,False,pending,
3715,দাদারা দিলে তো ফুটকি পাইরা গেল নিতে হবে কারণ দাদারা দিতে আছে না তো করলে দাদাদের থেকে পুটকির ফাইটা রক্ত বাইর হইয়া যায় তারপরও আনবে কারণ দাদারা দিতে আছে হিন্দুস্তানের দাদা দাদার কথা শুনলে তো কুকুর লীগের পতিতার বাচ্চাদের মাথা সই থাকে না মা বোনদের বোদা দিয়ে রাখে তার কাদার ওই পাশে বিয়ের আগে শুধু মুক্তা,Gender Hate,Organization,Severe,"মন্তব্যটিতে ""হিন্দু"", ""লীগ"" এর মতো লিঙ্গ বৈষম্যমূলক ও যৌনতাবাদী ভাষা ব্যবহার করা হয়েছে। এটি একটি সংগঠন বা প্রতিষ্ঠানের বিরুদ্ধে তীব্র ও গুরুতর মাত্রার বক্তব্য।",rule-contextual,False,pending,
5742,কাটা দিয়ে কাটা তোলা বৈ কি,Abusive,,Mild,"এই মন্তব্যের ভাষা ও সুর আক্রমণাত্মক এবং অবমাননাকর, যা সাধারণভাবে মাঝারি মাত্রার গালিগালাজমূলক বক্তব্য হিসেবে চিহ্নিত।",rule-contextual,False,pending,
33320,আলহামদুলিল্লাহআমার মনে ম্যাচ টা জয়ে মোস্তাফিজ কে ভুলে গিলে হবে না অভিনন্দন বাংলাদেশ,,,Little to None,"মন্তব্যটিতে কোনো নির্দিষ্ট ব্যক্তি, গোষ্ঠী বা সম্প্রদায়ের বিরুদ্ধে ঘৃণা বা বিদ্বেষ প্রকাশ পায়নি।",rule-based,False,pending,
26535,কথাগুলো তুলে রাখলাম কমেন্ট এমন ভুলের ঘূর্ণি পাকে যেন না পড়েন,,,Little to None,"এই মন্তব্যে কোনো ঘৃণামূলক, আক্রমণাত্মক বা বৈষম্যমূলক ভাষা নেই, তাই এটি স্বাভাবিক মন্তব্য হিসেবে শ্রেণিবদ্ধ।",rule-based,False,pending,
15259,সময় টিভি আল্লাহ আপনাদের বিচার করবেন আপনারা বর্তমান সরকারের দালাল,Abusive,Organization,Mild,"এই মন্তব্যে ""দালাল"" শব্দ ব্যবহার করে নির্দিষ্ট সংগঠন বা প্রতিষ্ঠানকে অবমাননা করা হয়েছে, যা মাঝারি মাত্রার আক্রমণাত্মক ভাষা নির্দেশ করে।",rule-contextual,False,pending,
7147,যারা শাকিবের সাথে তামিমের তুলনা করে তারা ক্রিকেট খেলায় বোঝেনা,,,Little to None,মন্তব্যটি সাধারণ মতামত প্রকাশ করে এবং এতে কোনো ঘৃণা বা সহিংসতামূলক উপাদান নেই।,rule-based,False,pending,
29439,হেআল্লাহ তুমি আমাদের মুসলিম ভাইদের রক্ষা করুন,,,Little to None,মন্তব্যটি সাধারণ মতামত প্রকাশ করে এবং এতে কোনো ঘৃণা বা সহিংসতামূলক উপাদান নেই।,rule-based,False,pending,
8586,শত করা ২০ জনও যাবে না ভোট কেন্দ্রে,Political Hate,Organization,Mild,"এই মন্তব্যে ""ভোট"" সম্পর্কিত রাজনৈতিক ঘৃণা প্রকাশ পেয়েছে যেখানে নির্দিষ্ট সংগঠন বা প্রতিষ্ঠানকে আক্রমণের লক্ষ্যবস্তু। তীব্রতা মাঝারি মাত্রার।",rule-contextual,False,pending,
7114,এআনে যারা উপস্থিত তার মধ্যে থেকে ৫ ভোটও আওয়ামী লীগ পাবেনা এরা আসছে ১ হাজার টাকা আর বিরানির লোভে,Political Hate,Organization,Mild,"নির্দিষ্ট সংগঠন বা প্রতিষ্ঠানকে বিরুদ্ধে ""লীগ"", ""ভোট"" এর মতো রাজনৈতিক বিদ্বেষমূলক শব্দ ব্যবহার করা হয়েছে। এটি মাঝারি মাত্রার রাজনৈতিক ঘৃণা প্রকাশ করে।",rule-contextual,False,pending,
12653,জেতা আলেমকে জেলে রেখে মরা আলেম নিয়ে পাগল হাচিনা মাগি,Abusive,Individual,Severe,"মন্তব্যকারী ""পাগল"" ব্যবহার করে নির্দিষ্ট ব্যক্তিকে অশ্লীলভাবে আক্রমণ করেছেন। ভাষার মাত্রা তীব্র ও গুরুতর মাত্রার অশ্লীলতা নির্দেশ করে।",rule-contextual,False,pending,
27785,এই বিষয়ে আওয়ামী লীগের পক্ষ থেকে কাউ কাউয়া কাদেরসহ কারো কোন বক্তব্য এখনো আসেনি কেন জনগণ জানতে চায়,Political Hate,Organization,Little to None,"মন্তব্যকারী ""আওয়ামী"", ""লীগ"" এর প্রসঙ্গে নির্দিষ্ট সংগঠন বা প্রতিষ্ঠানকে সম্পর্কে মৃদু বা গৌণ মাত্রার রাজনৈতিক বিদ্বেষ ও ঘৃণা প্রকাশ করেছেন।",rule-contextual,False,pending,
6155,মিগ আর কিছু প্রশিক্ষণ বিমান দিয়ে প্রতি বছর বিজয় দিবস আর সাধীনতা দিবস উজ্জাপন করে আর কোন হেডাও নাই,Abusive,,Mild,এই বক্তব্যে ব্যবহৃত অশ্লীল ভাষা সাধারণভাবে মাঝারি মাত্রার কুরুচিপূর্ণ মন্তব্য নির্দেশ করে।,rule-contextual,False,pending,
33995,স্বামী মারচ্ছেস্বামী কর্তৃক স্ত্রীর প্রতি ভালোবাসা,,,Little to None,"মন্তব্যটিতে কোনো নির্দিষ্ট ব্যক্তি, গোষ্ঠী বা সম্প্রদায়ের বিরুদ্ধে ঘৃণা বা বিদ্বেষ প্রকাশ পায়নি।",rule-based,False,pending,
22353,এই দেশগুলো তারা রাতের বেলা বুট খায় না আপনার মতন তো এগুলা দেশ নিয়ে কত হইব কেন আপনার মত না তো,,,Little to None,এই বাক্যে কোনো ঘৃণামূলক শব্দ বা আক্রমণাত্মক প্রকাশ নেই এবং এটি সাধারণ মতামত প্রকাশ করে।,rule-based,False,pending,
14353,কিছুই বলার নেই এই ভাবেই দেশ পরিচালিত হচ্ছে স্বাধীন হওয়ার পর থেকেই যে যখন যেভাবে পারে সেভাবে লুটেপুটে খাই,Abusive,Society,Mild,এই বক্তব্যে ব্যবহৃত ভাষা ও দৃষ্টিভঙ্গি সামগ্রিকভাবে সমাজ বা জাতির বিরুদ্ধে মাঝারি মাত্রার গালিগালাজমূলক মন্তব্য প্রকাশ করে।,rule-contextual,False,pending,
2791,এখন বিম্পিদের জলবে জয় ইসলাম,Political Hate,Organization,Little to None,"মন্তব্যটিতে ""ইসলাম"" এর মতো রাজনৈতিক ঘৃণামূলক ভাষা ব্যবহার করা হয়েছে। এটি একটি সংগঠন বা প্রতিষ্ঠানের বিরুদ্ধে মৃদু বা গৌণ মাত্রার বক্তব্য।",rule-contextual,False,pending,
31942,আমরা নিজের ভোট নিজে দিতে চায়,,,Little to None,মন্তব্যকারী সাধারণ বিষয়ে মতামত দিয়েছেন এবং কোনো ঘৃণামূলক বক্তব্য প্রকাশ করেননি।,rule-based,False,pending,
21206,এই খানকির পুতের শরম নাই,Abusive,Individual,Severe,"এই মন্তব্যে ""খানকি"" জাতীয় অশ্লীল শব্দ ব্যবহার করে নির্দিষ্ট ব্যক্তিকে অবমাননা করা হয়েছে, যা তীব্র ও গুরুতর মাত্রার কুরুচিপূর্ণ ভাষা নির্দেশ করে।",rule-contextual,False,pending,
21694,তেল কিনেছেন তাহলে সেগুলো কইএখন মানুষ কেন কষ্ট করছে,,,Little to None,"এই মন্তব্যে কোনো ঘৃণামূলক, আক্রমণাত্মক বা বৈষম্যমূলক ভাষা নেই, তাই এটি স্বাভাবিক মন্তব্য হিসেবে শ্রেণিবদ্ধ।",rule-based,False,pending,
33603,পুটকির মদ্ধে সাদা কালা,Abusive,,Mild,মন্তব্যটিতে সাধারণভাবে মাঝারি মাত্রার অশ্লীল শব্দচয়ন ও কুরুচিপূর্ণ ভাষা ব্যবহার করা হয়েছে।,rule-contextual,False,pending,
6178,এত খারাপ হয় কিভাবে মানুষ একটুও বুক কাপলো না অই জানোয়ারদের হজম করতে পারবে এই অসহায় মানুষদের টাকা মেরে খেয়ে,Abusive,Community,Severe,"মন্তব্যকারী ""খারাপ"" ব্যবহার করে নির্দিষ্ট সম্প্রদায় বা গোষ্ঠীকে অশ্লীলভাবে আক্রমণ করেছেন। ভাষার মাত্রা তীব্র ও গুরুতর মাত্রার অশ্লীলতা নির্দেশ করে।",rule-contextual,False,pending,
25772,হামলা চালিয়ে যাও রাশিয়া জয় তোমার,,,Little to None,"এই মন্তব্যে কোনো আপত্তিকর, অশ্লীল বা ঘৃণাজনক বিষয়বস্তু নেই এবং এটি স্বাভাবিক আলোচনার অংশ।",rule-based,False,pending,
6658,হারুনের সবকিছু তলব করেন,Abusive,Individual,Little to None,মন্তব্যটির সামগ্রিক সুর ও ভাষা একটি নির্দিষ্ট ব্যক্তির বিরুদ্ধে মৃদু বা গৌণ মাত্রার আক্রমণাত্মক বক্তব্য নির্দেশ করে।,rule-contextual,False,pending,
10919,কিসের ব্যবধান কার সাথে ব্যবধান জয় বাংলা জয় হিন্দ,,,Little to None,"এই মন্তব্যে কোনো আপত্তিকর, অশ্লীল বা ঘৃণাজনক বিষয়বস্তু নেই এবং এটি স্বাভাবিক আলোচনার অংশ।",rule-based,False,pending,
13943,অপুর্ব অপু ভাইয়ের রিপোর্টগুলি আমাকে মুগ্ধকরেঅপু ভাই মানুষ অনেক ভালো আমি ভাইয়ের ভক্ত৷,,,Little to None,মন্তব্যকারী সাধারণ বিষয়ে মতামত দিয়েছেন এবং কোনো ঘৃণামূলক বক্তব্য প্রকাশ করেননি।,rule-based,False,pending,
31157,শান্তিময় হোক গোটা পৃথিবী,,,Little to None,মন্তব্যটি সাধারণ মতামত প্রকাশ করে এবং এতে কোনো ঘৃণা বা সহিংসতামূলক উপাদান নেই।,rule-based,False,pending,
3706,সালা দালাল মিডিয়া কে কে বরিয়ে গেছে তাদের সন্ধান দে এবং তাদের ডিটেইলস দে,Abusive,Organization,Mild,"মন্তব্যটিতে ""দালাল"" এর মতো অশ্লীল ও কুরুচিপূর্ণ ভাষা ব্যবহার করে নির্দিষ্ট সংগঠন বা প্রতিষ্ঠানকে আক্রমণ করা হয়েছে। এটি মাঝারি মাত্রার অশ্লীল বক্তব্য।",rule-contextual,False,pending,
2907,ধর্মটাকে বেঁচে খায়ছোটলোক,Abusive,Individual,Severe,"মন্তব্যটিতে ""ধর্ম"" এর মতো আক্রমণাত্মক ও গালিগালাজমূলক ভাষা ব্যবহার করা হয়েছে। এটি একটি নির্দিষ্ট ব্যক্তির বিরুদ্ধে তীব্র ও গুরুতর মাত্রার বক্তব্য।",rule-contextual,False,pending,
13740,ভাই রে ভাই নিজের পুটকির হিসাব নেই আসছে আমেরিকার খবর নিয়ে আগে নিজের দেশ এর চিন্তা কর বেডা,Abusive,Individual,Severe,মন্তব্যটিতে একটি নির্দিষ্ট ব্যক্তির বিরুদ্ধে তীব্র ও গুরুতর মাত্রার অশ্লীল শব্দচয়ন ও কুরুচিপূর্ণ ভাষা ব্যবহার করা হয়েছে।,rule-contextual,False,pending,
30337,তিস্তা নিয়ে এতো অভিনয় এর শেষ নেই,Abusive,Community,Mild,"এই মন্তব্যের ভাষা ও সুর আক্রমণাত্মক এবং অবমাননাকর, যা একটি সম্প্রদায় বা গোষ্ঠীর বিরুদ্ধে মাঝারি মাত্রার গালিগালাজমূলক বক্তব্য হিসেবে চিহ্নিত।",rule-contextual,False,pending,
26323,চোরেরা কথা বলে ধোয়া তুলসী পাতার মতো মনে হয় সব দোষ জনগণের,Political Hate,Organization,Mild,"মন্তব্যটিতে ""চোর"" উল্লেখ করে রাজনৈতিক বিদ্বেষ প্রকাশ করা হয়েছে। নির্দিষ্ট সংগঠন বা প্রতিষ্ঠানকে লক্ষ্য করে এই মাঝারি মাত্রার রাজনৈতিক ঘৃণামূলক বক্তব্য।",rule-contextual,False,pending,
18669,সরকার পদত্যাগ দরকার,Political Hate,Organization,Little to None,"মন্তব্যটিতে ""সরকার"" উল্লেখ করে রাজনৈতিক বিদ্বেষ প্রকাশ করা হয়েছে। নির্দিষ্ট সংগঠন বা প্রতিষ্ঠানকে লক্ষ্য করে এই মৃদু বা গৌণ মাত্রার রাজনৈতিক ঘৃণামূলক বক্তব্য।",rule-contextual,False,pending,
8532,ইনশাআল্লাহ কাপ আমাদেরমেসির ভক্তরদের বলছি দোয়া করিয়েন,,,Little to None,এটি একটি নিরপেক্ষ মন্তব্য যেখানে কাউকে লক্ষ্য করে কোনো অবমাননাকর বা বৈষম্যমূলক ভাষা ব্যবহার করা হয়নি।,rule-based,False,pending,
25136,আল্লা কি ইসরাইলদের সঙ্গে পেরে উঠছে না,Religious Hate,Individual,Severe,এই মন্তব্যে ধর্মীয় প্রেক্ষাপটে একটি নির্দিষ্ট ব্যক্তির বিরুদ্ধে তীব্র ও গুরুতর মাত্রার সাম্প্রদায়িক বিদ্বেষ প্রকাশ করা হয়েছে।,rule-contextual,False,pending,
6782,গম চোরা কামরুলের সময় টিভি মিথ্যা সংবাদ প্রচার করে হাসিনা কে বাঁচাতে যাচ্ছে তার পরেও কি হাসিনা শেষ রক্ষা হবে,Abusive,Individual,Mild,"এই মন্তব্যে ""চোর"" শব্দ ব্যবহার করে নির্দিষ্ট ব্যক্তিকে অবমাননা করা হয়েছে, যা মাঝারি মাত্রার আক্রমণাত্মক ভাষা নির্দেশ করে।",rule-contextual,False,pending,
27363,ঠেলার নাম বাবাজি,,,Little to None,"মন্তব্যটিতে কোনো নির্দিষ্ট ব্যক্তি, গোষ্ঠী বা সম্প্রদায়ের বিরুদ্ধে ঘৃণা বা বিদ্বেষ প্রকাশ পায়নি।",rule-based,False,pending,
9295,হেডা দে হাম্বা টিভি,Abusive,Organization,Severe,মন্তব্যটিতে একটি সংগঠন বা প্রতিষ্ঠানের বিরুদ্ধে তীব্র ও গুরুতর মাত্রার অশ্লীল শব্দচয়ন ও কুরুচিপূর্ণ ভাষা ব্যবহার করা হয়েছে।,rule-contextual,False,pending,
33429,ওর মত একটা নাস্তিক এই দেশে জন্ম নিওয়া টা ভুল বাংলা দেশের ৯৫ মানুষ ওর জন্য কোন দিন দুআ করবে না,Religious Hate,Society,Mild,ধর্ম ও সম্প্রদায় সম্পর্কে সামগ্রিকভাবে সমাজ বা জাতির বিরুদ্ধে মাঝারি মাত্রার বিদ্বেষপূর্ণ মনোভাব এই মন্তব্যে প্রকাশিত।,rule-contextual,False,pending,
26404,যিনি খুতবা দিচ্ছেন তিনি ব্যক্তি জীবনে অসম্ভব বিতর্কিত একজন মানুষ হজ্জের খুতবাটা আরও পরহেজগারনীতিবানজ্ঞানী ও সৎ সাহসী আল্লাহভীরু একজন আলেমের কাছ থেকে আশা করেছিলাম কিন্তু সৌদি সৈরশাসক যারা আলেমেদের নিয়ন্ত্রণ করে তারা কখনোই এমন কাওকে নির্বাচিত করবে না,,,Little to None,মন্তব্যটি সাধারণ মতামত প্রকাশ করে এবং এতে কোনো ঘৃণা বা সহিংসতামূলক উপাদান নেই।,rule-based,False,pending,
16421,ভারতের দেমাগ শেষ,Abusive,Society,Mild,এই বক্তব্যে ব্যবহৃত ভাষা ও দৃষ্টিভঙ্গি সামগ্রিকভাবে সমাজ বা জাতির বিরুদ্ধে মাঝারি মাত্রার গালিগালাজমূলক মন্তব্য প্রকাশ করে।,rule-contextual,False,pending,
8809,বিদ্যুৎ খাতে বরাদ্দের টাকা আপনি কি সুইস ব্যাংকে পাচার কইরা দিছেন মনে হয়,,,Little to None,মন্তব্যকারী সাধারণ বিষয়ে মতামত দিয়েছেন এবং কোনো ঘৃণামূলক বক্তব্য প্রকাশ করেননি।,rule-based,False,pending,
5972,তোমরা শালাটা কিছুই করতে পারবানা শুধু ভকর ভকর আল্লার কাছে একদিন জবাব দিহি করতে হবে তোমাদের জন্য বিদ্রাছাম রেড়ি আছে এটাই নাস্তব,Abusive,Individual,Mild,"মন্তব্যটিতে ""শালা"", ""শালা"" এর মতো অশ্লীল ও কুরুচিপূর্ণ ভাষা ব্যবহার করে নির্দিষ্ট ব্যক্তিকে আক্রমণ করা হয়েছে। এটি মাঝারি মাত্রার অশ্লীল বক্তব্য।",rule-contextual,False,pending,
32597,মিয়ানমার দেশটা কেন এমন,,,Little to None,"এই মন্তব্যে কোনো আপত্তিকর, অশ্লীল বা ঘৃণাজনক বিষয়বস্তু নেই এবং এটি স্বাভাবিক আলোচনার অংশ।",rule-based,False,pending,
24232,ওদের পাছা দিয়ে গরম ডিম দিয়া আদর করলে ভালো হয়,Abusive,Individual,Severe,এই মন্তব্যে অশ্লীল ও কুরুচিপূর্ণ ভাষা ব্যবহার করে একটি নির্দিষ্ট ব্যক্তির বিরুদ্ধে তীব্র ও গুরুতর মাত্রার আপত্তিকর বক্তব্য প্রকাশ করা হয়েছে।,rule-contextual,False,pending,
16641,চোর এমনই হয়,Abusive,Individual,Mild,"মন্তব্যকারী ""চোর"" ব্যবহার করে নির্দিষ্ট ব্যক্তিকে আক্রমণ করেছেন। ভাষার তীব্রতা মাঝারি মাত্রার বলে প্রতীয়মান।",rule-contextual,False,pending,
6835,আমরা পড়াশোনা করিনি তখন অন্যায় পড়ার জন্য বেত দিয়ে পিটাতআমরা কি মরে গেছি এইটুকু শাসনে এখন শাসন তো দূরের কথা ক্লাসে বেত নিয়ে যাওয়া নিষেধ তাই এখন ছাএ রাই শিক্ষক পিটারভালতো শিক্ষা জাতীয় উন্নয়ন বাকি শিক্ষকরা চাকুরী বাঁচানোর জন্য মিথ্যা বলে যাচ্ছেধিক্কার জানাই এসব শিক্ষাব্যবস্থার,,,Little to None,"মন্তব্যটিতে কোনো নির্দিষ্ট ব্যক্তি, গোষ্ঠী বা সম্প্রদায়ের বিরুদ্ধে ঘৃণা বা বিদ্বেষ প্রকাশ পায়নি।",rule-based,False,pending,
20675,সক্ষমতার আরও একটা উদহারন বাংলাদেশ আরও এগিয়ে যাবে ২০০২২০০৬ সেই দুঃসহ ২০১৩২০১৪ আগুন সন্ত্রাসের সেই দুঃস্বপ্নের দিনে ফিরে যেতে চাই না,Political Hate,,Little to None,এই মন্তব্যে রাজনৈতিক প্রেক্ষাপটে সাধারণভাবে মৃদু বা গৌণ মাত্রার বিদ্বেষ ও ঘৃণা প্রকাশ করা হয়েছে।,rule-contextual,False,pending,
6377,আনলিমিটেট গাজা খাইছে,Abusive,Individual,Little to None,এই বক্তব্যে ব্যবহৃত ভাষা ও দৃষ্টিভঙ্গি একটি নির্দিষ্ট ব্যক্তির বিরুদ্ধে মৃদু বা গৌণ মাত্রার গালিগালাজমূলক মন্তব্য প্রকাশ করে।,rule-contextual,False,pending,
2499,সাউন্ডতো আগে ভাল ছিল আজ এত দুর্বল কেন শুনতে ইচ্ছা করছেনা আজকের মত বাদ ডিসলাইক দিলাম,Abusive,Organization,Severe,"এই মন্তব্যের ভাষা ও সুর আক্রমণাত্মক এবং অবমাননাকর, যা একটি সংগঠন বা প্রতিষ্ঠানের বিরুদ্ধে তীব্র ও গুরুতর মাত্রার গালিগালাজমূলক বক্তব্য হিসেবে চিহ্নিত।",rule-contextual,False,pending,
12239,এত খেলে এই রকম হবে এটাই স্বাভাবিক,,,Little to None,"মন্তব্যটিতে কোনো গালিগালাজ, বিদ্বেষ বা আপত্তিকর বিষয়বস্তু পাওয়া যায়নি বলে এটি নিরপেক্ষ মন্তব্য।",rule-based,False,pending,
18174,আমরা বরাবর ভারতের গুলাম,Abusive,Society,Severe,এই বক্তব্যে ব্যবহৃত ভাষা ও দৃষ্টিভঙ্গি সামগ্রিকভাবে সমাজ বা জাতির বিরুদ্ধে তীব্র ও গুরুতর মাত্রার গালিগালাজমূলক মন্তব্য প্রকাশ করে।,rule-contextual,False,pending,
17187,ভারত বাংলাদেশের সাথে এমন কোনো চুক্তি করবে নাযেটা বাংলাদেশ উপকূত হবে,,,Little to None,"এই মন্তব্যে কোনো আপত্তিকর, অশ্লীল বা ঘৃণাজনক বিষয়বস্তু নেই এবং এটি স্বাভাবিক আলোচনার অংশ।",rule-based,False,pending,
31029,দেনমোহর নারীদের দিতেই হবে এটা তাদের হক্,,,Little to None,মন্তব্যটি সাধারণ মতামত প্রকাশ করে এবং এতে কোনো ঘৃণা বা সহিংসতামূলক উপাদান নেই।,rule-based,False,pending,
26700,বাংলাদেশের ক্রিকেটার রা কলা খাও,Abusive,Community,Severe,মন্তব্যটির সামগ্রিক সুর ও ভাষা একটি সম্প্রদায় বা গোষ্ঠীর বিরুদ্ধে তীব্র ও গুরুতর মাত্রার আক্রমণাত্মক বক্তব্য নির্দেশ করে।,rule-contextual,False,pending,
22848,সুধু ঢাকায় নয় একই অবস্থা খুলনায় বটিয়াঘাটা উপজেলার ফসলি জমি আবসন প্লেট করার মহা উতসব প্রসাশর নিরব,,,Little to None,এটি একটি নিরপেক্ষ মন্তব্য যেখানে কাউকে লক্ষ্য করে কোনো অবমাননাকর বা বৈষম্যমূলক ভাষা ব্যবহার করা হয়নি।,rule-based,False,pending,
35283,সময় টিভির ভূয়া সংবাদ,Abusive,Organization,Mild,"এই মন্তব্যের ভাষা ও সুর আক্রমণাত্মক এবং অবমাননাকর, যা একটি সংগঠন বা প্রতিষ্ঠানের বিরুদ্ধে মাঝারি মাত্রার গালিগালাজমূলক বক্তব্য হিসেবে চিহ্নিত।",rule-contextual,False,pending,
12575,স্মার্ট লেনদেন নাকি মানুষকে ফতুর করার প্ল্যান বাস্তবায়ন ক্যাশলেস সিস্টেমটা কিন্তু ভাইয়া মানুষকে ফতুর করার একটি পরিকল্পনা এই ক্যাশলেস হলে সাধারন মানুষ এই সিস্টেমের দাসে পরিনত হয়ে যাবে তখন সিস্টেমের মেইন সুইচ থাকবে হাসিনা আর জয়ের মত কিছু দুর্বৃত্তের হাতে তখন মানুষ তাদের কথা না মেনে চললে তাকে তারা এক মূহুর্তে ফতুর করে ফেলবে কারন তারা চায় এদেশের মানুষকে তাদের দাস করে রাখতে এখন আপনি ঠিক করুন ক্যাশ টাকা বা সম্পদ আপনার নিজের কাছে রেখে নিরাপদে থাকবেন নাকি তাদের ক্যাশলেস সিস্টেমের দাস হবেন,Abusive,Organization,Little to None,"মন্তব্যটিতে ""হাসিনা"" এর মতো আক্রমণাত্মক ও গালিগালাজমূলক ভাষা ব্যবহার করা হয়েছে। এটি একটি সংগঠন বা প্রতিষ্ঠানের বিরুদ্ধে মৃদু বা গৌণ মাত্রার বক্তব্য।",rule-contextual,False,pending,
29784,আমরা সাধারন জনগন এই অবরোধকে সমর্থন করলাম আমরা আমাদের ভোটের অধিকার ফেরত চাই,Political Hate,Society,Little to None,"এই মন্তব্যে ""ভোট"" সম্পর্কিত রাজনৈতিক ঘৃণা প্রকাশ পেয়েছে যেখানে সমাজ বা জাতিকে আক্রমণের লক্ষ্যবস্তু। তীব্রতা মৃদু বা গৌণ মাত্রার।",rule-contextual,False,pending,
33130,মালায়ুনদের হাতে কেউ নিরাপদ না,Abusive,Community,Severe,মন্তব্যটিতে একটি সম্প্রদায় বা গোষ্ঠীর বিরুদ্ধে তীব্র ও গুরুতর মাত্রার অশ্লীল শব্দচয়ন ও কুরুচিপূর্ণ ভাষা ব্যবহার করা হয়েছে।,rule-contextual,False,pending,
24988,বাহ তাহলে ভালোই হবে রাতে ভোট দেওয়া হবে,Political Hate,Society,Mild,"মন্তব্যকারী ""ভোট"" এর প্রসঙ্গে সমাজ বা জাতিকে সম্পর্কে মাঝারি মাত্রার রাজনৈতিক বিদ্বেষ ও ঘৃণা প্রকাশ করেছেন।",rule-contextual,False,pending,
20984,আল্লাহর সাথে ডাইরেক শিরিক করলে শেখ হাসিনার দৃষ্টি কিরে আল্লাহর দিকে সরন হয় শেখ হাসিনা কিছুই না,,,Little to None,"মন্তব্যটিতে কোনো নির্দিষ্ট ব্যক্তি, গোষ্ঠী বা সম্প্রদায়ের বিরুদ্ধে ঘৃণা বা বিদ্বেষ প্রকাশ পায়নি।",rule-based,False,pending,
6081,সাংবাদিক দস্তগীর জাহাঙ্গীর ভাইকে অসংখ্য ধন্যবাদ,,,Little to None,"মন্তব্যটিতে কোনো নির্দিষ্ট ব্যক্তি, গোষ্ঠী বা সম্প্রদায়ের বিরুদ্ধে ঘৃণা বা বিদ্বেষ প্রকাশ পায়নি।",rule-based,False,pending,
10004,নতুন করে কোচ দের উপর দোষ ছাপাতে এইসব নাটক সাকিব তোমার নাটক গুলো একন আর খবেনা জনগণর,Abusive,Individual,Mild,"এই মন্তব্যের ভাষা ও সুর আক্রমণাত্মক এবং অবমাননাকর, যা একটি নির্দিষ্ট ব্যক্তির বিরুদ্ধে মাঝারি মাত্রার গালিগালাজমূলক বক্তব্য হিসেবে চিহ্নিত।",rule-contextual,False,pending,
14089,রতনে রতন চিনেভারতে চিনে হাসু,,,Little to None,"মন্তব্যটিতে কোনো গালিগালাজ, বিদ্বেষ বা আপত্তিকর বিষয়বস্তু পাওয়া যায়নি বলে এটি নিরপেক্ষ মন্তব্য।",rule-based,False,pending,
27840,কানাইঘাট ১টা এস আই পিযুশ আছে শুন ছি ও দুরনীতি বাজ,Abusive,Individual,Little to None,"এই মন্তব্যের ভাষা ও সুর আক্রমণাত্মক এবং অবমাননাকর, যা একটি নির্দিষ্ট ব্যক্তির বিরুদ্ধে মৃদু বা গৌণ মাত্রার গালিগালাজমূলক বক্তব্য হিসেবে চিহ্নিত।",rule-contextual,False,pending,
7492,বুঝলাম এই দেশ সকল ধর্ম বর্ণের মানুষের কিন্তু ৯০ মুসলমান যেখানে বাস করে এবং পবিত্র রমজান মাসে এই অমংগল অশোভনীয় যাত্রা না করলে কি হতো,Religious Hate,Society,Mild,"ধর্মীয় প্রেক্ষাপটে ""মুসলমান"", ""ধর্ম"" ব্যবহার করে সমাজ বা জাতিকে প্রতি সাম্প্রদায়িক বিদ্বেষ প্রকাশ এটিকে মাঝারি মাত্রার ধর্মীয় ঘৃণামূলক বক্তব্য হিসেবে চিহ্নিত করে।",rule-contextual,False,pending,
4395,এইবার ভাই ভাইরে কোপাইবো কিযে মজা হইবো উফ ভাবতেই ভাল লাগছে,Abusive,Individual,Little to None,মন্তব্যটির সামগ্রিক সুর ও ভাষা একটি নির্দিষ্ট ব্যক্তির বিরুদ্ধে মৃদু বা গৌণ মাত্রার আক্রমণাত্মক বক্তব্য নির্দেশ করে।,rule-contextual,False,pending,
13960,সময় টিভি সময় শেষ,,,Little to None,এটি একটি নিরপেক্ষ মন্তব্য যেখানে কাউকে লক্ষ্য করে কোনো অবমাননাকর বা বৈষম্যমূলক ভাষা ব্যবহার করা হয়নি।,rule-based,False,pending,
21993,ঐখানে যুদ্ধ চলে আর সময় সাংবাদিকরা গেছে প্রাকৃতিক দৃশ্য দেখাতে,Abusive,Individual,Mild,মন্তব্যটির সামগ্রিক সুর ও ভাষা একটি নির্দিষ্ট ব্যক্তির বিরুদ্ধে মাঝারি মাত্রার আক্রমণাত্মক বক্তব্য নির্দেশ করে।,rule-contextual,False,pending,
11694,আপনার মতামত কেউ চাইনি দালাল কোথাকার,Abusive,Individual,Little to None,"মন্তব্যকারী ""দালাল"" ব্যবহার করে নির্দিষ্ট ব্যক্তিকে আক্রমণ করেছেন। ভাষার তীব্রতা মৃদু বা গৌণ মাত্রার বলে প্রতীয়মান।",rule-contextual,False,pending,
13029,সময় টিভি দেখা বাদ দিন,Abusive,Organization,Little to None,"এই মন্তব্যের ভাষা ও সুর আক্রমণাত্মক এবং অবমাননাকর, যা একটি সংগঠন বা প্রতিষ্ঠানের বিরুদ্ধে মৃদু বা গৌণ মাত্রার গালিগালাজমূলক বক্তব্য হিসেবে চিহ্নিত।",rule-contextual,False,pending,
21814,হঠাৎ সময় টিভি আমেরিকার পিছনে লেগে গেল কেন কারণ আওয়ামী লীগ কে বাঁশ দিছে আমেরিকা,Political Hate,Organization,Mild,"রাজনৈতিক প্রেক্ষাপটে ""আওয়ামী"", ""লীগ"" ব্যবহার করে নির্দিষ্ট সংগঠন বা প্রতিষ্ঠানকে প্রতি বিদ্বেষ প্রকাশ এই মন্তব্যকে মাঝারি মাত্রার রাজনৈতিক ঘৃণামূলক বক্তব্য করে তোলে।",rule-contextual,False,pending,
2307,উচ্চারণ সঠিক ভাবে করুন,,,Little to None,মন্তব্যকারী সাধারণ বিষয়ে মতামত দিয়েছেন এবং কোনো ঘৃণামূলক বক্তব্য প্রকাশ করেননি।,rule-based,False,pending,
23885,হলুদ মিডিয়া অসময় টিভি,Abusive,Organization,Severe,মন্তব্যটির সামগ্রিক সুর ও ভাষা একটি সংগঠন বা প্রতিষ্ঠানের বিরুদ্ধে তীব্র ও গুরুতর মাত্রার আক্রমণাত্মক বক্তব্য নির্দেশ করে।,rule-contextual,False,pending,
4217,পাশ্ববর্তী দেশ ভারত বাংলাদেশের ভাসুর হয় তাই ভারতের নাম বলতে লজ্জা পায় বাংলাদেশ নিমকহারাম এদের বলে,Abusive,Society,Severe,"সমাজ বা জাতিকে উদ্দেশ্যে ""লজ্জা"" এর মতো অবমাননাকর শব্দ ব্যবহার এই মন্তব্যকে তীব্র ও গুরুতর মাত্রার গালিগালাজ হিসেবে চিহ্নিত করে।",rule-contextual,False,pending,
21763,আপনারা বিভিন্ন জঙ্গি সংগঠন কে সমর্থন করছেন জঙ্গী সমর্থক,Abusive,Community,Mild,এই বক্তব্যে ব্যবহৃত ভাষা ও দৃষ্টিভঙ্গি একটি সম্প্রদায় বা গোষ্ঠীর বিরুদ্ধে মাঝারি মাত্রার গালিগালাজমূলক মন্তব্য প্রকাশ করে।,rule-contextual,False,pending,
31636,হে আল্লাহ্ তুমি মানচিত্র থেকে আমেরিকা দেশা টা ওধাউ করে দাও,Abusive,Society,Mild,এই বক্তব্যে ব্যবহৃত ভাষা ও দৃষ্টিভঙ্গি সামগ্রিকভাবে সমাজ বা জাতির বিরুদ্ধে মাঝারি মাত্রার গালিগালাজমূলক মন্তব্য প্রকাশ করে।,rule-contextual,False,pending,
33346,সময় নিউজ এভাবে নিউজের মধ্যে অ্যাড দেওয়া বন্ধ না করিলে আমাদের উচিৎ সময় ইউটিউব চ্যানেল বয়কট করা,Abusive,Organization,Mild,মন্তব্যটির সামগ্রিক সুর ও ভাষা একটি সংগঠন বা প্রতিষ্ঠানের বিরুদ্ধে মাঝারি মাত্রার আক্রমণাত্মক বক্তব্য নির্দেশ করে।,rule-contextual,False,pending,
27321,নাম সময়লীগ পিতা নরেন্দ্রমোদী মাতা হাসিনা মোদী,Abusive,Organization,Mild,"মন্তব্যটিতে ""হাসিনা"", ""লীগ"" এর মতো আক্রমণাত্মক ও গালিগালাজমূলক ভাষা ব্যবহার করা হয়েছে। এটি একটি সংগঠন বা প্রতিষ্ঠানের বিরুদ্ধে মাঝারি মাত্রার বক্তব্য।",rule-contextual,False,pending,
12051,লতিফ পাগ্লার আবোল তাবোল প্রলাপ,,,Little to None,"মন্তব্যটিতে কোনো গালিগালাজ, বিদ্বেষ বা আপত্তিকর বিষয়বস্তু পাওয়া যায়নি বলে এটি নিরপেক্ষ মন্তব্য।",rule-based,False,pending,
13453,এসব জগন্য অপরাধী দের কে ফাসি দেওয়ার আবেদন করছি মহা মান্য আদালত এর কাছে একটা কঠিন বিচার দেখে যেন হাজারো অপরাধী সাবধান হয়ে যায়,Political Hate,Community,Mild,রাজনৈতিক বিষয়ে একটি সম্প্রদায় বা গোষ্ঠীর বিরুদ্ধে মাঝারি মাত্রার বিদ্বেষপূর্ণ মনোভাব এই মন্তব্যে স্পষ্ট।,rule-contextual,False,pending,
31618,আমি মুসলিমদের পক্ষে মরক্কোর পক্ষে,,,Little to None,"মন্তব্যটিতে কোনো নির্দিষ্ট ব্যক্তি, গোষ্ঠী বা সম্প্রদায়ের বিরুদ্ধে ঘৃণা বা বিদ্বেষ প্রকাশ পায়নি।",rule-based,False,pending,
4449,ভারত যে সন্ত্রাসী রাষ্ট্র সেটা আবারো প্রমাণ হলো,Abusive,Society,Little to None,এই বক্তব্যে ব্যবহৃত ভাষা ও দৃষ্টিভঙ্গি সামগ্রিকভাবে সমাজ বা জাতির বিরুদ্ধে মৃদু বা গৌণ মাত্রার গালিগালাজমূলক মন্তব্য প্রকাশ করে।,rule-contextual,False,pending,
31732,আওয়ামী লীগ ক্ষমতায় টিকে থাকার জন্য সব করতে পারে,Political Hate,Organization,Little to None,"নির্দিষ্ট সংগঠন বা প্রতিষ্ঠানকে বিরুদ্ধে ""লীগ"", ""ক্ষমতা"" এর মতো রাজনৈতিক বিদ্বেষমূলক শব্দ ব্যবহার করা হয়েছে। এটি মৃদু বা গৌণ মাত্রার রাজনৈতিক ঘৃণা প্রকাশ করে।",rule-contextual,False,pending,
21535,তামাকের খেয়ে কেউ মরে না মাদারচোত,Abusive,Individual,Mild,এই বক্তব্যে ব্যবহৃত অশ্লীল ভাষা একটি নির্দিষ্ট ব্যক্তির বিরুদ্ধে মাঝারি মাত্রার কুরুচিপূর্ণ মন্তব্য নির্দেশ করে।,rule-contextual,False,pending,
31733,হালায় এইটা কি বিয়া করছে,Abusive,Individual,Severe,"মন্তব্যকারী ""হালা"" ব্যবহার করে নির্দিষ্ট ব্যক্তিকে অশ্লীলভাবে আক্রমণ করেছেন। ভাষার মাত্রা তীব্র ও গুরুতর মাত্রার অশ্লীলতা নির্দেশ করে।",rule-contextual,False,pending,
9630,মানুষ কতটা বিনয়ী কতটা বরমনের তা শেখা উচিত,,,Little to None,মন্তব্যকারী সাধারণ বিষয়ে মতামত দিয়েছেন এবং কোনো ঘৃণামূলক বক্তব্য প্রকাশ করেননি।,rule-based,False,pending,
12945,দালালি ছার সৈরাচারের দলআওয়ামী লিগ কবে কইছিলনির্বাচন শুষ্ঠ হবেনা,Political Hate,Organization,Mild,"রাজনৈতিক প্রেক্ষাপটে ""নির্বাচন"", ""দল"", ""দালাল"" ব্যবহার করে নির্দিষ্ট সংগঠন বা প্রতিষ্ঠানকে প্রতি বিদ্বেষ প্রকাশ এই মন্তব্যকে মাঝারি মাত্রার রাজনৈতিক ঘৃণামূলক বক্তব্য করে তোলে।",rule-contextual,False,pending,
13057,রমাজানে আল্লাহ আমাদের বেশি বেশি নামাজ এবং জিকির করার তৌফিক দান করুক আমিন,,,Little to None,"মন্তব্যটিতে কোনো নির্দিষ্ট ব্যক্তি, গোষ্ঠী বা সম্প্রদায়ের বিরুদ্ধে ঘৃণা বা বিদ্বেষ প্রকাশ পায়নি।",rule-based,False,pending,
25377,আমি দুকানে বল্লাম একটু খবর দেখবো সে দুকান্দার দিল এন টিবিতে আমি বল্লাম সময় টিভিতে দেন দুকান্দার বলে কানকির পুলারা সরকারের দালাল সময় টিভি মনে হয় খুব কম মানুষ দেখে,Abusive,Individual,Little to None,"এই বক্তব্যে নির্দিষ্ট ব্যক্তিকে প্রতি ""দালাল"" এর মতো অশ্লীল শব্দচয়ন এটিকে মৃদু বা গৌণ মাত্রার কুরুচিপূর্ণ মন্তব্য হিসেবে চিহ্নিত করে।",rule-contextual,False,pending,
15074,থিক ওরা হলো বন্ধু,,,Little to None,"মন্তব্যটিতে কোনো গালিগালাজ, বিদ্বেষ বা আপত্তিকর বিষয়বস্তু পাওয়া যায়নি বলে এটি নিরপেক্ষ মন্তব্য।",rule-based,False,pending,
26083,পশ্চিমারা কিভাবে আবার মানব সভ্যতা হয় এরা পৃথিবীর বর্বরতম জাতি এই জাতির কোন ভাল অতীত ছিল বর্তমানে নাই আবার ভবিষ্যতেও থাকবে না,Abusive,Society,Mild,"এই বক্তব্যে সমাজ বা জাতিকে প্রতি ""মারা"" এর মতো আপত্তিকর শব্দচয়ন এটিকে মাঝারি মাত্রার আক্রমণাত্মক মন্তব্য হিসেবে শ্রেণিবদ্ধ করে।",rule-contextual,False,pending,
674,ব্যবসায়ীদের কাগজ ভালো থাকলেই তো হয় তাহলে তো আর এই মহিলা টাকা খাওয়ার সুযোগ পায় না এক চোর আরেক চোরকে চোর কয় এইটা হাইস্যকর,Abusive,Individual,Mild,"এই বক্তব্যে নির্দিষ্ট ব্যক্তিকে প্রতি ""চোর"" এর মতো আপত্তিকর শব্দচয়ন এটিকে মাঝারি মাত্রার আক্রমণাত্মক মন্তব্য হিসেবে শ্রেণিবদ্ধ করে।",rule-contextual,False,pending,
18576,ভোটচোর অবৈধ প্রধানমন্ত্রীর কাছে প্রশ্ন দেশের যে লক্ষ লক্ষ কোটি টাকা পাচার করেছেন সেগুলো ফিরিয়ে আনার কোন উদ্যোগ কি নেয়া হয়েছে,Political Hate,Individual,Mild,"মন্তব্যটিতে ""ভোট"", ""মন্ত্রী"", ""প্রধানমন্ত্রী"" উল্লেখ করে রাজনৈতিক বিদ্বেষ প্রকাশ করা হয়েছে। নির্দিষ্ট ব্যক্তিকে লক্ষ্য করে এই মাঝারি মাত্রার রাজনৈতিক ঘৃণামূলক বক্তব্য।",rule-contextual,False,pending,
19220,চোরিনা আমরা বলতে পারি ডাকাতি হচে আমাদের দেশে,,,Little to None,এটি একটি নিরপেক্ষ মন্তব্য যেখানে কাউকে লক্ষ্য করে কোনো অবমাননাকর বা বৈষম্যমূলক ভাষা ব্যবহার করা হয়নি।,rule-based,False,pending,
25353,ভালো ভাবে দেখেন চোর ২ জন ছিল,Abusive,Individual,Mild,"এই বক্তব্যে নির্দিষ্ট ব্যক্তিকে প্রতি ""চোর"" এর মতো আপত্তিকর শব্দচয়ন এটিকে মাঝারি মাত্রার আক্রমণাত্মক মন্তব্য হিসেবে শ্রেণিবদ্ধ করে।",rule-contextual,False,pending,
34712,ভোট চোর হাসিনা বেডি,Political Hate,Individual,Mild,"মন্তব্যকারী ""হাসিনা"", ""ভোট"", ""চোর"" এর প্রসঙ্গে নির্দিষ্ট ব্যক্তিকে সম্পর্কে মাঝারি মাত্রার রাজনৈতিক বিদ্বেষ ও ঘৃণা প্রকাশ করেছেন।",rule-contextual,False,pending,
16242,রাম ছাগল আওয়ামী লীগ তোদের ক্ষমতায় বসে দিয়ে ললিপপচুসবে নাকি দলকানা আর উন্মাদ পাগল ছারা একতরফা নির্বাচনে জনগণ ভোট দিতে যাবে না,Political Hate,Organization,Mild,"রাজনৈতিক প্রেক্ষাপটে ""আওয়ামী"", ""লীগ"", ""ভোট"" ব্যবহার করে নির্দিষ্ট সংগঠন বা প্রতিষ্ঠানকে প্রতি বিদ্বেষ প্রকাশ এই মন্তব্যকে মাঝারি মাত্রার রাজনৈতিক ঘৃণামূলক বক্তব্য করে তোলে।",rule-contextual,False,pending,
19486,আগুন দেখলে মনে পড়ে জামায়াতমুসলিমলীগের ১৯৭১ এর পর দেশের পাট ও খাদ্য গুদামে আগুন দেবার কাহিনি,Political Hate,Organization,Little to None,"মন্তব্যটিতে ""লীগ"" উল্লেখ করে রাজনৈতিক বিদ্বেষ প্রকাশ করা হয়েছে। নির্দিষ্ট সংগঠন বা প্রতিষ্ঠানকে লক্ষ্য করে এই মৃদু বা গৌণ মাত্রার রাজনৈতিক ঘৃণামূলক বক্তব্য।",rule-contextual,False,pending,
18977,জানোয়ারের দল কিছু জানোয়ার জন্ম দিয়েছে তাই চিরকাল পাকিস্তান এমনই বর্বর থাকবে,Abusive,Society,Severe,এই মন্তব্যে অশ্লীল ও কুরুচিপূর্ণ ভাষা ব্যবহার করে সামগ্রিকভাবে সমাজ বা জাতির বিরুদ্ধে তীব্র ও গুরুতর মাত্রার আপত্তিকর বক্তব্য প্রকাশ করা হয়েছে।,rule-contextual,False,pending,
17278,দাজ্জাল ইজ লোডিং,Religious Hate,Individual,Mild,ধর্ম ও সম্প্রদায় সম্পর্কে একটি নির্দিষ্ট ব্যক্তির বিরুদ্ধে মাঝারি মাত্রার বিদ্বেষপূর্ণ মনোভাব এই মন্তব্যে প্রকাশিত।,rule-contextual,False,pending,
21333,সালায় যে ডেইলি স্টারের নির্বাহী সম্পাদক এটা খবরে বলতে কি তগো পুটকি জ্বলে,Abusive,Individual,Severe,এই বক্তব্যে ব্যবহৃত অশ্লীল ভাষা একটি নির্দিষ্ট ব্যক্তির বিরুদ্ধে তীব্র ও গুরুতর মাত্রার কুরুচিপূর্ণ মন্তব্য নির্দেশ করে।,rule-contextual,False,pending,
26605,অবিকল টাকলা মুরাদ,Abusive,Individual,Mild,মন্তব্যটির সামগ্রিক সুর ও ভাষা একটি নির্দিষ্ট ব্যক্তির বিরুদ্ধে মাঝারি মাত্রার আক্রমণাত্মক বক্তব্য নির্দেশ করে।,rule-contextual,False,pending,
21281,আর বাঙালিগো বুট মুরি,,,Little to None,"মন্তব্যটিতে কোনো নির্দিষ্ট ব্যক্তি, গোষ্ঠী বা সম্প্রদায়ের বিরুদ্ধে ঘৃণা বা বিদ্বেষ প্রকাশ পায়নি।",rule-based,False,pending,
33740,পাকিস্তান কে এখন বানানো হয়েছে খুব দ্রুত খন্ড খন্ড করা হবে,Abusive,Society,Mild,এই বক্তব্যে ব্যবহৃত ভাষা ও দৃষ্টিভঙ্গি সামগ্রিকভাবে সমাজ বা জাতির বিরুদ্ধে মাঝারি মাত্রার গালিগালাজমূলক মন্তব্য প্রকাশ করে।,rule-contextual,False,pending,
16219,পাকিস্তান এমন আয়োজন করতে পারে না বলে ইমরান খানের হিংসা,Abusive,Individual,Mild,"এই মন্তব্যের ভাষা ও সুর আক্রমণাত্মক এবং অবমাননাকর, যা একটি নির্দিষ্ট ব্যক্তির বিরুদ্ধে মাঝারি মাত্রার গালিগালাজমূলক বক্তব্য হিসেবে চিহ্নিত।",rule-contextual,False,pending,
172,খবর বলেনানাকি মশকারি করেএই ভাষা কিভাবে ব্যবহার করে,Abusive,Individual,Little to None,"এই মন্তব্যের ভাষা ও সুর আক্রমণাত্মক এবং অবমাননাকর, যা একটি নির্দিষ্ট ব্যক্তির বিরুদ্ধে মৃদু বা গৌণ মাত্রার গালিগালাজমূলক বক্তব্য হিসেবে চিহ্নিত।",rule-contextual,False,pending,
18943,আওয়ামী লীগ সরকার এলে লুটপাট বারে ধর্ষন বারে আর নেতা গিরি বারে দেশে চোর বারে,Political Hate,Organization,Mild,"মন্তব্যটিতে ""সরকার"", ""লীগ"", ""লুটপাট"" উল্লেখ করে রাজনৈতিক বিদ্বেষ প্রকাশ করা হয়েছে। নির্দিষ্ট সংগঠন বা প্রতিষ্ঠানকে লক্ষ্য করে এই মাঝারি মাত্রার রাজনৈতিক ঘৃণামূলক বক্তব্য।",rule-contextual,False,pending,
5624,কথাগুলো সবাই শেয়ার করে দেন তাতে বিদেশিদের কাছে পৌঁছায় আমাদের ভোটের অধিকার আমরা চাই,Political Hate,Society,Little to None,"এই মন্তব্যে ""ভোট"" সম্পর্কিত রাজনৈতিক ঘৃণা প্রকাশ পেয়েছে যেখানে সমাজ বা জাতিকে আক্রমণের লক্ষ্যবস্তু। তীব্রতা মৃদু বা গৌণ মাত্রার।",rule-contextual,False,pending,
33070,মরোক্কান দলের জয়ের জন্য আল্লাহর প্রশংসা আমি আশা করি কানাডার বিপক্ষে আমরা জিতব আমাদের জন্য দোয়া করুন,,,Little to None,"মন্তব্যটিতে কোনো নির্দিষ্ট ব্যক্তি, গোষ্ঠী বা সম্প্রদায়ের বিরুদ্ধে ঘৃণা বা বিদ্বেষ প্রকাশ পায়নি।",rule-based,False,pending,
29568,যেখানে অপরাধ অপকর্ম বেশি এবং অকৃতজ্ঞ মানুষ বেশি সেখানে আল্লাহর গযব বেশি,Religious Hate,,Mild,মন্তব্যটি ধর্মীয় বিষয়ে সাধারণভাবে মাঝারি মাত্রার ঘৃণামূলক দৃষ্টিভঙ্গি প্রকাশ করে।,rule-contextual,False,pending,
30028,ইউক্রেনের বিরুদ্ধে রাশিয়ার হামলা চালানো ঠিক,Political Hate,Society,Severe,এই মন্তব্যে রাজনৈতিক প্রেক্ষাপটে সামগ্রিকভাবে সমাজ বা জাতির বিরুদ্ধে তীব্র ও গুরুতর মাত্রার বিদ্বেষ ও ঘৃণা প্রকাশ করা হয়েছে।,rule-contextual,False,pending,
29060,চূরের বাচ্চা চোর কয় কী,Abusive,Individual,Severe,"এই বক্তব্যে নির্দিষ্ট ব্যক্তিকে প্রতি ""চোর"" এর মতো আপত্তিকর শব্দচয়ন এটিকে তীব্র ও গুরুতর মাত্রার আক্রমণাত্মক মন্তব্য হিসেবে শ্রেণিবদ্ধ করে।",rule-contextual,False,pending,
8773,কবে কেডা পাছায় লাথি মারে সেই চিন্তায় চিন্তায় হাঁটতে গিয়ে হোঁচট খায়,Abusive,,Severe,এই মন্তব্যে অশ্লীল ও কুরুচিপূর্ণ ভাষা ব্যবহার করে সাধারণভাবে তীব্র ও গুরুতর মাত্রার আপত্তিকর বক্তব্য প্রকাশ করা হয়েছে।,rule-contextual,False,pending,
10798,বাংলাদেশের নুন্যতম বাল ছিড়ার ক্ষমতা নেই তাই বাংলাদেশ মানবিকতা চুদাইয়া আজ এই অবস্থায়,Abusive,Society,Severe,"এই মন্তব্যে ""বাল"", ""চুদ"" জাতীয় অশ্লীল শব্দ ব্যবহার করে সমাজ বা জাতিকে অবমাননা করা হয়েছে, যা তীব্র ও গুরুতর মাত্রার কুরুচিপূর্ণ ভাষা নির্দেশ করে।",rule-contextual,False,pending,
7869,সালে দেখছি দিনের ভোট রাতে হয়,Political Hate,Society,Mild,"রাজনৈতিক প্রেক্ষাপটে ""ভোট"" ব্যবহার করে সমাজ বা জাতিকে প্রতি বিদ্বেষ প্রকাশ এই মন্তব্যকে মাঝারি মাত্রার রাজনৈতিক ঘৃণামূলক বক্তব্য করে তোলে।",rule-contextual,False,pending,
5101,ছাল নাই কুত্তার বাঘা নাম তাইনা,Abusive,Individual,Severe,"মন্তব্যকারী ""কুত্তা"", ""কুত্তার"", ""কুত্তা"" ব্যবহার করে নির্দিষ্ট ব্যক্তিকে অশ্লীলভাবে আক্রমণ করেছেন। ভাষার মাত্রা তীব্র ও গুরুতর মাত্রার অশ্লীলতা নির্দেশ করে।",rule-contextual,False,pending,
33240,সবাই তো শেখ হাসিনা কে গালি দে এখন কেন শেখ হাসিনার কাছে মিনতি,Abusive,Individual,Little to None,"মন্তব্যটিতে ""গালি"" এর মতো আক্রমণাত্মক ভাষা ব্যবহার করে নির্দিষ্ট ব্যক্তিকে লক্ষ্য করা হয়েছে। এটি মৃদু বা গৌণ মাত্রার গালিগালাজমূলক বক্তব্য।",rule-contextual,False,pending,
264,তোদেরতো লজ্জা শরম কিছুই নাই এজন্য মানবতা দেখাছ,Abusive,Community,Mild,"এই মন্তব্যে ""লজ্জা"" শব্দ ব্যবহার করে নির্দিষ্ট সম্প্রদায় বা গোষ্ঠীকে অবমাননা করা হয়েছে, যা মাঝারি মাত্রার আক্রমণাত্মক ভাষা নির্দেশ করে।",rule-contextual,False,pending,
1724,জান্নাতুল সাদিয়ার ফোন নম্বর দেওয়া যাবে কিছু বলব,,,Little to None,এটি একটি নিরপেক্ষ মন্তব্য যেখানে কাউকে লক্ষ্য করে কোনো অবমাননাকর বা বৈষম্যমূলক ভাষা ব্যবহার করা হয়নি।,rule-based,False,pending,
27202,আমিতো আরো শপিং করে ব্যাগ রেডি করে রেখেছি এখন কি হবে,,,Little to None,"এই মন্তব্যে কোনো আপত্তিকর, অশ্লীল বা ঘৃণাজনক বিষয়বস্তু নেই এবং এটি স্বাভাবিক আলোচনার অংশ।",rule-based,False,pending,
15143,এটাই ইউরোপ আমেরিকার একটা ষড়যন্ত্র রাশিয়ার উচিত ইউরোপে হামলা করা,Political Hate,Community,Severe,রাজনৈতিক বিষয়ে একটি সম্প্রদায় বা গোষ্ঠীর বিরুদ্ধে তীব্র ও গুরুতর মাত্রার বিদ্বেষপূর্ণ মনোভাব এই মন্তব্যে স্পষ্ট।,rule-contextual,False,pending,
34955,আপনি জনগণের জন্য রাজনিতি করেন না,Political Hate,Individual,Little to None,রাজনৈতিক বিষয়ে একটি নির্দিষ্ট ব্যক্তির বিরুদ্ধে মৃদু বা গৌণ মাত্রার বিদ্বেষপূর্ণ মনোভাব এই মন্তব্যে স্পষ্ট।,rule-contextual,False,pending,
6374,তুমি লোম ছিঁড়ে পালাইবা পোতপাকা,Abusive,Individual,Severe,এই মন্তব্যে অশ্লীল ও কুরুচিপূর্ণ ভাষা ব্যবহার করে একটি নির্দিষ্ট ব্যক্তির বিরুদ্ধে তীব্র ও গুরুতর মাত্রার আপত্তিকর বক্তব্য প্রকাশ করা হয়েছে।,rule-contextual,False,pending,
27618,আমার ধোনের মায় ভোট দিতে জাবে,Abusive,Organization,Mild,"মন্তব্যটিতে ""ভোট"" এর মতো অশ্লীল ও কুরুচিপূর্ণ ভাষা ব্যবহার করা হয়েছে। এটি একটি সংগঠন বা প্রতিষ্ঠানের বিরুদ্ধে মাঝারি মাত্রার বক্তব্য।",rule-contextual,False,pending,
8604,জখম টখন না ডাইরেক্ট মেড়ে ফেলতে হবে,Abusive,Individual,Severe,মন্তব্যটির সামগ্রিক সুর ও ভাষা একটি নির্দিষ্ট ব্যক্তির বিরুদ্ধে তীব্র ও গুরুতর মাত্রার আক্রমণাত্মক বক্তব্য নির্দেশ করে।,rule-contextual,False,pending,
21659,ছি ছি ই ছি,,,Little to None,"মন্তব্যটিতে কোনো নির্দিষ্ট ব্যক্তি, গোষ্ঠী বা সম্প্রদায়ের বিরুদ্ধে ঘৃণা বা বিদ্বেষ প্রকাশ পায়নি।",rule-based,False,pending,
31861,প্রতি বন্দী রাষ্ট্র প্রতি একটা গেছে অন্যটা আসছে,,,Little to None,"এই মন্তব্যে কোনো ঘৃণামূলক, আক্রমণাত্মক বা বৈষম্যমূলক ভাষা নেই, তাই এটি স্বাভাবিক মন্তব্য হিসেবে শ্রেণিবদ্ধ।",rule-based,False,pending,
19308,উপস্থাপক হিজরা নাকি,Abusive,,Mild,মন্তব্যটির সামগ্রিক সুর ও ভাষা সাধারণভাবে মাঝারি মাত্রার আক্রমণাত্মক বক্তব্য নির্দেশ করে।,rule-contextual,False,pending,
26279,কেউই নাই দলে আসছে মুখোমুখি বলতে,Abusive,,Mild,এই বক্তব্যে ব্যবহৃত ভাষা ও দৃষ্টিভঙ্গি সাধারণভাবে মাঝারি মাত্রার গালিগালাজমূলক মন্তব্য প্রকাশ করে।,rule-contextual,False,pending,
15714,আচ্ছা কোন হিন্দু কি তাদের মন্দিরে বোমা হামলা করবে ঠিক তেমনি ভাবে কোন মুসলিম মসজিদ মাদ্রাসায় হামলা করবে না এই সব আত্মঘাতী হামলা চালায় পশ্চিমা শয়তান ও তার দোষর রা আর দোষ দেয় নিরীহ নিরপরাধ নির্যাতিত মুসলিমদের উপর,Religious Hate,Community,Severe,"মন্তব্যটিতে ""হিন্দু"", ""মুসলিম"", ""মন্দির"" উল্লেখ করে ধর্মীয় বিদ্বেষ প্রকাশ করা হয়েছে। নির্দিষ্ট সম্প্রদায় বা গোষ্ঠীকে লক্ষ্য করে এটি তীব্র ও গুরুতর মাত্রার সাম্প্রদায়িক ঘৃণামূলক বক্তব্য।",rule-contextual,False,pending,
9511,প্রিয় সাংবাদিক ভাই কাজ না থাকলে বাল ছিড়েন তাতে নিজের আগাছা পরিস্কার হবে নিউজ না পেলে গাঞ্জা গাছ লাগান বৃক্ষরোপনের সাথে পিনিকও হবে কিছু করার না থাকলে পু কির ভিতর আঙ্গুল দিয়া বসে থাকেনতাতে বাথরুম ক্লিয়ার হবে একদম কোন কিছু করার মত না পেলে পাবলিক বাসে ফেরি করে কনডম বিক্রি করুনতাতে দেশে আপনার মত ফাউলমার্কা সাংবাদিকের জম্মরোধ হবে,Abusive,Individual,Severe,"এই মন্তব্যে ""বাল"", ""গু"" জাতীয় অশ্লীল শব্দ ব্যবহার করে নির্দিষ্ট ব্যক্তিকে অবমাননা করা হয়েছে, যা তীব্র ও গুরুতর মাত্রার কুরুচিপূর্ণ ভাষা নির্দেশ করে।",rule-contextual,False,pending,
34478,অজ্ঞান হয়ে গেছে,,,Little to None,মন্তব্যকারী সাধারণ বিষয়ে মতামত দিয়েছেন এবং কোনো ঘৃণামূলক বক্তব্য প্রকাশ করেননি।,rule-based,False,pending,
6458,প্রায় ২ বছর হলো সুঞ্চি সান্তর প্রতিভা আচেতবে কথা হল কোন প্রারফম নায়তার পরে ও তাকেয় নেই দাদা স্টাকরেন না উইকেটের ধরন দেখেন আর বাংলাদেশের নস্ট হয়তাচে একমাত নিরবাচক আর পিছ এর জন্য,,,Little to None,মন্তব্যকারী সাধারণ বিষয়ে মতামত দিয়েছেন এবং কোনো ঘৃণামূলক বক্তব্য প্রকাশ করেননি।,rule-based,False,pending,
25832,বুয়া হয়েছে সালায় কানা,Abusive,Individual,Mild,এই মন্তব্যে অশ্লীল ও কুরুচিপূর্ণ ভাষা ব্যবহার করে একটি নির্দিষ্ট ব্যক্তির বিরুদ্ধে মাঝারি মাত্রার আপত্তিকর বক্তব্য প্রকাশ করা হয়েছে।,rule-contextual,False,pending,
19678,বাংলাদেশ থেকে রফতানি করা দরকার,,,Little to None,এটি একটি নিরপেক্ষ মন্তব্য যেখানে কাউকে লক্ষ্য করে কোনো অবমাননাকর বা বৈষম্যমূলক ভাষা ব্যবহার করা হয়নি।,rule-based,False,pending,
1871,ইজরায়েলের ধ্বংস হোক আমিন,Political Hate,,Mild,"এই মন্তব্যে ""ধ্বংস"" সম্পর্কিত রাজনৈতিক ঘৃণা প্রকাশ পেয়েছে যেখানে প্রকাশিত। তীব্রতা মাঝারি মাত্রার।",rule-contextual,False,pending,
21625,বাংলাদেশে এখনো বিজয় হয় নাই আওয়ামী লীগের হাত থেকে দেশটা রক্ষা করতে পারলে বিজয় হবে এবং কুলাঙ্গার ছাত্রলীগ,Abusive,Organization,Mild,"মন্তব্যটিতে ""আওয়ামী"", ""লীগ"" এর মতো অশ্লীল ও কুরুচিপূর্ণ ভাষা ব্যবহার করা হয়েছে। এটি একটি সংগঠন বা প্রতিষ্ঠানের বিরুদ্ধে মাঝারি মাত্রার বক্তব্য।",rule-contextual,False,pending,
35065,তুই নিজেই দালাল মাগি তোর বাল ধরে আসবি,Abusive,Individual,Severe,"মন্তব্যকারী ""বাল"", ""দালাল"" ব্যবহার করে নির্দিষ্ট ব্যক্তিকে অশ্লীলভাবে আক্রমণ করেছেন। ভাষার মাত্রা তীব্র ও গুরুতর মাত্রার অশ্লীলতা নির্দেশ করে।",rule-contextual,False,pending,
16723,কি খাঁটি আওয়ামীলীগ এসেছে দেখ আসো খেলা হবে তোমাদের সাথে,Political Hate,Organization,Mild,"মন্তব্যটিতে ""লীগ"" উল্লেখ করে রাজনৈতিক বিদ্বেষ প্রকাশ করা হয়েছে। নির্দিষ্ট সংগঠন বা প্রতিষ্ঠানকে লক্ষ্য করে এই মাঝারি মাত্রার রাজনৈতিক ঘৃণামূলক বক্তব্য।",rule-contextual,False,pending,
16830,বাস্তবায়নতা দেখার বাকি কঠোর অবস্থান কতোটুকু কঠোর হয়,Abusive,,Little to None,এই বক্তব্যে ব্যবহৃত ভাষা ও দৃষ্টিভঙ্গি সাধারণভাবে মৃদু বা গৌণ মাত্রার গালিগালাজমূলক মন্তব্য প্রকাশ করে।,rule-contextual,False,pending,
18084,অন্তরাসহ ৫জনকে স্থায়ী বহিষ্কার ছাএত্ব বাতিল চাই,Abusive,Community,Little to None,"নির্দিষ্ট সম্প্রদায় বা গোষ্ঠীকে উদ্দেশ্যে ""বহিষ্কার"" এর মতো অবমাননাকর শব্দ ব্যবহার এই মন্তব্যকে মৃদু বা গৌণ মাত্রার গালিগালাজ হিসেবে চিহ্নিত করে।",rule-contextual,False,pending,
1555,হালার নগদ সংবাদে মধ্যে ও চলে আসে,Abusive,,Little to None,"মন্তব্যটিতে ""হালা"" এর মতো অশ্লীল ও কুরুচিপূর্ণ ভাষা ব্যবহার করে আক্রমণ করা হয়েছে। এটি মৃদু বা গৌণ মাত্রার অশ্লীল বক্তব্য।",rule-contextual,False,pending,
31341,আওয়ামীলীগ যদি আওয়ামী লীগের নেতা কেতা এমপি মন্ত্রিসভার যদি যদি তোমায় এরকম বাংলাদেশ পাঁচটা কিনতে পারবে ও দেখার তো বিয়া কোন আওয়ামী লীগের মধ্যে ছবি এখন আমার,,,Little to None,এটি একটি নিরপেক্ষ মন্তব্য যেখানে কাউকে লক্ষ্য করে কোনো অবমাননাকর বা বৈষম্যমূলক ভাষা ব্যবহার করা হয়নি।,rule-based,False,pending,
26573,আলগা মোমেন মোমেন এই ভারতের লোক তোর মায়েরে চ তোর বোনকে চ তোর মেয়েকে চ তোর ভাগ্নিকে চ বেশ্যার বাচ্চা হতে যা তোর ভাতিজিকে চ,Abusive,Individual,Severe,"মন্তব্যকারী ""বেশ্যা"" ব্যবহার করে নির্দিষ্ট ব্যক্তিকে অশ্লীলভাবে আক্রমণ করেছেন। ভাষার মাত্রা তীব্র ও গুরুতর মাত্রার অশ্লীলতা নির্দেশ করে।",rule-contextual,False,pending,
4411,গলায় জুলাও সেলপি,Abusive,Individual,Little to None,মন্তব্যটির সামগ্রিক সুর ও ভাষা একটি নির্দিষ্ট ব্যক্তির বিরুদ্ধে মৃদু বা গৌণ মাত্রার আক্রমণাত্মক বক্তব্য নির্দেশ করে।,rule-contextual,False,pending,
31483,জেরুজালেম মানে বলেন তেল আবিব,Abusive,,Little to None,"এই মন্তব্যের ভাষা ও সুর আক্রমণাত্মক এবং অবমাননাকর, যা সাধারণভাবে মৃদু বা গৌণ মাত্রার গালিগালাজমূলক বক্তব্য হিসেবে চিহ্নিত।",rule-contextual,False,pending,
17099,আমার মতে লভি একজন মেসি,Abusive,Individual,Mild,এই বক্তব্যে ব্যবহৃত ভাষা ও দৃষ্টিভঙ্গি একটি নির্দিষ্ট ব্যক্তির বিরুদ্ধে মাঝারি মাত্রার গালিগালাজমূলক মন্তব্য প্রকাশ করে।,rule-contextual,False,pending,
25471,তোমাদের তো কচু গাছের ফাঁসি দাও জাতীয় পাটি জাতীয় বেইমান,Abusive,Organization,Severe,"এই মন্তব্যে ""বেইমান"", ""ফাঁসি"" শব্দ ব্যবহার করে নির্দিষ্ট সংগঠন বা প্রতিষ্ঠানকে অবমাননা করা হয়েছে, যা তীব্র ও গুরুতর মাত্রার আক্রমণাত্মক ভাষা নির্দেশ করে।",rule-contextual,False,pending,
13513,সময় টিভির কাজ নাই তাইমামুন হলো মাগির দালাল,Abusive,Individual,Severe,"এই বক্তব্যে নির্দিষ্ট ব্যক্তিকে প্রতি ""দালাল"" এর মতো অশ্লীল শব্দচয়ন এটিকে তীব্র ও গুরুতর মাত্রার কুরুচিপূর্ণ মন্তব্য হিসেবে চিহ্নিত করে।",rule-contextual,False,pending,
27778,একে ফাঁসি দেওয়া হোক,Abusive,,Little to None,"এই বক্তব্যে প্রতি ""ফাঁসি"" এর মতো আপত্তিকর শব্দচয়ন এটিকে মৃদু বা গৌণ মাত্রার আক্রমণাত্মক মন্তব্য হিসেবে শ্রেণিবদ্ধ করে।",rule-contextual,False,pending,
29473,টিকিট কিনতে গেলেই শুধু বলে সিট বুকিং টিকিটের দাম নেয় ডাবলএর পর ও লস খায় বড় বড় চোরদের হোগায় লাথি মারা দরকার গরিবদের লুটে যারা খায়,Abusive,Organization,Severe,"মন্তব্যটিতে ""চোর"", ""মারা"" এর মতো অশ্লীল ও কুরুচিপূর্ণ ভাষা ব্যবহার করে নির্দিষ্ট সংগঠন বা প্রতিষ্ঠানকে আক্রমণ করা হয়েছে। এটি তীব্র ও গুরুতর মাত্রার অশ্লীল বক্তব্য।",rule-contextual,False,pending,
5824,বলদ মার্কা মন্ত্রী কোন সমাধান দিতে পারবেনা,Abusive,Individual,Mild,এই বক্তব্যে ব্যবহৃত ভাষা ও দৃষ্টিভঙ্গি একটি নির্দিষ্ট ব্যক্তির বিরুদ্ধে মাঝারি মাত্রার গালিগালাজমূলক মন্তব্য প্রকাশ করে।,rule-contextual,False,pending,
35308,বেশি তেল মারো কেন শেখ হাসিনা আবার দেবী হলো কখন একেবারে থাপরাইয়া ৩২ দাঁত ফালাই দিমু,Political Hate,Individual,Mild,"রাজনৈতিক প্রেক্ষাপটে ""হাসিনা"" ব্যবহার করে নির্দিষ্ট ব্যক্তিকে প্রতি বিদ্বেষ প্রকাশ এই মন্তব্যকে মাঝারি মাত্রার রাজনৈতিক ঘৃণামূলক বক্তব্য করে তোলে।",rule-contextual,False,pending,
2602,কঠোর শাস্তি নিশ্চিত করা হোক,,,Little to None,"মন্তব্যটিতে কোনো নির্দিষ্ট ব্যক্তি, গোষ্ঠী বা সম্প্রদায়ের বিরুদ্ধে ঘৃণা বা বিদ্বেষ প্রকাশ পায়নি।",rule-based,False,pending,
29722,বা বা সময় টিভি তুমিও ইসরায়েলকে দখলদার বলতে ভুলে গেছ সংবাদ তাদের হয়ে করছ ধিক্কার তোমার সাথে ইসরায়েলকে ইসরায়েল নিপাত যাক,Abusive,Society,Mild,মন্তব্যটির সামগ্রিক সুর ও ভাষা সামগ্রিকভাবে সমাজ বা জাতির বিরুদ্ধে মাঝারি মাত্রার আক্রমণাত্মক বক্তব্য নির্দেশ করে।,rule-contextual,False,pending,
18615,আগে ভালো ছিল মেসি সালা এসে বরবাদ করে দিছে,Abusive,Individual,Severe,এই বক্তব্যে ব্যবহৃত অশ্লীল ভাষা একটি নির্দিষ্ট ব্যক্তির বিরুদ্ধে তীব্র ও গুরুতর মাত্রার কুরুচিপূর্ণ মন্তব্য নির্দেশ করে।,rule-contextual,False,pending,
17925,প্রচার করে আর কি হবেহলে ছবি দেখতে কে যাবেতবে ফ্রী বুফেটের ব্যবস্থা করলে জলিল ভাই আমি আপনার ছবি দেখতে যাবো,Abusive,Organization,Mild,মন্তব্যটির সামগ্রিক সুর ও ভাষা একটি সংগঠন বা প্রতিষ্ঠানের বিরুদ্ধে মাঝারি মাত্রার আক্রমণাত্মক বক্তব্য নির্দেশ করে।,rule-contextual,False,pending,
21916,পুতিন কাকুর একটা ভাল শিখতে পারবো না কেউ,,,Little to None,"মন্তব্যটিতে কোনো নির্দিষ্ট ব্যক্তি, গোষ্ঠী বা সম্প্রদায়ের বিরুদ্ধে ঘৃণা বা বিদ্বেষ প্রকাশ পায়নি।",rule-based,False,pending,
987,দালালি বাদ দিলি না,Abusive,Individual,Severe,"মন্তব্যকারী ""দালাল"" ব্যবহার করে নির্দিষ্ট ব্যক্তিকে আক্রমণ করেছেন। ভাষার তীব্রতা তীব্র ও গুরুতর মাত্রার বলে প্রতীয়মান।",rule-contextual,False,pending,
26686,বিএনপি জামাতের সব মানুষ কি জানোয়ার,Political Hate,Organization,Severe,"রাজনৈতিক প্রেক্ষাপটে ""বিএনপি"", ""জামাত"" ব্যবহার করে নির্দিষ্ট সংগঠন বা প্রতিষ্ঠানকে প্রতি বিদ্বেষ প্রকাশ এই মন্তব্যকে তীব্র ও গুরুতর মাত্রার রাজনৈতিক ঘৃণামূলক বক্তব্য করে তোলে।",rule-contextual,False,pending,
27660,মৃত্যুর গোড়ায় থেকেও টাকার মায়া কেন এতো বেশি,,,Little to None,"এই মন্তব্যে কোনো আপত্তিকর, অশ্লীল বা ঘৃণাজনক বিষয়বস্তু নেই এবং এটি স্বাভাবিক আলোচনার অংশ।",rule-based,False,pending,
21219,এটি রাজনৈতিক কৌশল দেশ ধ্বংস করার কৌশল,Political Hate,Organization,Severe,"রাজনৈতিক প্রেক্ষাপটে ""ধ্বংস"" ব্যবহার করে নির্দিষ্ট সংগঠন বা প্রতিষ্ঠানকে প্রতি বিদ্বেষ প্রকাশ এই মন্তব্যকে তীব্র ও গুরুতর মাত্রার রাজনৈতিক ঘৃণামূলক বক্তব্য করে তোলে।",rule-contextual,False,pending,
25360,ময়মনসিংহের অটো চালকরা অনেক ভয়ানক ওরা অনেক স্পিডে গাড়ি চালায় পাগলের মত,Abusive,Community,Mild,"নির্দিষ্ট সম্প্রদায় বা গোষ্ঠীকে উদ্দেশ্যে ""পাগল"" এর মতো অবমাননাকর শব্দ ব্যবহার এই মন্তব্যকে মাঝারি মাত্রার গালিগালাজ হিসেবে চিহ্নিত করে।",rule-contextual,False,pending,
4797,ওবায়দুল কাদের মেয়ে গুলার দিকে কাকের মত তাকিয়ে আছে,Abusive,Individual,Mild,মন্তব্যটির সামগ্রিক সুর ও ভাষা একটি নির্দিষ্ট ব্যক্তির বিরুদ্ধে মাঝারি মাত্রার আক্রমণাত্মক বক্তব্য নির্দেশ করে।,rule-contextual,False,pending,
7182,বি এন পি তে আবদুল সওারের অভাব নাই যে কোনো সময় বিক্রি হতে পারে,Political Hate,Organization,Little to None,এই মন্তব্যে রাজনৈতিক প্রেক্ষাপটে একটি সংগঠন বা প্রতিষ্ঠানের বিরুদ্ধে মৃদু বা গৌণ মাত্রার বিদ্বেষ ও ঘৃণা প্রকাশ করা হয়েছে।,rule-contextual,False,pending,
17710,ফিলিস্তিনিদের মতো ইউকনেরা সন্ত্রাসী কাজ করতেছে,Political Hate,Society,Severe,এই মন্তব্যে রাজনৈতিক প্রেক্ষাপটে সামগ্রিকভাবে সমাজ বা জাতির বিরুদ্ধে তীব্র ও গুরুতর মাত্রার বিদ্বেষ ও ঘৃণা প্রকাশ করা হয়েছে।,rule-contextual,False,pending,
583,১৫ বছর খমতায় থাকার পর এখন নতুন নাটক চালু হয়েছে,,,Little to None,এটি একটি নিরপেক্ষ মন্তব্য যেখানে কাউকে লক্ষ্য করে কোনো অবমাননাকর বা বৈষম্যমূলক ভাষা ব্যবহার করা হয়নি।,rule-based,False,pending,
18573,তুমিতো তাশিব খানের নখের ও যোগ্য না,Abusive,Individual,Mild,এই বক্তব্যে ব্যবহৃত ভাষা ও দৃষ্টিভঙ্গি একটি নির্দিষ্ট ব্যক্তির বিরুদ্ধে মাঝারি মাত্রার গালিগালাজমূলক মন্তব্য প্রকাশ করে।,rule-contextual,False,pending,
26401,ধন্যবাদ কাকু সঠিক কথা বলার জনেই,,,Little to None,মন্তব্যকারী সাধারণ বিষয়ে মতামত দিয়েছেন এবং কোনো ঘৃণামূলক বক্তব্য প্রকাশ করেননি।,rule-based,False,pending,
13307,মিডিয়ার মাধ্যমে বলতে চাই পুড়িয়ে মারছিস তুই মাগি তোরে জনগন ছাড়বে না কাল রাস্তায় বেনার নিয়ে নেমেছিলাম জনগনের অধিকার পরিষদ হয়ে পরে পুলিশ বললো যে করা যাবে না আমরা বলছি আবার আসব কাল এভাবেই তোর বিরুদ্ধে রুখে দাঁড়াতে হবে আমাদেরনাহলে তোর শিক্ষা হবে না,Abusive,Individual,Severe,মন্তব্যটিতে একটি নির্দিষ্ট ব্যক্তির বিরুদ্ধে তীব্র ও গুরুতর মাত্রার অশ্লীল শব্দচয়ন ও কুরুচিপূর্ণ ভাষা ব্যবহার করা হয়েছে।,rule-contextual,False,pending,
5133,জাতীয় বেইমান জাতীপার্টি,Abusive,Organization,Mild,"মন্তব্যটিতে ""বেইমান"" এর মতো আক্রমণাত্মক ভাষা ব্যবহার করে নির্দিষ্ট সংগঠন বা প্রতিষ্ঠানকে লক্ষ্য করা হয়েছে। এটি মাঝারি মাত্রার গালিগালাজমূলক বক্তব্য।",rule-contextual,False,pending,
26376,এদের নামটাই শুধু মুসলমান,Abusive,Society,Mild,"মন্তব্যটিতে ""মুসলমান"" এর মতো আক্রমণাত্মক ও গালিগালাজমূলক ভাষা ব্যবহার করা হয়েছে। এটি সামগ্রিকভাবে সমাজ বা জাতির বিরুদ্ধে মাঝারি মাত্রার বক্তব্য।",rule-contextual,False,pending,
11240,কেনো তুমি জোক বুঝো না,,,Little to None,মন্তব্যকারী সাধারণ বিষয়ে মতামত দিয়েছেন এবং কোনো ঘৃণামূলক বক্তব্য প্রকাশ করেননি।,rule-based,False,pending,
28681,এই জারজরা সব খানেই মাথা ঠুকিয়ে দেয়,Abusive,Community,Severe,মন্তব্যটিতে একটি সম্প্রদায় বা গোষ্ঠীর বিরুদ্ধে তীব্র ও গুরুতর মাত্রার অশ্লীল শব্দচয়ন ও কুরুচিপূর্ণ ভাষা ব্যবহার করা হয়েছে।,rule-contextual,False,pending,
27580,বাংলাদেশ এ সঠিক বিচার নেই যদি শাস্ত্রির আওতায় না আনা হয়,,,Little to None,"এই মন্তব্যে কোনো আপত্তিকর, অশ্লীল বা ঘৃণাজনক বিষয়বস্তু নেই এবং এটি স্বাভাবিক আলোচনার অংশ।",rule-based,False,pending,
29445,আমরা সুমন ভাইয়ের পাসে আছি,,,Little to None,মন্তব্যকারী সাধারণ বিষয়ে মতামত দিয়েছেন এবং কোনো ঘৃণামূলক বক্তব্য প্রকাশ করেননি।,rule-based,False,pending,
34832,সাকিব আল হাসান ফেরদুচ এখন শাকিল খান কেও বয়কট করলাম,Abusive,Community,Mild,"এই মন্তব্যের ভাষা ও সুর আক্রমণাত্মক এবং অবমাননাকর, যা একটি সম্প্রদায় বা গোষ্ঠীর বিরুদ্ধে মাঝারি মাত্রার গালিগালাজমূলক বক্তব্য হিসেবে চিহ্নিত।",rule-contextual,False,pending,
1548,দেশের সকল বেসরকারি হাসপাতাল বন্ধ করে দেওয়া হোক তারা শুধু সেবার নামে টাকা চায়,Political Hate,Organization,Mild,"মন্তব্যকারী ""সরকার"", ""বন্ধ"" এর প্রসঙ্গে নির্দিষ্ট সংগঠন বা প্রতিষ্ঠানকে সম্পর্কে মাঝারি মাত্রার রাজনৈতিক বিদ্বেষ ও ঘৃণা প্রকাশ করেছেন।",rule-contextual,False,pending,
13013,ইনি সরকার দলীয় ডাক্তার তার বিরুদ্ধে কোন তদন্ত হবে না নিশ্চিত করে বলা যায়,Abusive,Individual,Little to None,"নির্দিষ্ট ব্যক্তিকে উদ্দেশ্যে ""সরকার"", ""দলীয়"" এর মতো অবমাননাকর শব্দ ব্যবহার এই মন্তব্যকে মৃদু বা গৌণ মাত্রার গালিগালাজ হিসেবে চিহ্নিত করে।",rule-contextual,False,pending,
12140,মোদিরে মিডিয়া বানাইছে ও মুদি তুই আমারে জো বাইডেনের সাথে একটা সেলফি তুলে দেনা ভাই,,,Little to None,মন্তব্যকারী সাধারণ বিষয়ে মতামত দিয়েছেন এবং কোনো ঘৃণামূলক বক্তব্য প্রকাশ করেননি।,rule-based,False,pending,
10545,ভালই তো পানি দিচ্ছে তো,,,Little to None,"এই মন্তব্যে কোনো আপত্তিকর, অশ্লীল বা ঘৃণাজনক বিষয়বস্তু নেই এবং এটি স্বাভাবিক আলোচনার অংশ।",rule-based,False,pending,
21502,১০ ডিসেম্বর কে কেন্দ্র নতুন নাটক সাধারণ মানুষ কে গুলি করে মারবে আর মিডিয়া কে বলবে দেখা ফাঁসি আসামি কে ধরেছি এটা একটা নতুন নাটক,Political Hate,Individual,Severe,"এই মন্তব্যে ""ফাঁসি"" সম্পর্কিত রাজনৈতিক ঘৃণা প্রকাশ পেয়েছে যেখানে নির্দিষ্ট ব্যক্তিকে আক্রমণের লক্ষ্যবস্তু। তীব্রতা তীব্র ও গুরুতর মাত্রার।",rule-contextual,False,pending,
2643,১৮ কোটি মানুষ চাই নতুন নির্বাচন শুধু আওয়ামিলীগ এর ছাড়া,Political Hate,Organization,Mild,"এই মন্তব্যে ""লীগ"", ""নির্বাচন"" সম্পর্কিত রাজনৈতিক ঘৃণা প্রকাশ পেয়েছে যেখানে নির্দিষ্ট সংগঠন বা প্রতিষ্ঠানকে আক্রমণের লক্ষ্যবস্তু। তীব্রতা মাঝারি মাত্রার।",rule-contextual,False,pending,
26322,আপনি ভোটটা দিলেই হবেআমাদের এখন আর ভোট দিতে হয় নাআপনাদের মত জোকাররা ভোট দিলেই ভোট পেয়ে যাবে,Political Hate,Individual,Mild,"নির্দিষ্ট ব্যক্তিকে বিরুদ্ধে ""ভোট"" এর মতো রাজনৈতিক বিদ্বেষমূলক শব্দ ব্যবহার করা হয়েছে। এটি মাঝারি মাত্রার রাজনৈতিক ঘৃণা প্রকাশ করে।",rule-contextual,False,pending,
25409,এহসান গ্রুপের ১৭ হাজার কোটি টাকা আত্মসাৎ করতে পারার পেছনে সবচেয়ে বড় ভূমিকা রেখেছে হাফিজুর রহমান,,,Little to None,"এই মন্তব্যে কোনো আপত্তিকর, অশ্লীল বা ঘৃণাজনক বিষয়বস্তু নেই এবং এটি স্বাভাবিক আলোচনার অংশ।",rule-based,False,pending,
3486,ভাই আপনাদের কি মাথায় মগোঝ আছে নাকি তাই বলেন তো আমাকে,Abusive,,Little to None,"এই মন্তব্যের ভাষা ও সুর আক্রমণাত্মক এবং অবমাননাকর, যা সাধারণভাবে মৃদু বা গৌণ মাত্রার গালিগালাজমূলক বক্তব্য হিসেবে চিহ্নিত।",rule-contextual,False,pending,
26016,সিসিটিভির ফোটেজ যদি ভোটের দিন থেকে দেখেন তবে লাভ নাই কারন ভোট তার আগের রাতেই হয়ে যাবে,Political Hate,Organization,Mild,"এই মন্তব্যে ""ভোট"" সম্পর্কিত রাজনৈতিক ঘৃণা প্রকাশ পেয়েছে যেখানে নির্দিষ্ট সংগঠন বা প্রতিষ্ঠানকে আক্রমণের লক্ষ্যবস্তু। তীব্রতা মাঝারি মাত্রার।",rule-contextual,False,pending,
19898,ইতিহাসের দিকে তাকাও চেঙ্গিস খান রাজত্ব করেছিল টিকতে পারে নাই খারাপ ভাবে ধ্বংস হয়েছিল তাদের দল একসময় ইংরেজরাও দখল কইরা ছিলো টিকতে পারে নাই খুব খারাপভাবে ধ্বংস হয়েছিল একসময় হিটলারও কিছু জয় করেছিল টিকতে পারে নাই খুব খারাপ ভাবে ধ্বংস হয়েছিল,Political Hate,Community,Mild,"নির্দিষ্ট সম্প্রদায় বা গোষ্ঠীকে বিরুদ্ধে ""দল"", ""দখল"", ""ধ্বংস"" এর মতো রাজনৈতিক বিদ্বেষমূলক শব্দ ব্যবহার করা হয়েছে। এটি মাঝারি মাত্রার রাজনৈতিক ঘৃণা প্রকাশ করে।",rule-contextual,False,pending,
5091,দৈনদিন একটি করে আমেরিকার বিরুদ্ধে সংবাদ প্রচার করে কি সাধারণ মানুষের মগজ ধুলায় করা যাবে এতে বুঝা যায় মার্কিনরা কতটা স্বাধীন,,,Little to None,"এই মন্তব্যে কোনো ঘৃণামূলক, আক্রমণাত্মক বা বৈষম্যমূলক ভাষা নেই, তাই এটি স্বাভাবিক মন্তব্য হিসেবে শ্রেণিবদ্ধ।",rule-based,False,pending,
4524,কীসের মুসলিম তোরাসত্যিকারের মুসলিম হলে অস্ত্র হাতে নিজেদের ভূমিকে স্বাধীন কর,Religious Hate,Society,Mild,"সমাজ বা জাতিকে বিরুদ্ধে ""মুসলিম"" এর মতো সাম্প্রদায়িক শব্দ ব্যবহার করা হয়েছে, যা মাঝারি মাত্রার ধর্মীয় বিদ্বেষ নির্দেশ করে।",rule-contextual,False,pending,
27342,জয় হোক সনাতনী ধর্মের,,,Little to None,"মন্তব্যটিতে কোনো নির্দিষ্ট ব্যক্তি, গোষ্ঠী বা সম্প্রদায়ের বিরুদ্ধে ঘৃণা বা বিদ্বেষ প্রকাশ পায়নি।",rule-based,False,pending,
21134,আগামী দিন উজবেকিস্তান কির্গিস্টান এ ঈদ,,,Little to None,এই বাক্যে কোনো ঘৃণামূলক শব্দ বা আক্রমণাত্মক প্রকাশ নেই এবং এটি সাধারণ মতামত প্রকাশ করে।,rule-based,False,pending,
25783,সময় টিভি একটা পঁচা মাল,Abusive,Organization,Mild,মন্তব্যটির সামগ্রিক সুর ও ভাষা একটি সংগঠন বা প্রতিষ্ঠানের বিরুদ্ধে মাঝারি মাত্রার আক্রমণাত্মক বক্তব্য নির্দেশ করে।,rule-contextual,False,pending,
13704,নিজের দেশে শান্তি নাইআর তারা বাইরে শান্তি প্রতিষ্ঠা করতে গেছে,Abusive,Community,Mild,"এই মন্তব্যের ভাষা ও সুর আক্রমণাত্মক এবং অবমাননাকর, যা একটি সম্প্রদায় বা গোষ্ঠীর বিরুদ্ধে মাঝারি মাত্রার গালিগালাজমূলক বক্তব্য হিসেবে চিহ্নিত।",rule-contextual,False,pending,
12859,পাগলচুদা হেডামন্ত্রী সুনা হাসিনা মদির বউ,Abusive,Individual,Severe,"মন্তব্যকারী ""চুদ"", ""পাগল"" ব্যবহার করে নির্দিষ্ট ব্যক্তিকে অশ্লীলভাবে আক্রমণ করেছেন। ভাষার মাত্রা তীব্র ও গুরুতর মাত্রার অশ্লীলতা নির্দেশ করে।",rule-contextual,False,pending,
8061,এই নেতা গুলো খুবই সৎ সেই জন্য আল্লাহ্ গায়েবি ভাবে এদের ব্যাংকে টাকা জমা করে দিছে,Abusive,Community,Mild,এই বক্তব্যে ব্যবহৃত ভাষা ও দৃষ্টিভঙ্গি একটি সম্প্রদায় বা গোষ্ঠীর বিরুদ্ধে মাঝারি মাত্রার গালিগালাজমূলক মন্তব্য প্রকাশ করে।,rule-contextual,False,pending,
133,চুরের অধীনে কোনো নির্বাচন করতে দেয়া হবে না,Political Hate,Individual,Mild,"মন্তব্যকারী ""নির্বাচন"" এর প্রসঙ্গে নির্দিষ্ট ব্যক্তিকে সম্পর্কে মাঝারি মাত্রার রাজনৈতিক বিদ্বেষ ও ঘৃণা প্রকাশ করেছেন।",rule-contextual,False,pending,
22749,এ যোগের মীরজাফর এরদোয়ান,Abusive,Individual,Mild,মন্তব্যটির সামগ্রিক সুর ও ভাষা একটি নির্দিষ্ট ব্যক্তির বিরুদ্ধে মাঝারি মাত্রার আক্রমণাত্মক বক্তব্য নির্দেশ করে।,rule-contextual,False,pending,
28461,নিজের মাথায় কাপড় নেই নিজে পর্দা করেন নানিজে নামাজ পড়ে কি না আল্লাহ জানেনউনি আসছেন মেয়েদের জন্য তারাবি নামাজ পড়ার মসজিদ বানাতেআচ্ছা মেয়েদের মসজিদে গিয়ে তারাবি নামাজ আদায় করা জায়েজ কি না সেটা জানেন তো,Abusive,Individual,Severe,"মন্তব্যটিতে ""মসজিদ"" এর মতো আক্রমণাত্মক ও গালিগালাজমূলক ভাষা ব্যবহার করা হয়েছে। এটি একটি নির্দিষ্ট ব্যক্তির বিরুদ্ধে তীব্র ও গুরুতর মাত্রার বক্তব্য।",rule-contextual,False,pending,
10166,চোরকে আর ক্ষমতায় দেখতে চাই না,Abusive,Individual,Mild,"মন্তব্যটিতে ""চোর"" এর মতো আক্রমণাত্মক ভাষা ব্যবহার করে নির্দিষ্ট ব্যক্তিকে লক্ষ্য করা হয়েছে। এটি মাঝারি মাত্রার গালিগালাজমূলক বক্তব্য।",rule-contextual,False,pending,
19558,এসব ফুটবলার দরকার নাইমুরসালিন গরিব ছেলে হঠাত টাকা হলে যা হয়,Abusive,,Little to None,"এই মন্তব্যের ভাষা ও সুর আক্রমণাত্মক এবং অবমাননাকর, যা সাধারণভাবে মৃদু বা গৌণ মাত্রার গালিগালাজমূলক বক্তব্য হিসেবে চিহ্নিত।",rule-contextual,False,pending,
7101,কম্বল দা ভূমিকম্প কি ধেয়ে আসছে,,,Little to None,"মন্তব্যটিতে কোনো গালিগালাজ, বিদ্বেষ বা আপত্তিকর বিষয়বস্তু পাওয়া যায়নি বলে এটি নিরপেক্ষ মন্তব্য।",rule-based,False,pending,
14703,ভাষা ঠিক করেন আন ফিট শব্দটা কই পাইলেন সম্পূর্ণ ফিট না আর আনফিট দুই কথা আলাদাশব্দচয়ন ভালোভাবে করবেন আশা রাখছি,Abusive,Individual,Little to None,এই বক্তব্যে ব্যবহৃত ভাষা ও দৃষ্টিভঙ্গি একটি নির্দিষ্ট ব্যক্তির বিরুদ্ধে মৃদু বা গৌণ মাত্রার গালিগালাজমূলক মন্তব্য প্রকাশ করে।,rule-contextual,False,pending,
6240,ইসলামী দেশগুলো এক হতে হবে,,,Little to None,"এই মন্তব্যে কোনো আপত্তিকর, অশ্লীল বা ঘৃণাজনক বিষয়বস্তু নেই এবং এটি স্বাভাবিক আলোচনার অংশ।",rule-based,False,pending,
30838,ভাইরালের যুগ যে যেভাবে পারছে ভাইরাল হচ্ছে তবে হ্যা অবশ্যই এটা একটা অসাধারণ প্রতিভা এটা সবার দ্বারা সম্ভব নয় আমি মুগ্ধ আমি তার জন্য শুভকামনা করছি,,,Little to None,"মন্তব্যটিতে কোনো নির্দিষ্ট ব্যক্তি, গোষ্ঠী বা সম্প্রদায়ের বিরুদ্ধে ঘৃণা বা বিদ্বেষ প্রকাশ পায়নি।",rule-based,False,pending,
31312,গুজবে কান দিবেন নাহ,,,Little to None,"মন্তব্যটিতে কোনো নির্দিষ্ট ব্যক্তি, গোষ্ঠী বা সম্প্রদায়ের বিরুদ্ধে ঘৃণা বা বিদ্বেষ প্রকাশ পায়নি।",rule-based,False,pending,
24711,এতো কিছু না করে পারমাণবিক বোম মেরে দাও তাহলে হিসাব ক্লিয়ার,Political Hate,Society,Severe,মন্তব্যটি রাজনৈতিক ব্যক্তি বা দলের প্রতি সামগ্রিকভাবে সমাজ বা জাতির বিরুদ্ধে তীব্র ও গুরুতর মাত্রার ঘৃণামূলক দৃষ্টিভঙ্গি প্রকাশ করে।,rule-contextual,False,pending,
15297,আলহামদুলিল্লাহ মহামারী শেষ হতেই আবার পরিপূর্ণ হতে শুরু করেছে আল্লাহর ঘর,,,Little to None,"এই মন্তব্যে কোনো আপত্তিকর, অশ্লীল বা ঘৃণাজনক বিষয়বস্তু নেই এবং এটি স্বাভাবিক আলোচনার অংশ।",rule-based,False,pending,
25601,হোগার পো সময় টেলিভিশনে মাইকেল কি বলছে দেখো,Abusive,Individual,Severe,এই বক্তব্যে ব্যবহৃত অশ্লীল ভাষা একটি নির্দিষ্ট ব্যক্তির বিরুদ্ধে তীব্র ও গুরুতর মাত্রার কুরুচিপূর্ণ মন্তব্য নির্দেশ করে।,rule-contextual,False,pending,
12307,ফকিন্নি সাংবাদিক তুমি এইটা বলতে পারো এই গাড়িগুলা এদেশে হাজার হাজার আছে কিন্তু দাম কেমন এদেশে আর বাংলাদেশে এই গাড়িগুলি দাম বেশি কেনো অই দামে যদি বাংলাদেশে বিক্রি হয় তাহলে বাংলার সবার ঘরেই এই গাড়ি থাকবো,Abusive,Individual,Little to None,এই বক্তব্যে ব্যবহৃত ভাষা ও দৃষ্টিভঙ্গি একটি নির্দিষ্ট ব্যক্তির বিরুদ্ধে মৃদু বা গৌণ মাত্রার গালিগালাজমূলক মন্তব্য প্রকাশ করে।,rule-contextual,False,pending,
19876,আপনি যে মিথ্যা কথা বলতে পারেন সেটা বাংলার জনগণ সবাই ভালো করে জানে,,,Little to None,মন্তব্যকারী সাধারণ বিষয়ে মতামত দিয়েছেন এবং কোনো ঘৃণামূলক বক্তব্য প্রকাশ করেননি।,rule-based,False,pending,
1218,হায়রে সময় নিউজ ছাত্রদলের নেতাকর্মীরা কি তোদের বোনকে দেখতে যাচ্ছিলো,,,Little to None,মন্তব্যটি সাধারণ মতামত প্রকাশ করে এবং এতে কোনো ঘৃণা বা সহিংসতামূলক উপাদান নেই।,rule-based,False,pending,
28674,এনি বর্তমান সময়োর রাজাকার,Abusive,Individual,Little to None,"এই বক্তব্যে নির্দিষ্ট ব্যক্তিকে প্রতি ""রাজাকার"" এর মতো আপত্তিকর শব্দচয়ন এটিকে মৃদু বা গৌণ মাত্রার আক্রমণাত্মক মন্তব্য হিসেবে শ্রেণিবদ্ধ করে।",rule-contextual,False,pending,
14732,ইহুদীদের দালাল বিএনপি জামায়াত তাদের অন্তরের কষ্ট আরও বেড়ে গেল,Political Hate,Organization,Mild,"মন্তব্যকারী ""বিএনপি"", ""দালাল"" এর প্রসঙ্গে নির্দিষ্ট সংগঠন বা প্রতিষ্ঠানকে সম্পর্কে মাঝারি মাত্রার রাজনৈতিক বিদ্বেষ ও ঘৃণা প্রকাশ করেছেন।",rule-contextual,False,pending,
33148,কথায় আছে চোরের দশ দিন আর গৃহস্থের একদিন তার প্রমাণ আজকে ভারত পাইসে বেস্ট অফ লাক ইংল্যান্ড,Abusive,Society,Mild,"মন্তব্যকারী ""চোর"" ব্যবহার করে সমাজ বা জাতিকে আক্রমণ করেছেন। ভাষার তীব্রতা মাঝারি মাত্রার বলে প্রতীয়মান।",rule-contextual,False,pending,
32063,ভোট চোরদের বিচার বাংলার মাটিতেই হবে,Political Hate,Community,Mild,"মন্তব্যকারী ""ভোট"", ""বিচার"", ""চোর"" এর প্রসঙ্গে নির্দিষ্ট সম্প্রদায় বা গোষ্ঠীকে সম্পর্কে মাঝারি মাত্রার রাজনৈতিক বিদ্বেষ ও ঘৃণা প্রকাশ করেছেন।",rule-contextual,False,pending,
6786,বরিশালের সময় সংবাদের রিপোর্টার অপূর্ব অপুর ফোন নাম্বার চাই,,,Little to None,"মন্তব্যটিতে কোনো নির্দিষ্ট ব্যক্তি, গোষ্ঠী বা সম্প্রদায়ের বিরুদ্ধে ঘৃণা বা বিদ্বেষ প্রকাশ পায়নি।",rule-based,False,pending,
2677,নেশা টেকবাজের শহর ময়মনসিংহ,,,Little to None,"মন্তব্যটিতে কোনো গালিগালাজ, বিদ্বেষ বা আপত্তিকর বিষয়বস্তু পাওয়া যায়নি বলে এটি নিরপেক্ষ মন্তব্য।",rule-based,False,pending,
9350,খুব ভালো খুব ভালো সিদ্ধান্ত নিয়েছে,,,Little to None,মন্তব্যটি সাধারণ মতামত প্রকাশ করে এবং এতে কোনো ঘৃণা বা সহিংসতামূলক উপাদান নেই।,rule-based,False,pending,
26089,রাজাকার হলে যা হয় দেশের জন্য কোন কিছু করতে পারে না টিটেন মারায়,Abusive,Individual,Little to None,"এই বক্তব্যে নির্দিষ্ট ব্যক্তিকে প্রতি ""রাজাকার"", ""মারা"" এর মতো আপত্তিকর শব্দচয়ন এটিকে মৃদু বা গৌণ মাত্রার আক্রমণাত্মক মন্তব্য হিসেবে শ্রেণিবদ্ধ করে।",rule-contextual,False,pending,
20084,আবারো প্রমাণ হলো সবাই কারাপ হয় না,,,Little to None,"মন্তব্যটিতে কোনো নির্দিষ্ট ব্যক্তি, গোষ্ঠী বা সম্প্রদায়ের বিরুদ্ধে ঘৃণা বা বিদ্বেষ প্রকাশ পায়নি।",rule-based,False,pending,
3122,তবুও হামাসের পক্ষে এরাই এদের জন্য মায়া লাগে কিন্তু যখন হামাসের মত একটা গ্রুপকে সমর্থন করে তখনই ইসরায়েলের প্রতি সমর্থন চলে আসে,Abusive,Society,Severe,"মন্তব্যটিতে ""হামাস"" এর মতো আক্রমণাত্মক ও গালিগালাজমূলক ভাষা ব্যবহার করা হয়েছে। এটি সামগ্রিকভাবে সমাজ বা জাতির বিরুদ্ধে তীব্র ও গুরুতর মাত্রার বক্তব্য।",rule-contextual,False,pending,
10500,এসব ধর্ষকের পুরুষাঙ্গ ইনজেকশন দিয়ে অক্ষম করে দেওয়া হউক যাতে করে এরা আর কারো সাথে একাজ করতে না পারে,Abusive,Community,Severe,মন্তব্যটির সামগ্রিক সুর ও ভাষা একটি সম্প্রদায় বা গোষ্ঠীর বিরুদ্ধে তীব্র ও গুরুতর মাত্রার আক্রমণাত্মক বক্তব্য নির্দেশ করে।,rule-contextual,False,pending,
28102,এবার হবে দেশের ক্রিকেট এর পরিবর্তন হাওয়া লেগেছে এশিয়া কাপ এর ট্রফি জিতার আনন্দজিতবে দেশ দেখবে সবাই সাকিব মানে আাশার আলো,,,Little to None,"মন্তব্যটিতে কোনো নির্দিষ্ট ব্যক্তি, গোষ্ঠী বা সম্প্রদায়ের বিরুদ্ধে ঘৃণা বা বিদ্বেষ প্রকাশ পায়নি।",rule-based,False,pending,
12060,আমার মনে হয় কেউ এখন গাড়িতে উঠে না রেলওয়ে উঠেএর কারণ খুঁজে বের করবেন,,,Little to None,এটি একটি নিরপেক্ষ মন্তব্য যেখানে কাউকে লক্ষ্য করে কোনো অবমাননাকর বা বৈষম্যমূলক ভাষা ব্যবহার করা হয়নি।,rule-based,False,pending,
11668,মহান আল্লাহ্ সবাই কে হেফাজতে রাখুন আমিন,,,Little to None,"মন্তব্যটিতে কোনো নির্দিষ্ট ব্যক্তি, গোষ্ঠী বা সম্প্রদায়ের বিরুদ্ধে ঘৃণা বা বিদ্বেষ প্রকাশ পায়নি।",rule-based,False,pending,
13466,ওর মুখে যদি মুতে দিতে পারতাম আত্মাটা শান্তি পেতো টানা ৩বার ক্ষমতায় থেকে এখনো জিয়ার দোষ খুঁজে মাগী কোথাকার,Abusive,Individual,Severe,"মন্তব্যটিতে ""মাগী"" এর মতো আক্রমণাত্মক ও গালিগালাজমূলক ভাষা ব্যবহার করা হয়েছে। এটি একটি নির্দিষ্ট ব্যক্তির বিরুদ্ধে তীব্র ও গুরুতর মাত্রার বক্তব্য।",rule-contextual,False,pending,
35434,হে আল্লাহ তুমি আমার মুসলিম ভাই বোনদেরকে অভুক্ত রেখো নাতাদের কে উত্তম রিজিক দান কর,,,Little to None,মন্তব্যটি সাধারণ মতামত প্রকাশ করে এবং এতে কোনো ঘৃণা বা সহিংসতামূলক উপাদান নেই।,rule-based,False,pending,
26084,সমস্সা নাই এনবিআরকে বলা হয়েছে পাবলিকের উপর কর বাড়ান পাবলিক থেকে টাকা গুলো নিয়ে এভাবে ভাগ বাটোয়ারা হচ্ছে আর ঋনের নামে বেংক লুট চলছে পরে খেলাপির তালিকায়,Abusive,Organization,Mild,এই বক্তব্যে ব্যবহৃত ভাষা ও দৃষ্টিভঙ্গি একটি সংগঠন বা প্রতিষ্ঠানের বিরুদ্ধে মাঝারি মাত্রার গালিগালাজমূলক মন্তব্য প্রকাশ করে।,rule-contextual,False,pending,
18268,এই পকরুল মিথ্যা বলার জন্য আসামি করা হোক,,,Little to None,মন্তব্যটি সাধারণ মতামত প্রকাশ করে এবং এতে কোনো ঘৃণা বা সহিংসতামূলক উপাদান নেই।,rule-based,False,pending,
29393,আপনারা কেমন মা বাবা বাচ্ছা দের অথোই সাগরে ভাসিয়ে দিতে চান,Abusive,Individual,Severe,"এই মন্তব্যের ভাষা ও সুর আক্রমণাত্মক এবং অবমাননাকর, যা একটি নির্দিষ্ট ব্যক্তির বিরুদ্ধে তীব্র ও গুরুতর মাত্রার গালিগালাজমূলক বক্তব্য হিসেবে চিহ্নিত।",rule-contextual,False,pending,
31256,ভোট চোর জুতা মার,Political Hate,Organization,Mild,"মন্তব্যকারী ""ভোট"", ""চোর"" এর প্রসঙ্গে নির্দিষ্ট সংগঠন বা প্রতিষ্ঠানকে সম্পর্কে মাঝারি মাত্রার রাজনৈতিক বিদ্বেষ ও ঘৃণা প্রকাশ করেছেন।",rule-contextual,False,pending,
26819,ভারত বাংলাদেশ থুক্কু ভারত আওয়ামীলিগ যেনো এক মায়ের দুটো ভাই থুক্কু এক ঘরের জামাই বউ,Political Hate,Community,Mild,"মন্তব্যটিতে ""বউ"" এর মতো রাজনৈতিক ঘৃণামূলক ভাষা ব্যবহার করা হয়েছে। এটি একটি সম্প্রদায় বা গোষ্ঠীর বিরুদ্ধে মাঝারি মাত্রার বক্তব্য।",rule-contextual,False,pending,
13786,সবার জানা দরকার যুক্তরাষ্ট্র ও পশ্চিমারা সন্ত্রাসী রাষ্ট্র,Abusive,Society,Severe,"মন্তব্যটিতে ""মারা"" এর মতো আক্রমণাত্মক ভাষা ব্যবহার করে সমাজ বা জাতিকে লক্ষ্য করা হয়েছে। এটি তীব্র ও গুরুতর মাত্রার গালিগালাজমূলক বক্তব্য।",rule-contextual,False,pending,
24159,কাল সারারাত কারেন্ট ছিলোনা তাহলে লোডশেডিং কমলো কিভাবে,,,Little to None,এই বাক্যে কোনো ঘৃণামূলক শব্দ বা আক্রমণাত্মক প্রকাশ নেই এবং এটি সাধারণ মতামত প্রকাশ করে।,rule-based,False,pending,
5866,আপনার দলের লোক কত লক্ষ সমাবেশ বলছে,Abusive,Organization,Little to None,"এই মন্তব্যের ভাষা ও সুর আক্রমণাত্মক এবং অবমাননাকর, যা একটি সংগঠন বা প্রতিষ্ঠানের বিরুদ্ধে মৃদু বা গৌণ মাত্রার গালিগালাজমূলক বক্তব্য হিসেবে চিহ্নিত।",rule-contextual,False,pending,
10496,মাশরাফিকে কলা দেখিয়ে এখন ঝুলা দিয়ে বুজ দিতেছে কোন নিয়ম মানি না মাশরাফিকে বোর্ড প্রেসিডেন্ট হিসেবে দেখতে চাই,Abusive,Organization,Mild,"এই মন্তব্যের ভাষা ও সুর আক্রমণাত্মক এবং অবমাননাকর, যা একটি সংগঠন বা প্রতিষ্ঠানের বিরুদ্ধে মাঝারি মাত্রার গালিগালাজমূলক বক্তব্য হিসেবে চিহ্নিত।",rule-contextual,False,pending,
22616,ট্রাম্প ঠিক বলেছেন উনার কথার সাথে একমত,Political Hate,Individual,Little to None,রাজনৈতিক বিষয়ে একটি নির্দিষ্ট ব্যক্তির বিরুদ্ধে মৃদু বা গৌণ মাত্রার বিদ্বেষপূর্ণ মনোভাব এই মন্তব্যে স্পষ্ট।,rule-contextual,False,pending,
30499,সাগর রনির হত্যার আসামি হবে স্বৈরাচার লী,Abusive,Individual,Severe,"মন্তব্যটিতে ""স্বৈরাচার"" এর মতো আক্রমণাত্মক ও গালিগালাজমূলক ভাষা ব্যবহার করা হয়েছে। এটি একটি নির্দিষ্ট ব্যক্তির বিরুদ্ধে তীব্র ও গুরুতর মাত্রার বক্তব্য।",rule-contextual,False,pending,
16559,মানুষের বালেও ভোট দেইনি,Abusive,Society,Severe,"মন্তব্যকারী ""বাল"" ব্যবহার করে সমাজ বা জাতিকে অশ্লীলভাবে আক্রমণ করেছেন। ভাষার মাত্রা তীব্র ও গুরুতর মাত্রার অশ্লীলতা নির্দেশ করে।",rule-contextual,False,pending,
28937,আর কত হত্যাকাণ্ড হলে ভারতকে কড়া জবাব দেয়া হবে এর অপেক্ষায়,Abusive,Society,Little to None,"এই মন্তব্যের ভাষা ও সুর আক্রমণাত্মক এবং অবমাননাকর, যা সামগ্রিকভাবে সমাজ বা জাতির বিরুদ্ধে মৃদু বা গৌণ মাত্রার গালিগালাজমূলক বক্তব্য হিসেবে চিহ্নিত।",rule-contextual,False,pending,
6003,ওরে সময় টিভির নাপিত বিশ্বের বাজারে তেলের দাম কম বাংলাদেশ টাকা লিটার এগুলা নি তো কারো মাথা ব্যাথা নেই,Abusive,Individual,Mild,এই বক্তব্যে ব্যবহৃত ভাষা ও দৃষ্টিভঙ্গি একটি নির্দিষ্ট ব্যক্তির বিরুদ্ধে মাঝারি মাত্রার গালিগালাজমূলক মন্তব্য প্রকাশ করে।,rule-contextual,False,pending,
8676,হায়রে বাঙ্গালী আমি নিজেও বাঙ্গালী,,,Little to None,এই বাক্যে কোনো ঘৃণামূলক শব্দ বা আক্রমণাত্মক প্রকাশ নেই এবং এটি সাধারণ মতামত প্রকাশ করে।,rule-based,False,pending,
1919,আওয়ামী লীগের কথিত দালাল সময় টিভি ৭১ টিভি ডিবিসি টিভি ভাবছি আওয়ামী লীগের পতন হলে এদের কি হবে,Abusive,Organization,Mild,"এই বক্তব্যে নির্দিষ্ট সংগঠন বা প্রতিষ্ঠানকে প্রতি ""দালাল"", ""পতন"" এর মতো আপত্তিকর শব্দচয়ন এটিকে মাঝারি মাত্রার আক্রমণাত্মক মন্তব্য হিসেবে শ্রেণিবদ্ধ করে।",rule-contextual,False,pending,
1413,সর্বোচ্চ দুইজন চালক বলতে কি বুঝিয়েছেন,,,Little to None,"মন্তব্যটিতে কোনো নির্দিষ্ট ব্যক্তি, গোষ্ঠী বা সম্প্রদায়ের বিরুদ্ধে ঘৃণা বা বিদ্বেষ প্রকাশ পায়নি।",rule-based,False,pending,
29013,এ সময় কোন লোক ছিলনা ফালতু ভিডিও,Abusive,Individual,Mild,"এই মন্তব্যের ভাষা ও সুর আক্রমণাত্মক এবং অবমাননাকর, যা একটি নির্দিষ্ট ব্যক্তির বিরুদ্ধে মাঝারি মাত্রার গালিগালাজমূলক বক্তব্য হিসেবে চিহ্নিত।",rule-contextual,False,pending,
30367,মিথ্যা বাদী জাতি ইহুদি তা পবিত্র কুরআন শরীফ এ বলা আছে,Religious Hate,Community,Little to None,মন্তব্যটি ধর্মীয় বিষয়ে একটি সম্প্রদায় বা গোষ্ঠীর বিরুদ্ধে মৃদু বা গৌণ মাত্রার ঘৃণামূলক দৃষ্টিভঙ্গি প্রকাশ করে।,rule-contextual,False,pending,
14123,রাশিয়ার উচিত দুটো কিনজার ক্ষেপণাস্ত্র আজকেই ছেড়ে দেওয়া একটা ঢাকায় আর অন্যটা ভুয়া আল্লাহ ফাকের পুঁটকির ছেঁদায়,Religious Hate,Society,Severe,ধর্ম ও সম্প্রদায় সম্পর্কে সামগ্রিকভাবে সমাজ বা জাতির বিরুদ্ধে তীব্র ও গুরুতর মাত্রার বিদ্বেষপূর্ণ মনোভাব এই মন্তব্যে প্রকাশিত।,rule-contextual,False,pending,
11065,ভোট চুর সরকার আর নেই দরকার,Political Hate,Organization,Mild,"মন্তব্যকারী ""সরকার"", ""ভোট"" এর প্রসঙ্গে নির্দিষ্ট সংগঠন বা প্রতিষ্ঠানকে সম্পর্কে মাঝারি মাত্রার রাজনৈতিক বিদ্বেষ ও ঘৃণা প্রকাশ করেছেন।",rule-contextual,False,pending,
27137,হালার পুত মিত্তাবাদিকুকুর অ তদের থেকে ভালো আছে,Abusive,Individual,Severe,"নির্দিষ্ট ব্যক্তিকে উদ্দেশ্যে ""হালা"" এর মতো চরম অশ্লীল ভাষা প্রয়োগ এই মন্তব্যকে তীব্র ও গুরুতর মাত্রার অশ্লীল বক্তব্য হিসেবে শ্রেণিবদ্ধ করে।",rule-contextual,False,pending,
8954,নিজেরা করলেএমনি হয়,,,Little to None,এটি একটি নিরপেক্ষ মন্তব্য যেখানে কাউকে লক্ষ্য করে কোনো অবমাননাকর বা বৈষম্যমূলক ভাষা ব্যবহার করা হয়নি।,rule-based,False,pending,
22826,হা ভাল বিনা ভোটে নির্বাচিত হয়,Political Hate,Organization,Severe,"মন্তব্যটিতে ""ভোট"" উল্লেখ করে রাজনৈতিক বিদ্বেষ প্রকাশ করা হয়েছে। নির্দিষ্ট সংগঠন বা প্রতিষ্ঠানকে লক্ষ্য করে এই তীব্র ও গুরুতর মাত্রার রাজনৈতিক ঘৃণামূলক বক্তব্য।",rule-contextual,False,pending,
16273,আমার জামাই রা এর জন্মই হয়েছে রেকর্ড ভাঙা জন্য আর আমার তাইহিউং জামাই ও কম না,,,Little to None,মন্তব্যকারী সাধারণ বিষয়ে মতামত দিয়েছেন এবং কোনো ঘৃণামূলক বক্তব্য প্রকাশ করেননি।,rule-based,False,pending,
29382,পুলিশই বড় চোর ওদের সাথে পুলিশও জড়িত আছে এজন্য আটক করছে না,Abusive,Community,Mild,"নির্দিষ্ট সম্প্রদায় বা গোষ্ঠীকে উদ্দেশ্যে ""চোর"" এর মতো অবমাননাকর শব্দ ব্যবহার এই মন্তব্যকে মাঝারি মাত্রার গালিগালাজ হিসেবে চিহ্নিত করে।",rule-contextual,False,pending,
30704,যারা রাতেই ভোট চুরি করেছেন তা দেখাবেন কখন,Political Hate,Organization,Little to None,"মন্তব্যটিতে ""ভোট"" উল্লেখ করে রাজনৈতিক বিদ্বেষ প্রকাশ করা হয়েছে। নির্দিষ্ট সংগঠন বা প্রতিষ্ঠানকে লক্ষ্য করে এই মৃদু বা গৌণ মাত্রার রাজনৈতিক ঘৃণামূলক বক্তব্য।",rule-contextual,False,pending,
9626,আবোল তাবোল কথা বাদ দিয়ে দেও,,,Little to None,"মন্তব্যটিতে কোনো নির্দিষ্ট ব্যক্তি, গোষ্ঠী বা সম্প্রদায়ের বিরুদ্ধে ঘৃণা বা বিদ্বেষ প্রকাশ পায়নি।",rule-based,False,pending,
24937,ধীরে ধীরে পুরো আমেরিকা লাইনে আসবে এটা সবে শুরু,,,Little to None,"মন্তব্যটিতে কোনো গালিগালাজ, বিদ্বেষ বা আপত্তিকর বিষয়বস্তু পাওয়া যায়নি বলে এটি নিরপেক্ষ মন্তব্য।",rule-based,False,pending,
33199,পাপন পদত্যাগ করেন,,,Little to None,"মন্তব্যটিতে কোনো গালিগালাজ, বিদ্বেষ বা আপত্তিকর বিষয়বস্তু পাওয়া যায়নি বলে এটি নিরপেক্ষ মন্তব্য।",rule-based,False,pending,
26768,এই জন্য তোরা পার্টি তোদের সমস্যা আছে এই জন্য তোদের জাতহীন পার্টি বলে যাযাবর পার্টি,Political Hate,Organization,Severe,রাজনৈতিক বিষয়ে একটি সংগঠন বা প্রতিষ্ঠানের বিরুদ্ধে তীব্র ও গুরুতর মাত্রার বিদ্বেষপূর্ণ মনোভাব এই মন্তব্যে স্পষ্ট।,rule-contextual,False,pending,
24618,আমেরিকার সরকার নিষেধাজ্ঞা দিলে প্রাইভেট কোম্পানিগুলো পণ্য কিনবে আপনার মাথার ভিতরে তো কিছুই নাই,Abusive,Individual,Mild,"নির্দিষ্ট ব্যক্তিকে উদ্দেশ্যে ""আমেরিকার"", ""সরকার"" এর মতো অবমাননাকর শব্দ ব্যবহার এই মন্তব্যকে মাঝারি মাত্রার গালিগালাজ হিসেবে চিহ্নিত করে।",rule-contextual,False,pending,
26476,আমরা এই নরপশুর মৃত্যু দন্ড চাই তা না হলে র্্যালি করবমানব বন্ধন করবএই সব নর পশুের জন্য আজ আমাদের দেশটা শেষ টা শেষ হয়ে যাচ্ছে,Abusive,Community,Mild,"এই মন্তব্যের ভাষা ও সুর আক্রমণাত্মক এবং অবমাননাকর, যা একটি সম্প্রদায় বা গোষ্ঠীর বিরুদ্ধে মাঝারি মাত্রার গালিগালাজমূলক বক্তব্য হিসেবে চিহ্নিত।",rule-contextual,False,pending,
1395,সরকার জনগণের ক্ষমতা অবৈধভাবে ব্যবহার করতেছে তাই এই অবৈধ সরকারকে জনগণের গণ প্যাদানি দিয়ে শিক্ষা দিতে হবে,Political Hate,Organization,Severe,"মন্তব্যকারী ""সরকার"", ""ক্ষমতা"" এর প্রসঙ্গে নির্দিষ্ট সংগঠন বা প্রতিষ্ঠানকে সম্পর্কে তীব্র ও গুরুতর মাত্রার রাজনৈতিক বিদ্বেষ ও ঘৃণা প্রকাশ করেছেন।",rule-contextual,False,pending,
28216,সব কিছুর দাম বারার একটাই কারন তেলের দাম বারতি তেলের দাম কতমাতে পারলে সব কিছুর দাম কমে জাবে,,,Little to None,এই বাক্যে কোনো ঘৃণামূলক শব্দ বা আক্রমণাত্মক প্রকাশ নেই এবং এটি সাধারণ মতামত প্রকাশ করে।,rule-based,False,pending,
12137,তোরা পোঁদ চাটা ছাড়লি না,Abusive,Individual,Severe,মন্তব্যটিতে একটি নির্দিষ্ট ব্যক্তির বিরুদ্ধে তীব্র ও গুরুতর মাত্রার অশ্লীল শব্দচয়ন ও কুরুচিপূর্ণ ভাষা ব্যবহার করা হয়েছে।,rule-contextual,False,pending,
675,বাবুরা এখনো স্বপ্ন দেখেজেগে জেগে নির্বাচন পরে আন্দোলন জোরদার করা হবে,,,Little to None,"মন্তব্যটিতে কোনো গালিগালাজ, বিদ্বেষ বা আপত্তিকর বিষয়বস্তু পাওয়া যায়নি বলে এটি নিরপেক্ষ মন্তব্য।",rule-based,False,pending,
27711,প্লিজ ভাই এই বাবাকে আপনারা সাহায্য করেন,,,Little to None,"মন্তব্যটিতে কোনো নির্দিষ্ট ব্যক্তি, গোষ্ঠী বা সম্প্রদায়ের বিরুদ্ধে ঘৃণা বা বিদ্বেষ প্রকাশ পায়নি।",rule-based,False,pending,
10313,গুজব টিভি কি বুঝাতে চেয়েছে মানুষ কে বুকা ভাবো,Abusive,,Little to None,"এই মন্তব্যের ভাষা ও সুর আক্রমণাত্মক এবং অবমাননাকর, যা সাধারণভাবে মৃদু বা গৌণ মাত্রার গালিগালাজমূলক বক্তব্য হিসেবে চিহ্নিত।",rule-contextual,False,pending,
2839,আল্লাহতালা গুলগুল্লা লুঙ্গিপড়া লোকটার লুঙ্গি একটানে খুলে নেওয়া উচিত ছিল তাহলে যে একটানে লুঙ্গিটা খুলে ফেলতে পারতো সে বেহেস্তে যেতো,Abusive,Individual,Mild,"এই মন্তব্যের ভাষা ও সুর আক্রমণাত্মক এবং অবমাননাকর, যা একটি নির্দিষ্ট ব্যক্তির বিরুদ্ধে মাঝারি মাত্রার গালিগালাজমূলক বক্তব্য হিসেবে চিহ্নিত।",rule-contextual,False,pending,
31405,একজন নেতার সর্বপ্রথম যা দরকার তা হলো সাহসযার বিন্দুমাত্র আপনার নাই,Abusive,Individual,Mild,মন্তব্যটির সামগ্রিক সুর ও ভাষা একটি নির্দিষ্ট ব্যক্তির বিরুদ্ধে মাঝারি মাত্রার আক্রমণাত্মক বক্তব্য নির্দেশ করে।,rule-contextual,False,pending,
7260,আর খবর পাইলেন না,,,Little to None,মন্তব্যকারী সাধারণ বিষয়ে মতামত দিয়েছেন এবং কোনো ঘৃণামূলক বক্তব্য প্রকাশ করেননি।,rule-based,False,pending,
10071,৭১ লীগ টিভি ও সময় লিগ টিভি এই দুই ভুয়া বানোয়াট দালাল সম্প্রচারি টিভি কে সবার আগে দেখতে চাই,Abusive,Organization,Mild,"মন্তব্যটিতে ""দালাল"" এর মতো আক্রমণাত্মক ভাষা ব্যবহার করে নির্দিষ্ট সংগঠন বা প্রতিষ্ঠানকে লক্ষ্য করা হয়েছে। এটি মাঝারি মাত্রার গালিগালাজমূলক বক্তব্য।",rule-contextual,False,pending,
21785,এটাই বাংলাদেশের অবস্থা,,,Little to None,"এই মন্তব্যে কোনো আপত্তিকর, অশ্লীল বা ঘৃণাজনক বিষয়বস্তু নেই এবং এটি স্বাভাবিক আলোচনার অংশ।",rule-based,False,pending,
17225,জেনগেনে পকেট কেটে নিচে হাচিনা চোর,Abusive,Individual,Severe,"মন্তব্যকারী ""চোর"", ""নিচ"" ব্যবহার করে নির্দিষ্ট ব্যক্তিকে আক্রমণ করেছেন। ভাষার তীব্রতা তীব্র ও গুরুতর মাত্রার বলে প্রতীয়মান।",rule-contextual,False,pending,
11519,জন্মদিনের বাঙ্গি খাবেন পুতিন ভাঙ্গি,,,Little to None,"মন্তব্যটিতে কোনো গালিগালাজ, বিদ্বেষ বা আপত্তিকর বিষয়বস্তু পাওয়া যায়নি বলে এটি নিরপেক্ষ মন্তব্য।",rule-based,False,pending,
17430,আত্মা হত্যা করার চেষ্টা এটা একটা দন্ডনীয় অপরাধ,,,Little to None,"এই মন্তব্যে কোনো আপত্তিকর, অশ্লীল বা ঘৃণাজনক বিষয়বস্তু নেই এবং এটি স্বাভাবিক আলোচনার অংশ।",rule-based,False,pending,
26524,আমেরিকার কথায় যে চলবে তারই হাতে হারিকেন ধরাই দিবে এজন্য নিজের বুদ্ধিতে চলাই উত্তম,Abusive,Community,Severe,মন্তব্যটির সামগ্রিক সুর ও ভাষা একটি সম্প্রদায় বা গোষ্ঠীর বিরুদ্ধে তীব্র ও গুরুতর মাত্রার আক্রমণাত্মক বক্তব্য নির্দেশ করে।,rule-contextual,False,pending,
21263,সিং আগামীতে কোন সিরিজ খারাপ করলে দোষ দেয়া যাবে না কারন ও তো ওর পছন্দের খেলোয়াড় নিতে পারছে না,,,Little to None,"মন্তব্যটিতে কোনো নির্দিষ্ট ব্যক্তি, গোষ্ঠী বা সম্প্রদায়ের বিরুদ্ধে ঘৃণা বা বিদ্বেষ প্রকাশ পায়নি।",rule-based,False,pending,
33461,হে মা দুর্গা কুমিল্লার সাংসদ নাশিনী পরের বার অসুরকে ছেড়ে বাহারউদ্দিন বাহারকে বধ করো মা,Religious Hate,Individual,Little to None,এই মন্তব্যে ধর্মীয় প্রেক্ষাপটে একটি নির্দিষ্ট ব্যক্তির বিরুদ্ধে মৃদু বা গৌণ মাত্রার সাম্প্রদায়িক বিদ্বেষ প্রকাশ করা হয়েছে।,rule-contextual,False,pending,
7620,ভেবেছিলাম বাসের চাইতে ভাড়া কম হবে হলো না যাত্রা বাড়ি থেকে ভাংগার ভাড়া বাসে নেয় ২০০ টাকা আর ট্রেনে তার চাইতে বেশি তাতে লাভ কিযে লাউ সেই কদু,Abusive,Organization,Mild,মন্তব্যটির সামগ্রিক সুর ও ভাষা একটি সংগঠন বা প্রতিষ্ঠানের বিরুদ্ধে মাঝারি মাত্রার আক্রমণাত্মক বক্তব্য নির্দেশ করে।,rule-contextual,False,pending,
4111,ভাই একজন চেয়ারম্যান হ ওয়ার জন্য এক থেকে দেড় কোটি টাকা খরচ করে তাহলে তারা কি করবে অবশ্য তারা চোরি করবে,Political Hate,Individual,Mild,"রাজনৈতিক প্রেক্ষাপটে ""চোর"" ব্যবহার করে নির্দিষ্ট ব্যক্তিকে প্রতি বিদ্বেষ প্রকাশ এই মন্তব্যকে মাঝারি মাত্রার রাজনৈতিক ঘৃণামূলক বক্তব্য করে তোলে।",rule-contextual,False,pending,
9468,বিএনপি বিদেশীদের কাছে ভিক্ষা চাইয়া লাভ নাই,,,Little to None,এটি একটি নিরপেক্ষ মন্তব্য যেখানে কাউকে লক্ষ্য করে কোনো অবমাননাকর বা বৈষম্যমূলক ভাষা ব্যবহার করা হয়নি।,rule-based,False,pending,
2049,তুই শালা ফালতু এরশাদ আর তৈমুর সমানে সমান,Abusive,Individual,Mild,"মন্তব্যকারী ""শালা"", ""শালা"" ব্যবহার করে নির্দিষ্ট ব্যক্তিকে অশ্লীলভাবে আক্রমণ করেছেন। ভাষার মাত্রা মাঝারি মাত্রার অশ্লীলতা নির্দেশ করে।",rule-contextual,False,pending,
29450,হিজরা জাতি সাধারণ লোক মারবি কেন আমরা ও তোদের সাধারণ মানুষ মারবো তখন বুঝবি কস্ট কাকে বলে,Abusive,Community,Mild,"এই মন্তব্যের ভাষা ও সুর আক্রমণাত্মক এবং অবমাননাকর, যা একটি সম্প্রদায় বা গোষ্ঠীর বিরুদ্ধে মাঝারি মাত্রার গালিগালাজমূলক বক্তব্য হিসেবে চিহ্নিত।",rule-contextual,False,pending,
35074,বাংলাদেশ সেনাবাহিনীর মিসাইলের দূরত্ব মাত্র ১২০ কিলোমিটার যা এক বিভাগ থেকে আরেক বিভাগ যেতে পারবে না ধন্যবাদ অযোগ্য মেরুদন্ডহীন সামরিক বাহিনী,Abusive,Organization,Severe,"নির্দিষ্ট সংগঠন বা প্রতিষ্ঠানকে উদ্দেশ্যে ""অযোগ্য"" এর মতো অবমাননাকর শব্দ ব্যবহার এই মন্তব্যকে তীব্র ও গুরুতর মাত্রার গালিগালাজ হিসেবে চিহ্নিত করে।",rule-contextual,False,pending,
28233,ভারতের কাছে আমারা বিড়াল তার একমাত্র কারণ আপনারা সবাই জানেন,Abusive,Community,Mild,"মন্তব্যটিতে ""মারা"" এর মতো আক্রমণাত্মক ভাষা ব্যবহার করে নির্দিষ্ট সম্প্রদায় বা গোষ্ঠীকে লক্ষ্য করা হয়েছে। এটি মাঝারি মাত্রার গালিগালাজমূলক বক্তব্য।",rule-contextual,False,pending,
12680,থু ইন্ডিয়ার দালাল দেশদ্রোহী শেখ হাসিনা থু,Political Hate,Individual,Severe,"মন্তব্যটিতে ""হাসিনা"", ""দালাল"", ""দেশদ্রোহী"" উল্লেখ করে রাজনৈতিক বিদ্বেষ প্রকাশ করা হয়েছে। নির্দিষ্ট ব্যক্তিকে লক্ষ্য করে এই তীব্র ও গুরুতর মাত্রার রাজনৈতিক ঘৃণামূলক বক্তব্য।",rule-contextual,False,pending,
13263,অন্ধকার আর খাম্বা যুগে যাবো না চাই না,,,Little to None,এই বাক্যে কোনো ঘৃণামূলক শব্দ বা আক্রমণাত্মক প্রকাশ নেই এবং এটি সাধারণ মতামত প্রকাশ করে।,rule-based,False,pending,
10489,হাস্যকর মেডিক্যাল বিষয়ে কথা হচ্ছে অথচ মেডিক্যাল এক্সপার্ট কেউ নাই দুই হাম্বাদিকযাদের এই বিষয়ে জ্ঞান নাই তারা আলাপ করছেআসলে এরা ভালো চাইনাচাই কিছু ভিউ দর্শক খাবে তাই একটা আলাপ করলেই হলো,Abusive,Community,Little to None,এই বক্তব্যে ব্যবহৃত ভাষা ও দৃষ্টিভঙ্গি একটি সম্প্রদায় বা গোষ্ঠীর বিরুদ্ধে মৃদু বা গৌণ মাত্রার গালিগালাজমূলক মন্তব্য প্রকাশ করে।,rule-contextual,False,pending,
789,শশুর বাড়ি চাঁদপুর,,,Little to None,এই বাক্যে কোনো ঘৃণামূলক শব্দ বা আক্রমণাত্মক প্রকাশ নেই এবং এটি সাধারণ মতামত প্রকাশ করে।,rule-based,False,pending,
20703,এটা অমানুষের কাজ,Abusive,Individual,Little to None,"এই মন্তব্যের ভাষা ও সুর আক্রমণাত্মক এবং অবমাননাকর, যা একটি নির্দিষ্ট ব্যক্তির বিরুদ্ধে মৃদু বা গৌণ মাত্রার গালিগালাজমূলক বক্তব্য হিসেবে চিহ্নিত।",rule-contextual,False,pending,
15378,মোদি জারজ এর বাচ্চা,Abusive,Individual,Severe,এই বক্তব্যে ব্যবহৃত অশ্লীল ভাষা একটি নির্দিষ্ট ব্যক্তির বিরুদ্ধে তীব্র ও গুরুতর মাত্রার কুরুচিপূর্ণ মন্তব্য নির্দেশ করে।,rule-contextual,False,pending,
31066,মরক্কোর মতো দলের কাছে হেরে এই কথাটা পছন্দ হলো না নিশ্চয়ই সংবাদ পাঠক খেলা দেখেন না বা বুঝেন না,Abusive,Organization,Little to None,"এই মন্তব্যের ভাষা ও সুর আক্রমণাত্মক এবং অবমাননাকর, যা একটি সংগঠন বা প্রতিষ্ঠানের বিরুদ্ধে মৃদু বা গৌণ মাত্রার গালিগালাজমূলক বক্তব্য হিসেবে চিহ্নিত।",rule-contextual,False,pending,
13576,বাস্তব সত্য কথা গুলো মাননীয় প্রধানমন্ত্রী শেখ হাসিনা তুলেছেন মাএফুলের শুভেচ্ছা জানিয়ে বিদায়,,,Little to None,"এই মন্তব্যে কোনো আপত্তিকর, অশ্লীল বা ঘৃণাজনক বিষয়বস্তু নেই এবং এটি স্বাভাবিক আলোচনার অংশ।",rule-based,False,pending,
23463,জয় বাংলা জয় হাসিনা জয় ভারত জয় নাস্তিক দের,Political Hate,,Little to None,"বিরুদ্ধে ""হাসিনা"" এর মতো রাজনৈতিক বিদ্বেষমূলক শব্দ ব্যবহার করা হয়েছে। এটি মৃদু বা গৌণ মাত্রার রাজনৈতিক ঘৃণা প্রকাশ করে।",rule-contextual,False,pending,
32444,ব্যাবসা এবং রাজনীতি দুটোই আলাদা একে অপরের চিরশত্রু হয়েও ব্যাবসা করে যাচ্ছে ভারত চীন বিলিয়ন ডলার ব্যাবসা হচ্ছে আবার শত্রু ও একে অপরের,,,Little to None,"এই মন্তব্যে কোনো আপত্তিকর, অশ্লীল বা ঘৃণাজনক বিষয়বস্তু নেই এবং এটি স্বাভাবিক আলোচনার অংশ।",rule-based,False,pending,
15192,আমাদের দেশে আসার কারণ হচ্ছে আমরা বেশি টাকা দেই বাঙ্গালীদের কে ঠকাতে পারে ভালো সেটা বিশ্বের সবাই জানে,Abusive,Community,Severe,মন্তব্যটির সামগ্রিক সুর ও ভাষা একটি সম্প্রদায় বা গোষ্ঠীর বিরুদ্ধে তীব্র ও গুরুতর মাত্রার আক্রমণাত্মক বক্তব্য নির্দেশ করে।,rule-contextual,False,pending,
2442,রাজনৈতিক পথ ছেড়ে দেশ ও জনগণকে ধ্বংস করতে বিএনপিজামাত এসব সন্ত্রাসী কর্মকাণ্ডে জড়িত,Political Hate,Organization,Mild,"এই মন্তব্যে ""বিএনপি"", ""জামাত"", ""ধ্বংস"" সম্পর্কিত রাজনৈতিক ঘৃণা প্রকাশ পেয়েছে যেখানে নির্দিষ্ট সংগঠন বা প্রতিষ্ঠানকে আক্রমণের লক্ষ্যবস্তু। তীব্রতা মাঝারি মাত্রার।",rule-contextual,False,pending,
2118,আমি তৱুনি হয়ে হাসতাচি আৱ ভাৰি আমৱা কাৱা,,,Little to None,"এই মন্তব্যে কোনো ঘৃণামূলক, আক্রমণাত্মক বা বৈষম্যমূলক ভাষা নেই, তাই এটি স্বাভাবিক মন্তব্য হিসেবে শ্রেণিবদ্ধ।",rule-based,False,pending,
34208,রাজধানী টা একটু ভালো ছিল শেটাও এখন শেষ,,,Little to None,মন্তব্যটি সাধারণ মতামত প্রকাশ করে এবং এতে কোনো ঘৃণা বা সহিংসতামূলক উপাদান নেই।,rule-based,False,pending,
20729,আপনাদের থাম্বনেইল ডিসাইন করে কোন মাদারবোর্ড,Abusive,Individual,Severe,এই বক্তব্যে ব্যবহৃত অশ্লীল ভাষা একটি নির্দিষ্ট ব্যক্তির বিরুদ্ধে তীব্র ও গুরুতর মাত্রার কুরুচিপূর্ণ মন্তব্য নির্দেশ করে।,rule-contextual,False,pending,
32900,এই মহিলা একদম লজ্জাহীন লজ্জা বলতে কোন কিছুই নেই স্বৈরাচার নিপাত যাক,Gender Hate,Individual,Severe,"নির্দিষ্ট ব্যক্তিকে প্রতি ""মহিলা"", ""লজ্জা"" ব্যবহার করে লিঙ্গ বৈষম্যমূলক মনোভাব প্রকাশ করা হয়েছে, যা তীব্র ও গুরুতর মাত্রার যৌনতাবাদী ঘৃণামূলক বক্তব্য।",rule-contextual,False,pending,
19270,তুর রকমারির মারে চুদি খানকির পুত সময় টিভি,Abusive,Individual,Severe,"এই বক্তব্যে নির্দিষ্ট ব্যক্তিকে প্রতি ""খানকি"", ""চুদ"" এর মতো অশ্লীল শব্দচয়ন এটিকে তীব্র ও গুরুতর মাত্রার কুরুচিপূর্ণ মন্তব্য হিসেবে চিহ্নিত করে।",rule-contextual,False,pending,
15193,দূত সামরিক শক্তি বাড়ানোর আহবান জানাচ্ছি,,,Little to None,"এই মন্তব্যে কোনো আপত্তিকর, অশ্লীল বা ঘৃণাজনক বিষয়বস্তু নেই এবং এটি স্বাভাবিক আলোচনার অংশ।",rule-based,False,pending,
11020,এই মাগী এতোদিন কোথায় ছিলি মুসলমান আগে এই মাগীর বাড়ী জ্বালিয়ে দাওপরে মাগী কে জুতার মালা পরিয়ে দেশ থেকে বের করে দাও,Abusive,Individual,Severe,"এই মন্তব্যে ""বাল"", ""মাগী"" জাতীয় অশ্লীল শব্দ ব্যবহার করে নির্দিষ্ট ব্যক্তিকে অবমাননা করা হয়েছে, যা তীব্র ও গুরুতর মাত্রার কুরুচিপূর্ণ ভাষা নির্দেশ করে।",rule-contextual,False,pending,
25719,আমার মতে এদের পুটকির নিচে মোমবাতি আগুন দিয়া বসাইয়া রাখা দরকার,Abusive,,Severe,"এই মন্তব্যে ""গু"", ""নিচ"" জাতীয় অশ্লীল শব্দ ব্যবহার করে অবমাননা করা হয়েছে, যা তীব্র ও গুরুতর মাত্রার কুরুচিপূর্ণ ভাষা নির্দেশ করে।",rule-contextual,False,pending,
12782,খেলায় কেন রাজনৈতি আসবে আমি বুজলাম না এইটা একেবারেই ভাড়াবাড়ি হচ্ছে ক্রিকেট ভদ্রলোকের খেলে এইটা কোনো ভদ্রতার কাজ নয় পরিপূর্ণ নিরাপত্তা পেলে তাদের যাওয়া উচিৎ ধন্যবাদ,Political Hate,Society,Little to None,মন্তব্যটি রাজনৈতিক ব্যক্তি বা দলের প্রতি সামগ্রিকভাবে সমাজ বা জাতির বিরুদ্ধে মৃদু বা গৌণ মাত্রার ঘৃণামূলক দৃষ্টিভঙ্গি প্রকাশ করে।,rule-contextual,False,pending,
7909,সব মাদারচোদ কুত্তা লীগ,Abusive,Organization,Severe,"এই মন্তব্যে ""কুত্তা"", ""মাদার"", ""কুত্তা"" জাতীয় অশ্লীল শব্দ ব্যবহার করে নির্দিষ্ট সংগঠন বা প্রতিষ্ঠানকে অবমাননা করা হয়েছে, যা তীব্র ও গুরুতর মাত্রার কুরুচিপূর্ণ ভাষা নির্দেশ করে।",rule-contextual,False,pending,
24092,এই গুলি করে লাভ কী যদি ভোট চুরি ঠেকাতে না পারে,Abusive,,Mild,"মন্তব্যটিতে ""ভোট"" এর মতো আক্রমণাত্মক ও গালিগালাজমূলক ভাষা ব্যবহার করা হয়েছে। এটি সাধারণভাবে মাঝারি মাত্রার বক্তব্য।",rule-contextual,False,pending,
15622,কাদের কাকুর সমাবেশে এতো লোক হয়না,Abusive,Individual,Little to None,এই বক্তব্যে ব্যবহৃত ভাষা ও দৃষ্টিভঙ্গি একটি নির্দিষ্ট ব্যক্তির বিরুদ্ধে মৃদু বা গৌণ মাত্রার গালিগালাজমূলক মন্তব্য প্রকাশ করে।,rule-contextual,False,pending,
27784,ভারতের এশিয়ায় মধ্যে রাশিয়া ছাড়া কোনো বন্ধু নাই ইউরোপের সাথে ও আস্তে আস্তে সম্পর্ক খারাপ হচ্ছে,Political Hate,Society,Little to None,"মন্তব্যকারী ""খারাপ"", ""বন্ধ"" এর প্রসঙ্গে সমাজ বা জাতিকে সম্পর্কে মৃদু বা গৌণ মাত্রার রাজনৈতিক বিদ্বেষ ও ঘৃণা প্রকাশ করেছেন।",rule-contextual,False,pending,
27818,এটাকে বলে লোভে পাপ পাপে মৃত্যু,,,Little to None,"মন্তব্যটিতে কোনো নির্দিষ্ট ব্যক্তি, গোষ্ঠী বা সম্প্রদায়ের বিরুদ্ধে ঘৃণা বা বিদ্বেষ প্রকাশ পায়নি।",rule-based,False,pending,
34878,ইনশাআল্লাহ আল্লাহ কারিম,,,Little to None,"মন্তব্যটিতে কোনো নির্দিষ্ট ব্যক্তি, গোষ্ঠী বা সম্প্রদায়ের বিরুদ্ধে ঘৃণা বা বিদ্বেষ প্রকাশ পায়নি।",rule-based,False,pending,
2054,বাস্তবের ঘূর্ণিঝড়ের চেয়ে মিডিয়ার সাঁজানো ঘূর্ণিঝড় অনেক বেশি শক্তিশালী হয় বাস্তবের ঘূর্ণিঝড়ের বিষয়ে যেমন সচেতনতা প্রয়োজন তেমনি মিডিয়ার অতিরঞ্জনের বিষয়েও সতর্ক হওয়া দরকার,Abusive,Organization,Mild,এই বক্তব্যে ব্যবহৃত ভাষা ও দৃষ্টিভঙ্গি একটি সংগঠন বা প্রতিষ্ঠানের বিরুদ্ধে মাঝারি মাত্রার গালিগালাজমূলক মন্তব্য প্রকাশ করে।,rule-contextual,False,pending,
8983,ভুয়া খবর কেন প্রচার করেন সেনাবাহিনী টহল দিতে গিয়েছিলো মোটেও মিশনে যায়নি এভাবে ভুলবাল খবর প্রচার করে সেনাবাহিনীকে ছোট করবেন না,Abusive,Organization,Little to None,"মন্তব্যটিতে ""বাল"" এর মতো আক্রমণাত্মক ও গালিগালাজমূলক ভাষা ব্যবহার করা হয়েছে। এটি একটি সংগঠন বা প্রতিষ্ঠানের বিরুদ্ধে মৃদু বা গৌণ মাত্রার বক্তব্য।",rule-contextual,False,pending,
3577,ভবিষ্যতে বিএনপি ক্ষমতায় আসলে সময় টিভি যদি বন্ধ না করে তাহলে বাংলার মানুষ সময় টিভির অফিসে আগুন দেবে,Abusive,Organization,Mild,"মন্তব্যটিতে ""বিএনপি"" এর মতো আক্রমণাত্মক ও গালিগালাজমূলক ভাষা ব্যবহার করা হয়েছে। এটি একটি সংগঠন বা প্রতিষ্ঠানের বিরুদ্ধে মাঝারি মাত্রার বক্তব্য।",rule-contextual,False,pending,
25534,পতিতা লয়ের প্রশংসা জনগণ বিশ্বাস করে না,,,Little to None,"এই মন্তব্যে কোনো ঘৃণামূলক, আক্রমণাত্মক বা বৈষম্যমূলক ভাষা নেই, তাই এটি স্বাভাবিক মন্তব্য হিসেবে শ্রেণিবদ্ধ।",rule-based,False,pending,
32131,আমি বুঝিনা এই মাদারচুূদরা চাই কীনিজেরা বিশ্ব শাসন করতে,Abusive,Community,Severe,এই মন্তব্যে অশ্লীল ও কুরুচিপূর্ণ ভাষা ব্যবহার করে একটি সম্প্রদায় বা গোষ্ঠীর বিরুদ্ধে তীব্র ও গুরুতর মাত্রার আপত্তিকর বক্তব্য প্রকাশ করা হয়েছে।,rule-contextual,False,pending,
24569,হানিফ খাইতো মাছ বেঁচে এই অমানুষ গুলো হাসিনা ফেরাউন লুটপাট করতে শিখাইছে,Political Hate,Community,Mild,"রাজনৈতিক প্রেক্ষাপটে ""হাসিনা"", ""লুটপাট"" ব্যবহার করে নির্দিষ্ট সম্প্রদায় বা গোষ্ঠীকে প্রতি বিদ্বেষ প্রকাশ এই মন্তব্যকে মাঝারি মাত্রার রাজনৈতিক ঘৃণামূলক বক্তব্য করে তোলে।",rule-contextual,False,pending,
27319,আর কত দালালি করবি ফুটফুটে সুন্দর টিভি চ্যানেলের ফুটফুটে সুন্দর সাংবাদিকরা,,,Little to None,"এই মন্তব্যে কোনো আপত্তিকর, অশ্লীল বা ঘৃণাজনক বিষয়বস্তু নেই এবং এটি স্বাভাবিক আলোচনার অংশ।",rule-based,False,pending,
12049,সব লোক ভারা করা,,,Little to None,এই বাক্যে কোনো ঘৃণামূলক শব্দ বা আক্রমণাত্মক প্রকাশ নেই এবং এটি সাধারণ মতামত প্রকাশ করে।,rule-based,False,pending,
12422,সিইসির কি সেই ক্ষমতা আছে যে উনি সুষ্ঠু নির্বাচন দিতে পারবেন,,,Little to None,এই বাক্যে কোনো ঘৃণামূলক শব্দ বা আক্রমণাত্মক প্রকাশ নেই এবং এটি সাধারণ মতামত প্রকাশ করে।,rule-based,False,pending,
32405,কাজী জাফরউল্লাহ যদি রাজাকার হয় তাহলে তার বিচার শেখ হাসিনা কেন করেনি তারে কেন নমিনেশন দিল জাতি জানতে চায়,Political Hate,Individual,Severe,"মন্তব্যকারী ""হাসিনা"", ""বিচার"", ""রাজাকার"" এর প্রসঙ্গে নির্দিষ্ট ব্যক্তিকে সম্পর্কে তীব্র ও গুরুতর মাত্রার রাজনৈতিক বিদ্বেষ ও ঘৃণা প্রকাশ করেছেন।",rule-contextual,False,pending,
6617,এইডার চেহারা ও তো ভালো না,Abusive,,Little to None,"এই মন্তব্যের ভাষা ও সুর আক্রমণাত্মক এবং অবমাননাকর, যা সাধারণভাবে মৃদু বা গৌণ মাত্রার গালিগালাজমূলক বক্তব্য হিসেবে চিহ্নিত।",rule-contextual,False,pending,
26763,আমগো দেশে পাতি নেতা হলো তার ১৪ খানদান ওটা বেচে খায় আর এরা ইতিহাস,Political Hate,Community,Mild,এই মন্তব্যে রাজনৈতিক প্রেক্ষাপটে একটি সম্প্রদায় বা গোষ্ঠীর বিরুদ্ধে মাঝারি মাত্রার বিদ্বেষ ও ঘৃণা প্রকাশ করা হয়েছে।,rule-contextual,False,pending,
10367,মানুষের পাপের ফল,Abusive,Society,Mild,"এই মন্তব্যের ভাষা ও সুর আক্রমণাত্মক এবং অবমাননাকর, যা সামগ্রিকভাবে সমাজ বা জাতির বিরুদ্ধে মাঝারি মাত্রার গালিগালাজমূলক বক্তব্য হিসেবে চিহ্নিত।",rule-contextual,False,pending,
32561,আমার দেশের নির্বাচন নিয়ে ওদের মাথাব্যথা কেন ওরা তো আমাদের স্বাধীনতার সময় আমাদের বিরুদ্ধে ছিলো ওদের পাত্তা দেওয়ার কি আছে এখন চীন রাশিয়া আরবদেশ গুলো ওদের আর জিগায় না সুতরাং বেশি তিরিংবিরিং করে লাভ নাই মাস্তানি এখন চীন রাশিয়ার হাতে,Political Hate,Community,Little to None,"মন্তব্যকারী ""নির্বাচন"" এর প্রসঙ্গে নির্দিষ্ট সম্প্রদায় বা গোষ্ঠীকে সম্পর্কে মৃদু বা গৌণ মাত্রার রাজনৈতিক বিদ্বেষ ও ঘৃণা প্রকাশ করেছেন।",rule-contextual,False,pending,
14789,আহ দেশের সর্বোচ্চ শিক্ষা প্রতিষ্ঠান গুলোর সোনার ছেলেরা,Abusive,Community,Severe,মন্তব্যটির সামগ্রিক সুর ও ভাষা একটি সম্প্রদায় বা গোষ্ঠীর বিরুদ্ধে তীব্র ও গুরুতর মাত্রার আক্রমণাত্মক বক্তব্য নির্দেশ করে।,rule-contextual,False,pending,
7571,এম বাপ্পে কে চাইনা৷ সালা অহংকারী,Abusive,Individual,Mild,"এই মন্তব্যের ভাষা ও সুর আক্রমণাত্মক এবং অবমাননাকর, যা একটি নির্দিষ্ট ব্যক্তির বিরুদ্ধে মাঝারি মাত্রার গালিগালাজমূলক বক্তব্য হিসেবে চিহ্নিত।",rule-contextual,False,pending,
10764,মাফিয়া শেখ হাসিনার পাপ গোটা জাতির উপর চেপে বসেছে আর সেই পাপে সবাই পুড়ে মরছে এ পাপে সাকিব ও যুক্ত হয়েছে তাই জাতীয় দলে ও কোন সফলতা আসবে না,Political Hate,Individual,Severe,"নির্দিষ্ট ব্যক্তিকে বিরুদ্ধে ""হাসিনা"", ""দল"" এর মতো রাজনৈতিক বিদ্বেষমূলক শব্দ ব্যবহার করা হয়েছে। এটি তীব্র ও গুরুতর মাত্রার রাজনৈতিক ঘৃণা প্রকাশ করে।",rule-contextual,False,pending,
22193,তিব্বত সাধীন রাষ্ট্র হবে,,,Little to None,এই বাক্যে কোনো ঘৃণামূলক শব্দ বা আক্রমণাত্মক প্রকাশ নেই এবং এটি সাধারণ মতামত প্রকাশ করে।,rule-based,False,pending,
9123,পাগলা মসজিদের দান ওহাবী ইয়াজিদি দালালদের দ্বারা পরিচালিত মসজিদে দান করা উচিৎ না তবে অসুস্থ ও এতিমের জন্য দান করা যায়,Abusive,Community,Little to None,"মন্তব্যটিতে ""পাগল"", ""দালাল"" এর মতো আক্রমণাত্মক ভাষা ব্যবহার করে নির্দিষ্ট সম্প্রদায় বা গোষ্ঠীকে লক্ষ্য করা হয়েছে। এটি মৃদু বা গৌণ মাত্রার গালিগালাজমূলক বক্তব্য।",rule-contextual,False,pending,
17995,পৃথিবীর সৎ ও সত্য বিশ্বাসী লোকগুলোর উচিত যুক্তরাষ্ট্রের বিরোদ্ধে অবস্থান নেয়া তাদের ভন্ডামী মানুষের সামনে উম্মুক্ত করে দেয়া,Abusive,Organization,Little to None,"এই মন্তব্যের ভাষা ও সুর আক্রমণাত্মক এবং অবমাননাকর, যা একটি সংগঠন বা প্রতিষ্ঠানের বিরুদ্ধে মৃদু বা গৌণ মাত্রার গালিগালাজমূলক বক্তব্য হিসেবে চিহ্নিত।",rule-contextual,False,pending,
30286,চাঁদের চেয়েও সুন্দর প্রিয় নেতা বেঞ্জামিন নেতানিয়াহু,,,Little to None,"মন্তব্যটিতে কোনো নির্দিষ্ট ব্যক্তি, গোষ্ঠী বা সম্প্রদায়ের বিরুদ্ধে ঘৃণা বা বিদ্বেষ প্রকাশ পায়নি।",rule-based,False,pending,
21211,যুদ্ধ লাগানোর জন্য উস্কানি দিচ্ছে যুদ্ধবাজ যুক্তরাষ্ট্র,Political Hate,Society,Mild,রাজনৈতিক বিষয়ে সামগ্রিকভাবে সমাজ বা জাতির বিরুদ্ধে মাঝারি মাত্রার বিদ্বেষপূর্ণ মনোভাব এই মন্তব্যে স্পষ্ট।,rule-contextual,False,pending,
10019,ভিডিওর মাঝখানে এড দেন ভালো কথা ভিডিওর সাথে সাউন্ডের একজাস্ট করে দেন না হলে সময় টিভি হ্যাক করে,,,Little to None,মন্তব্যকারী সাধারণ বিষয়ে মতামত দিয়েছেন এবং কোনো ঘৃণামূলক বক্তব্য প্রকাশ করেননি।,rule-based,False,pending,
35296,চেক কী শকডকজডওরজচ,,,Little to None,এই বাক্যে কোনো ঘৃণামূলক শব্দ বা আক্রমণাত্মক প্রকাশ নেই এবং এটি সাধারণ মতামত প্রকাশ করে।,rule-based,False,pending,
25200,পুলিশ বাংলাদেশের বড় সন্ত্রাস বাংলাদেশ পুলিশ লীগ কুর্তা লীগ সুওর লীগ,Abusive,Organization,Mild,"মন্তব্যটিতে ""লীগ"" এর মতো অশ্লীল ও কুরুচিপূর্ণ ভাষা ব্যবহার করা হয়েছে। এটি একটি সংগঠন বা প্রতিষ্ঠানের বিরুদ্ধে মাঝারি মাত্রার বক্তব্য।",rule-contextual,False,pending,
27777,জিম কাদের সাহেব কে অসংখ্য ধন্যবাদ এরশাদ পারে নাই উনি করে দেখাই ছে,,,Little to None,এটি একটি নিরপেক্ষ মন্তব্য যেখানে কাউকে লক্ষ্য করে কোনো অবমাননাকর বা বৈষম্যমূলক ভাষা ব্যবহার করা হয়নি।,rule-based,False,pending,
23156,দেশের আইকনিক খেলোয়াড় আশরাফুলকে যদি বাদ দিতে পারে বিসিবি তাহলে সাকিবকে বাদ দিলে কি সমস্যাযে দেশের স্বার্থ দেখে না,Abusive,Individual,Mild,মন্তব্যটির সামগ্রিক সুর ও ভাষা একটি নির্দিষ্ট ব্যক্তির বিরুদ্ধে মাঝারি মাত্রার আক্রমণাত্মক বক্তব্য নির্দেশ করে।,rule-contextual,False,pending,
10038,আপনি একমাত্র যোগ্য শেখ হাসিনার পর আওয়ামিলীগের প্রধানমন্ত্রী হবার,Political Hate,Individual,Mild,"মন্তব্যকারী ""লীগ"", ""হাসিনা"", ""মন্ত্রী"" এর প্রসঙ্গে নির্দিষ্ট ব্যক্তিকে সম্পর্কে মাঝারি মাত্রার রাজনৈতিক বিদ্বেষ ও ঘৃণা প্রকাশ করেছেন।",rule-contextual,False,pending,
23876,হায়াত মৃত্যু রিজিকদাতা একমাত্র আল্লাহ তায়ালার হাতে তাহলে বর্তমান অবৈধ প্রধানমন্ত্রী হায়াত মৃত্যু রিজিকদাতা মালিক বনে গেছেন নাউজু বিল্লাহ,Religious Hate,Individual,Mild,মন্তব্যটি ধর্মীয় বিষয়ে একটি নির্দিষ্ট ব্যক্তির বিরুদ্ধে মাঝারি মাত্রার ঘৃণামূলক দৃষ্টিভঙ্গি প্রকাশ করে।,rule-contextual,False,pending,
18747,তোমাকে তো দুই নাম্বারি রিপোর্ট জনগণ বুঝে সময় এলে তোমারে উচিত জবাব দিবে জনগ,Abusive,,Little to None,এই বক্তব্যে ব্যবহৃত ভাষা ও দৃষ্টিভঙ্গি সাধারণভাবে মৃদু বা গৌণ মাত্রার গালিগালাজমূলক মন্তব্য প্রকাশ করে।,rule-contextual,False,pending,
15852,হিন্দুদের সবকিছুই দেখি উৎসব তাহলে ধর্ম কোনটা,Religious Hate,Community,Little to None,"মন্তব্যটিতে ""হিন্দু"", ""ধর্ম"" উল্লেখ করে ধর্মীয় বিদ্বেষ প্রকাশ করা হয়েছে। নির্দিষ্ট সম্প্রদায় বা গোষ্ঠীকে লক্ষ্য করে এটি মৃদু বা গৌণ মাত্রার সাম্প্রদায়িক ঘৃণামূলক বক্তব্য।",rule-contextual,False,pending,
13236,এগুলোর হিসাব কে দিবে বা কেই নিবে সাধারণ মানুষের পক্ষে তো এ দেশ না,Political Hate,,Little to None,রাজনৈতিক বিষয়ে সাধারণভাবে মৃদু বা গৌণ মাত্রার বিদ্বেষপূর্ণ মনোভাব এই মন্তব্যে স্পষ্ট।,rule-contextual,False,pending,
12424,এটা আর কি নিউজ এটা বাংলাদেশের সব জায়গাতে সব থানাতে চলে অনেক আগে থেকে,,,Little to None,"এই মন্তব্যে কোনো আপত্তিকর, অশ্লীল বা ঘৃণাজনক বিষয়বস্তু নেই এবং এটি স্বাভাবিক আলোচনার অংশ।",rule-based,False,pending,
5422,মধ্যেপাচ্যে দেশ গুলো জ্বালানি তেল খনি থেকে উওোলন করে উন্নত রাষ্ট হয়েছে সুতারাং বাংলাদেশ কে উন্নত রাষ্ট করতে হলে গ্যাস খনিজ সম্পদ উওলন এর বিকল্প নাই তাহলে অচিরেই দেশ উন্নত হয়ে যাবে,,,Little to None,"মন্তব্যটিতে কোনো গালিগালাজ, বিদ্বেষ বা আপত্তিকর বিষয়বস্তু পাওয়া যায়নি বলে এটি নিরপেক্ষ মন্তব্য।",rule-based,False,pending,
6272,আমাদের দেশেও এই রকম গণঅভ্যুত্থান চাই সেনাবাহিনী হাতে,,,Little to None,মন্তব্যকারী সাধারণ বিষয়ে মতামত দিয়েছেন এবং কোনো ঘৃণামূলক বক্তব্য প্রকাশ করেননি।,rule-based,False,pending,
29861,উন্নতি করতে করতে দুনিয়া শেষ,Abusive,Organization,Severe,"এই মন্তব্যের ভাষা ও সুর আক্রমণাত্মক এবং অবমাননাকর, যা একটি সংগঠন বা প্রতিষ্ঠানের বিরুদ্ধে তীব্র ও গুরুতর মাত্রার গালিগালাজমূলক বক্তব্য হিসেবে চিহ্নিত।",rule-contextual,False,pending,
19304,আপনারা এই ধরনের সংবাদ প্রচার করে অসাধু ব্যবসায়ীদের উস্কে দিচ্ছেন,Abusive,Organization,Little to None,মন্তব্যটির সামগ্রিক সুর ও ভাষা একটি সংগঠন বা প্রতিষ্ঠানের বিরুদ্ধে মৃদু বা গৌণ মাত্রার আক্রমণাত্মক বক্তব্য নির্দেশ করে।,rule-contextual,False,pending,
35384,খানকির পুলা বাইডেন,Abusive,Individual,Mild,"এই মন্তব্যে ""খানকি"" জাতীয় অশ্লীল শব্দ ব্যবহার করে নির্দিষ্ট ব্যক্তিকে অবমাননা করা হয়েছে, যা মাঝারি মাত্রার কুরুচিপূর্ণ ভাষা নির্দেশ করে।",rule-contextual,False,pending,
21702,গুজায় চাচ্ছে চিতহয়ে শুইতে,,,Little to None,"মন্তব্যটিতে কোনো গালিগালাজ, বিদ্বেষ বা আপত্তিকর বিষয়বস্তু পাওয়া যায়নি বলে এটি নিরপেক্ষ মন্তব্য।",rule-based,False,pending,
21284,আমাদের দেশেও ভারতীয় সিরিয়াল বন্ধকরা হোক,Abusive,Organization,Mild,"এই মন্তব্যের ভাষা ও সুর আক্রমণাত্মক এবং অবমাননাকর, যা একটি সংগঠন বা প্রতিষ্ঠানের বিরুদ্ধে মাঝারি মাত্রার গালিগালাজমূলক বক্তব্য হিসেবে চিহ্নিত।",rule-contextual,False,pending,
4377,এরদোয়ান তো দেখি বাঙালী,,,Little to None,"মন্তব্যটিতে কোনো নির্দিষ্ট ব্যক্তি, গোষ্ঠী বা সম্প্রদায়ের বিরুদ্ধে ঘৃণা বা বিদ্বেষ প্রকাশ পায়নি।",rule-based,False,pending,
30883,জানোয়ার পাকিস্তানি ফকিন্নিরা নিজেদের ভালো নিজেরাও বোঝে না,Abusive,Society,Severe,এই বক্তব্যে ব্যবহৃত অশ্লীল ভাষা সামগ্রিকভাবে সমাজ বা জাতির বিরুদ্ধে তীব্র ও গুরুতর মাত্রার কুরুচিপূর্ণ মন্তব্য নির্দেশ করে।,rule-contextual,False,pending,
1518,তত্ত্বাবধায়ক সরকার চাই,,,Little to None,এই বাক্যে কোনো ঘৃণামূলক শব্দ বা আক্রমণাত্মক প্রকাশ নেই এবং এটি সাধারণ মতামত প্রকাশ করে।,rule-based,False,pending,
13396,পৃথিবীতে আসলে সত্যিই জোর যার মুল্লুক তার হয়ে গেছে ভারতীয়রা চায়নার কাছ থেকে মার খায় আবার তারা বাংলাদেশীদেরকে মারে,Political Hate,Organization,Severe,এই মন্তব্যে রাজনৈতিক প্রেক্ষাপটে একটি সংগঠন বা প্রতিষ্ঠানের বিরুদ্ধে তীব্র ও গুরুতর মাত্রার বিদ্বেষ ও ঘৃণা প্রকাশ করা হয়েছে।,rule-contextual,False,pending,
13103,ঋণ করে ঘী খাও আওয়ামী দালালরা,Abusive,Community,Severe,"এই বক্তব্যে নির্দিষ্ট সম্প্রদায় বা গোষ্ঠীকে প্রতি ""দালাল"" এর মতো আপত্তিকর শব্দচয়ন এটিকে তীব্র ও গুরুতর মাত্রার আক্রমণাত্মক মন্তব্য হিসেবে শ্রেণিবদ্ধ করে।",rule-contextual,False,pending,
30021,আমার মনের মতো ঘড় এই গুলা,,,Little to None,এটি একটি নিরপেক্ষ মন্তব্য যেখানে কাউকে লক্ষ্য করে কোনো অবমাননাকর বা বৈষম্যমূলক ভাষা ব্যবহার করা হয়নি।,rule-based,False,pending,
34889,মা অনেক ধন্যবাদ,,,Little to None,মন্তব্যকারী সাধারণ বিষয়ে মতামত দিয়েছেন এবং কোনো ঘৃণামূলক বক্তব্য প্রকাশ করেননি।,rule-based,False,pending,
25533,আমি এক জন জর্ডান প্রবাসী গার্মেন্টসে কর্মী সবাই ছোট্ট একটা বোন কে সাপোর্ট করবেন দয়া করে,,,Little to None,এটি একটি নিরপেক্ষ মন্তব্য যেখানে কাউকে লক্ষ্য করে কোনো অবমাননাকর বা বৈষম্যমূলক ভাষা ব্যবহার করা হয়নি।,rule-based,False,pending,
356,বিএনপির বেইল নাই,Political Hate,Organization,Little to None,"নির্দিষ্ট সংগঠন বা প্রতিষ্ঠানকে বিরুদ্ধে ""বিএনপি"" এর মতো রাজনৈতিক বিদ্বেষমূলক শব্দ ব্যবহার করা হয়েছে। এটি মৃদু বা গৌণ মাত্রার রাজনৈতিক ঘৃণা প্রকাশ করে।",rule-contextual,False,pending,
7047,ভুয়া দল বিএনপি,Political Hate,Organization,Mild,"এই মন্তব্যে ""বিএনপি"", ""দল"" সম্পর্কিত রাজনৈতিক ঘৃণা প্রকাশ পেয়েছে যেখানে নির্দিষ্ট সংগঠন বা প্রতিষ্ঠানকে আক্রমণের লক্ষ্যবস্তু। তীব্রতা মাঝারি মাত্রার।",rule-contextual,False,pending,
15199,ভোট চুরির বিষয়টি জানিয়ে দেন,Political Hate,Organization,Little to None,"নির্দিষ্ট সংগঠন বা প্রতিষ্ঠানকে বিরুদ্ধে ""ভোট"" এর মতো রাজনৈতিক বিদ্বেষমূলক শব্দ ব্যবহার করা হয়েছে। এটি মৃদু বা গৌণ মাত্রার রাজনৈতিক ঘৃণা প্রকাশ করে।",rule-contextual,False,pending,
26508,তোমাদের জনগণ দেখে ওকে হাসি আসতেছে,Abusive,Society,Little to None,মন্তব্যটির সামগ্রিক সুর ও ভাষা সামগ্রিকভাবে সমাজ বা জাতির বিরুদ্ধে মৃদু বা গৌণ মাত্রার আক্রমণাত্মক বক্তব্য নির্দেশ করে।,rule-contextual,False,pending,
18760,চলবে না এদেশে চলবে না,,,Little to None,"এই মন্তব্যে কোনো ঘৃণামূলক, আক্রমণাত্মক বা বৈষম্যমূলক ভাষা নেই, তাই এটি স্বাভাবিক মন্তব্য হিসেবে শ্রেণিবদ্ধ।",rule-based,False,pending,
18632,আওয়ামীলীগ বিরাল দল ঘরে বসে থাক মাঠে আছে বিএনপির বাঘের দল,Political Hate,Organization,Mild,"মন্তব্যটিতে ""আওয়ামী"", ""বিএনপি"", ""লীগ"" উল্লেখ করে রাজনৈতিক বিদ্বেষ প্রকাশ করা হয়েছে। নির্দিষ্ট সংগঠন বা প্রতিষ্ঠানকে লক্ষ্য করে এই মাঝারি মাত্রার রাজনৈতিক ঘৃণামূলক বক্তব্য।",rule-contextual,False,pending,
23732,একজনে বলছে না যে আমাদের দল খারাপ অবস্থানে আছে বলেন,,,Little to None,"মন্তব্যটিতে কোনো নির্দিষ্ট ব্যক্তি, গোষ্ঠী বা সম্প্রদায়ের বিরুদ্ধে ঘৃণা বা বিদ্বেষ প্রকাশ পায়নি।",rule-based,False,pending,
17329,আওয়ামী লীগের সনতাসীদের গডফাদার হাসিনা,Abusive,Individual,Mild,"মন্তব্যটিতে ""হাসিনা"", ""লীগ"" এর মতো আক্রমণাত্মক ও গালিগালাজমূলক ভাষা ব্যবহার করা হয়েছে। এটি একটি নির্দিষ্ট ব্যক্তির বিরুদ্ধে মাঝারি মাত্রার বক্তব্য।",rule-contextual,False,pending,
8174,আলহামদুলিল্লাহ বিশ্বের মুসলিম দেশগুলোর সব এক সাথে হলে ইহুদি খ্রিস্টানরা আমাদের ক্ষতি করার সাহস পাবে না ইনশাল্লাহ,Religious Hate,Community,Mild,"নির্দিষ্ট সম্প্রদায় বা গোষ্ঠীকে বিরুদ্ধে ""মুসলিম"", ""ইহুদি"", ""খ্রিস্টান"" এর মতো সাম্প্রদায়িক শব্দ ব্যবহার করা হয়েছে, যা মাঝারি মাত্রার ধর্মীয় বিদ্বেষ নির্দেশ করে।",rule-contextual,False,pending,
14724,শাকিব খান ফেরদৌস তারপর হল জাহিদ খান নিপুন এত হল আরো অনেক অনেক অনেক নায়িকা নায়িকার আছে যারা অনেকদিন পরে ঘুম খাইছে সবার বিচার হবে এই এফডিসিতে তারা লাগিয়ে ফেলবে এফডিসিতে কোন খুনি এবং মানুষ এবং মিথ্যাবাদী মানুষ আমরা চাই না বাসি এফবি তে তালা দিয়ে দেবে,Abusive,Community,Mild,"এই মন্তব্যে ""মিথ্যাবাদী"" শব্দ ব্যবহার করে নির্দিষ্ট সম্প্রদায় বা গোষ্ঠীকে অবমাননা করা হয়েছে, যা মাঝারি মাত্রার আক্রমণাত্মক ভাষা নির্দেশ করে।",rule-contextual,False,pending,
22528,সন্তাসি ইসরায়েল ও উসকানি দাতা আমেরিকা হামাসের সাথে না পেরে নিরীহ শিশু নারি মসজিদ মাদ্রাসা ও হাসপাতাল ডংস লিলা চালায়ে এটা জুধদ নয় ববঁর কাপুরুষের মতো কমঁ কান্ড এটা,Abusive,Society,Mild,"মন্তব্যটিতে ""মসজিদ"", ""হামাস"" এর মতো আক্রমণাত্মক ও গালিগালাজমূলক ভাষা ব্যবহার করা হয়েছে। এটি সামগ্রিকভাবে সমাজ বা জাতির বিরুদ্ধে মাঝারি মাত্রার বক্তব্য।",rule-contextual,False,pending,
17102,তার নিজের দেশে ফিরে যাওয়া উচিত,,,Little to None,"এই মন্তব্যে কোনো ঘৃণামূলক, আক্রমণাত্মক বা বৈষম্যমূলক ভাষা নেই, তাই এটি স্বাভাবিক মন্তব্য হিসেবে শ্রেণিবদ্ধ।",rule-based,False,pending,
4066,এটার দাই পুলিশ কারন আমার কার খানাটা এই বাভে শেষ একমাতর পুলিসের কারনে,Abusive,Community,Mild,"এই মন্তব্যের ভাষা ও সুর আক্রমণাত্মক এবং অবমাননাকর, যা একটি সম্প্রদায় বা গোষ্ঠীর বিরুদ্ধে মাঝারি মাত্রার গালিগালাজমূলক বক্তব্য হিসেবে চিহ্নিত।",rule-contextual,False,pending,
22926,ভারত মানেই ভিতুর ডিম জারা পাকিস্তান জেতে ভয়পায় অথচ পাকিস্তান বুক ফুলিয়ে ভারতের মাটিতে খেলে,Abusive,Society,Mild,মন্তব্যটির সামগ্রিক সুর ও ভাষা সামগ্রিকভাবে সমাজ বা জাতির বিরুদ্ধে মাঝারি মাত্রার আক্রমণাত্মক বক্তব্য নির্দেশ করে।,rule-contextual,False,pending,
17500,জননেত্রী শেখ হাসিনার হাত ধরে দেশের উন্নয়ন অব্যাহত আছে এ কথা সব সময় স্বীকার করতে হবে এই তুমি সোনার বাংলায় পরিণত হচ্ছে মানুষগুলোকেও সোনার মানুষ হতে হবে রাষ্ট্রের ক্ষতি করবো না এই হোক আগামী দিনের প্রতিশ্রুতি নৌকায় ভোট দিন,Political Hate,Individual,Little to None,"এই মন্তব্যে ""হাসিনা"", ""ভোট"" সম্পর্কিত রাজনৈতিক ঘৃণা প্রকাশ পেয়েছে যেখানে নির্দিষ্ট ব্যক্তিকে আক্রমণের লক্ষ্যবস্তু। তীব্রতা মৃদু বা গৌণ মাত্রার।",rule-contextual,False,pending,
11551,আবার চলছে সেই টিকার বিজনেস মানুষ এত বুখা যত দিন যাবে তথ আর নতুন রূগ দেখা দিবে এই টা একটা ব্যাপার,,,Little to None,"এই মন্তব্যে কোনো ঘৃণামূলক, আক্রমণাত্মক বা বৈষম্যমূলক ভাষা নেই, তাই এটি স্বাভাবিক মন্তব্য হিসেবে শ্রেণিবদ্ধ।",rule-based,False,pending,
13368,শামিম ওসমান এর বাড়ি,,,Little to None,মন্তব্যটি সাধারণ মতামত প্রকাশ করে এবং এতে কোনো ঘৃণা বা সহিংসতামূলক উপাদান নেই।,rule-based,False,pending,
15124,বুঝো ঠেলা নেপালেও সমস্যা নেই,,,Little to None,এই বাক্যে কোনো ঘৃণামূলক শব্দ বা আক্রমণাত্মক প্রকাশ নেই এবং এটি সাধারণ মতামত প্রকাশ করে।,rule-based,False,pending,
26797,আমি আর্জেন্টিনা সমর্থক আসলে এতগুলো বড় দলের হার অঘটন না ছোট দলগুলো ভালো খেলেই হারিয়েছে তবে ব্রাজিল কালকে অনেক বাজে খেলেছে সেই জন্যই হেরেছে,,,Little to None,এই বাক্যে কোনো ঘৃণামূলক শব্দ বা আক্রমণাত্মক প্রকাশ নেই এবং এটি সাধারণ মতামত প্রকাশ করে।,rule-based,False,pending,
11041,সব চোরেরা এবং বাটপারেরা একত্রিত হইছে ভোট করার জন্য,Abusive,Community,Severe,"মন্তব্যকারী ""চোর"", ""বাটপার"" ব্যবহার করে নির্দিষ্ট সম্প্রদায় বা গোষ্ঠীকে আক্রমণ করেছেন। ভাষার তীব্রতা তীব্র ও গুরুতর মাত্রার বলে প্রতীয়মান।",rule-contextual,False,pending,
13994,আসলে যাদের নিজেদের খুঁত বেশি তাদের আবার অন্যের ব্যপারে চুলকানি বেশিসুযোগ হারাতে চায়না,,,Little to None,মন্তব্যকারী সাধারণ বিষয়ে মতামত দিয়েছেন এবং কোনো ঘৃণামূলক বক্তব্য প্রকাশ করেননি।,rule-based,False,pending,
25016,লজ্জা লাগে না এই রকম নিউজ করতে,,,Little to None,"এই মন্তব্যে কোনো ঘৃণামূলক, আক্রমণাত্মক বা বৈষম্যমূলক ভাষা নেই, তাই এটি স্বাভাবিক মন্তব্য হিসেবে শ্রেণিবদ্ধ।",rule-based,False,pending,
5496,আপনার বক্তব্য শুনলে মনে হয় বিএনপি খুব শিগ্রই জাতীয় পার্টি হতে যাচ্ছে,Political Hate,Organization,Little to None,"রাজনৈতিক প্রেক্ষাপটে ""বিএনপি"" ব্যবহার করে নির্দিষ্ট সংগঠন বা প্রতিষ্ঠানকে প্রতি বিদ্বেষ প্রকাশ এই মন্তব্যকে মৃদু বা গৌণ মাত্রার রাজনৈতিক ঘৃণামূলক বক্তব্য করে তোলে।",rule-contextual,False,pending,
6051,সুমন ভাই আমি আপনার মেসির মতো ফুটবলের পরিবর্তন চাইনা আমি চাই আমাদের দেশের উন্নয়ন সঠিক শিক্ষা ব্যবস্থা সঠিক চিকিৎসার ব্যবস্থা কর কৃষি পণ্যের সঠিক আইনের সঠিক প্রয়োগ জনগণের মধ্যে সচেতনতা তৈরি সিন্ডিকেট ধ্বংস করা এবং প্রবাসীদের সুযোগসুবিধা বৃদ্ধি করা,Political Hate,Individual,Little to None,"রাজনৈতিক প্রেক্ষাপটে ""ধ্বংস"" ব্যবহার করে নির্দিষ্ট ব্যক্তিকে প্রতি বিদ্বেষ প্রকাশ এই মন্তব্যকে মৃদু বা গৌণ মাত্রার রাজনৈতিক ঘৃণামূলক বক্তব্য করে তোলে।",rule-contextual,False,pending,
13761,আরে ভাই আইসিসি তো ভারতের গোলাম রে ভাই,Abusive,Organization,Mild,"এই মন্তব্যের ভাষা ও সুর আক্রমণাত্মক এবং অবমাননাকর, যা একটি সংগঠন বা প্রতিষ্ঠানের বিরুদ্ধে মাঝারি মাত্রার গালিগালাজমূলক বক্তব্য হিসেবে চিহ্নিত।",rule-contextual,False,pending,
21631,আওয়ামী লীগ হলো সন্ত্রাসী সংগঠন,Political Hate,Organization,Mild,"মন্তব্যকারী ""আওয়ামী"", ""লীগ"" এর প্রসঙ্গে নির্দিষ্ট সংগঠন বা প্রতিষ্ঠানকে সম্পর্কে মাঝারি মাত্রার রাজনৈতিক বিদ্বেষ ও ঘৃণা প্রকাশ করেছেন।",rule-contextual,False,pending,
4553,হিন্দু মারছিলো ধর্ষন করছিলো তা তো ভালো খবর ছিলো,Religious Hate,Community,Little to None,"মন্তব্যটিতে ""হিন্দু"" উল্লেখ করে ধর্মীয় বিদ্বেষ প্রকাশ করা হয়েছে। নির্দিষ্ট সম্প্রদায় বা গোষ্ঠীকে লক্ষ্য করে এটি মৃদু বা গৌণ মাত্রার সাম্প্রদায়িক ঘৃণামূলক বক্তব্য।",rule-contextual,False,pending,
3935,আজ এই কারণেই মুসলিম উম্মার এই খারাপ অবস্থা ঐখানে পেলেস্তিনে আমাদের মুসলিম ভাইদের উপর নির্যাতন চলছে আর এরা এখানে রাস্তা বন্দ করে নিজেদের বিনোদনে বেস্ত পাকিস্তান বাংলাদেশ ভারত খেলা দেখে সময় নষ্ট করে ইসলামী খেলাফা কায়েম করছে হায়রে মুসলিম,Abusive,Community,Little to None,"নির্দিষ্ট সম্প্রদায় বা গোষ্ঠীকে উদ্দেশ্যে ""নষ্ট"", ""খারাপ"" এর মতো অবমাননাকর শব্দ ব্যবহার এই মন্তব্যকে মৃদু বা গৌণ মাত্রার গালিগালাজ হিসেবে চিহ্নিত করে।",rule-contextual,False,pending,
22317,বাটপার নির্বাচনে একটা আসনও পাবে বুঝে দেন দরবার করছে আর মিডিয়াকে সততার নসিহত করে,Political Hate,Individual,Mild,"মন্তব্যকারী ""নির্বাচন"", ""বাটপার"" এর প্রসঙ্গে নির্দিষ্ট ব্যক্তিকে সম্পর্কে মাঝারি মাত্রার রাজনৈতিক বিদ্বেষ ও ঘৃণা প্রকাশ করেছেন।",rule-contextual,False,pending,
6779,দানব ও দালাল ব্যাংক,Abusive,Organization,Mild,"এই বক্তব্যে নির্দিষ্ট সংগঠন বা প্রতিষ্ঠানকে প্রতি ""দালাল"" এর মতো আপত্তিকর শব্দচয়ন এটিকে মাঝারি মাত্রার আক্রমণাত্মক মন্তব্য হিসেবে শ্রেণিবদ্ধ করে।",rule-contextual,False,pending,
27373,জণগনরে বোকা পাইছো এইডাতো আসলেই পাগল কি বলে না বলে গাধা,Abusive,Individual,Mild,"এই বক্তব্যে নির্দিষ্ট ব্যক্তিকে প্রতি ""বোকা"", ""গাধা"", ""পাগল"" এর মতো আপত্তিকর শব্দচয়ন এটিকে মাঝারি মাত্রার আক্রমণাত্মক মন্তব্য হিসেবে শ্রেণিবদ্ধ করে।",rule-contextual,False,pending,
13485,সব চোর মাগীর পোলারা এক সুদু দুনিতী চাডা কিচুই নাই আমি তাদের না বোন চুদি এই সব চোদে কে,Abusive,Organization,Severe,"মন্তব্যটিতে ""মাগী"", ""চুদ"", ""চোর"" এর মতো অশ্লীল ও কুরুচিপূর্ণ ভাষা ব্যবহার করে নির্দিষ্ট সংগঠন বা প্রতিষ্ঠানকে আক্রমণ করা হয়েছে। এটি তীব্র ও গুরুতর মাত্রার অশ্লীল বক্তব্য।",rule-contextual,False,pending,
16909,নববর্ষের অগ্রিম শুভেচ্ছা,,,Little to None,এটি একটি নিরপেক্ষ মন্তব্য যেখানে কাউকে লক্ষ্য করে কোনো অবমাননাকর বা বৈষম্যমূলক ভাষা ব্যবহার করা হয়নি।,rule-based,False,pending,
13817,তোদের ও বিচার হবে সময় আসলে বুঝবি,Abusive,Individual,Severe,"এই মন্তব্যের ভাষা ও সুর আক্রমণাত্মক এবং অবমাননাকর, যা একটি নির্দিষ্ট ব্যক্তির বিরুদ্ধে তীব্র ও গুরুতর মাত্রার গালিগালাজমূলক বক্তব্য হিসেবে চিহ্নিত।",rule-contextual,False,pending,
32104,ভারতবর্ষে চালু হয়েছে প্রায় ২৫ থেকে ৩০ বছর আগে আর এরা এখনও চালু করতে পারেনি ভোটই তো হয় না দিয়ে কি হবে,Abusive,Society,Mild,"মন্তব্যটিতে ""ভোট"" এর মতো আক্রমণাত্মক ও গালিগালাজমূলক ভাষা ব্যবহার করা হয়েছে। এটি সামগ্রিকভাবে সমাজ বা জাতির বিরুদ্ধে মাঝারি মাত্রার বক্তব্য।",rule-contextual,False,pending,
34017,বাংলাদেশে বিচার নাই পারলে চলে বলে কৌশলে নিজেরা বিচার করো এটি বাংলাদেশ কেনো তোমরা ভুলে যাও জোর যার মুল্লুক তার কেনো অযথা বিচার শব্দ টাকে সরম দিচ্ছো বোন,Abusive,,Little to None,মন্তব্যটির সামগ্রিক সুর ও ভাষা সাধারণভাবে মৃদু বা গৌণ মাত্রার আক্রমণাত্মক বক্তব্য নির্দেশ করে।,rule-contextual,False,pending,
17999,মেনেয়া একটাকে রাষ্ট্রপ্রতি বানাইছে,Abusive,,Mild,মন্তব্যটির সামগ্রিক সুর ও ভাষা সাধারণভাবে মাঝারি মাত্রার আক্রমণাত্মক বক্তব্য নির্দেশ করে।,rule-contextual,False,pending,
28981,খবর এ বলছেন ১৭৮০ কোটি ডলার এর টাইটেল দিছেন ১৭৮ কোটি,,,Little to None,মন্তব্যটি সাধারণ মতামত প্রকাশ করে এবং এতে কোনো ঘৃণা বা সহিংসতামূলক উপাদান নেই।,rule-based,False,pending,
3657,ভালো করেছে ভাল পদক্ষেপ নতুন প্লায়ার সুযোগ পাওয়া উচিত,,,Little to None,"এই মন্তব্যে কোনো ঘৃণামূলক, আক্রমণাত্মক বা বৈষম্যমূলক ভাষা নেই, তাই এটি স্বাভাবিক মন্তব্য হিসেবে শ্রেণিবদ্ধ।",rule-based,False,pending,
24515,টলারবাহী লাস নারে পাগলা লাসবাহী টলার,Abusive,Individual,Little to None,"মন্তব্যকারী ""পাগল"" ব্যবহার করে নির্দিষ্ট ব্যক্তিকে আক্রমণ করেছেন। ভাষার তীব্রতা মৃদু বা গৌণ মাত্রার বলে প্রতীয়মান।",rule-contextual,False,pending,
32631,আপনাদের ভিডিও আর দেখ বো না কারন আপনারা ট্রিপলার ভাই ফেস রিবিল করেন নাই,Abusive,Community,Little to None,মন্তব্যটির সামগ্রিক সুর ও ভাষা একটি সম্প্রদায় বা গোষ্ঠীর বিরুদ্ধে মৃদু বা গৌণ মাত্রার আক্রমণাত্মক বক্তব্য নির্দেশ করে।,rule-contextual,False,pending,
5736,এই সাংবাদিক একজন মিথ্যাবাদী কারন সে বলেছে তার কোন ফুটেজ রেকর্ড করা নাই কিন্তু সে ফুটেজ রেকর্ড করেছে এর শাস্তি হওয়া দরকার অবশ্যই ইউ এন ও সাহেবের বুকের সত্য সাহস আছে অসংখ্য ধন্যবাদ স্যার আপনাকে,Abusive,Community,Little to None,"নির্দিষ্ট সম্প্রদায় বা গোষ্ঠীকে উদ্দেশ্যে ""মিথ্যাবাদী"" এর মতো অবমাননাকর শব্দ ব্যবহার এই মন্তব্যকে মৃদু বা গৌণ মাত্রার গালিগালাজ হিসেবে চিহ্নিত করে।",rule-contextual,False,pending,
3385,সময় টিভি একটা ছেছড়া খবরের ভিতরেও এড বসিয়ে দিছে,Abusive,Organization,Severe,"এই মন্তব্যের ভাষা ও সুর আক্রমণাত্মক এবং অবমাননাকর, যা একটি সংগঠন বা প্রতিষ্ঠানের বিরুদ্ধে তীব্র ও গুরুতর মাত্রার গালিগালাজমূলক বক্তব্য হিসেবে চিহ্নিত।",rule-contextual,False,pending,
2765,এইটা কি ডাক্তার ছিল ওইটা তো হইল আওয়ামী লীগের কসাই কসাই কিভাবে ডাক্তার হয় আর ওনার হাতে কিভাবে সাঈদী সাহেবের চিকিৎসা হতে পারে সাঈদী সাহেবের মৃত্যুর সাথে অনেক কিছু জড়িয়ে আছে,Abusive,Individual,Little to None,"মন্তব্যটিতে ""কসাই"" এর মতো আক্রমণাত্মক ভাষা ব্যবহার করে নির্দিষ্ট ব্যক্তিকে লক্ষ্য করা হয়েছে। এটি মৃদু বা গৌণ মাত্রার গালিগালাজমূলক বক্তব্য।",rule-contextual,False,pending,
18678,জুতার মালা দাও দালাল হাসিনা আর সময় টিভি কে ২ বাটপার,Abusive,Community,Mild,"মন্তব্যকারী ""বাটপার"", ""দালাল"" ব্যবহার করে নির্দিষ্ট সম্প্রদায় বা গোষ্ঠীকে অশ্লীলভাবে আক্রমণ করেছেন। ভাষার মাত্রা মাঝারি মাত্রার অশ্লীলতা নির্দেশ করে।",rule-contextual,False,pending,
32915,কথাটা হবে কয়েকদিন পরেই পর্দা উঠবে,,,Little to None,"মন্তব্যটিতে কোনো গালিগালাজ, বিদ্বেষ বা আপত্তিকর বিষয়বস্তু পাওয়া যায়নি বলে এটি নিরপেক্ষ মন্তব্য।",rule-based,False,pending,
14288,আপনারর পারবেন না,,,Little to None,মন্তব্যকারী সাধারণ বিষয়ে মতামত দিয়েছেন এবং কোনো ঘৃণামূলক বক্তব্য প্রকাশ করেননি।,rule-based,False,pending,
12749,যত গণডওগল আমেরিকানই পাকাচ্ছে,Abusive,Society,Mild,"এই মন্তব্যের ভাষা ও সুর আক্রমণাত্মক এবং অবমাননাকর, যা সামগ্রিকভাবে সমাজ বা জাতির বিরুদ্ধে মাঝারি মাত্রার গালিগালাজমূলক বক্তব্য হিসেবে চিহ্নিত।",rule-contextual,False,pending,
15693,আমেরিকার লজ্জা থাকা উচিৎ,Abusive,Society,Little to None,"মন্তব্যটিতে ""লজ্জা"" এর মতো আক্রমণাত্মক ভাষা ব্যবহার করে সমাজ বা জাতিকে লক্ষ্য করা হয়েছে। এটি মৃদু বা গৌণ মাত্রার গালিগালাজমূলক বক্তব্য।",rule-contextual,False,pending,
24816,ভোট চুরি করে আবার বড় গলায় কথা,Political Hate,Organization,Mild,"নির্দিষ্ট সংগঠন বা প্রতিষ্ঠানকে বিরুদ্ধে ""ভোট"" এর মতো রাজনৈতিক বিদ্বেষমূলক শব্দ ব্যবহার করা হয়েছে। এটি মাঝারি মাত্রার রাজনৈতিক ঘৃণা প্রকাশ করে।",rule-contextual,False,pending,
9574,আমেরিকা এটা কচুর লীগ,Political Hate,Organization,Mild,"রাজনৈতিক প্রেক্ষাপটে ""লীগ"" ব্যবহার করে নির্দিষ্ট সংগঠন বা প্রতিষ্ঠানকে প্রতি বিদ্বেষ প্রকাশ এই মন্তব্যকে মাঝারি মাত্রার রাজনৈতিক ঘৃণামূলক বক্তব্য করে তোলে।",rule-contextual,False,pending,
20811,ভোট দিতে পারে না তারা আবার চেঞ্জ মেকার হবে আজব,Political Hate,Organization,Little to None,"মন্তব্যটিতে ""ভোট"" উল্লেখ করে রাজনৈতিক বিদ্বেষ প্রকাশ করা হয়েছে। নির্দিষ্ট সংগঠন বা প্রতিষ্ঠানকে লক্ষ্য করে এই মৃদু বা গৌণ মাত্রার রাজনৈতিক ঘৃণামূলক বক্তব্য।",rule-contextual,False,pending,
17648,এতে নেইমারে অসম্মান হল কি,,,Little to None,মন্তব্যটি সাধারণ মতামত প্রকাশ করে এবং এতে কোনো ঘৃণা বা সহিংসতামূলক উপাদান নেই।,rule-based,False,pending,
6314,পাপন সাহেব এর সময়তে শনি চলমান,,,Little to None,মন্তব্যটি সাধারণ মতামত প্রকাশ করে এবং এতে কোনো ঘৃণা বা সহিংসতামূলক উপাদান নেই।,rule-based,False,pending,
9163,রওশন শয়তান মরেও নাএটা রাজনীতির বিষফোড়া,Abusive,Individual,Mild,"এই মন্তব্যের ভাষা ও সুর আক্রমণাত্মক এবং অবমাননাকর, যা একটি নির্দিষ্ট ব্যক্তির বিরুদ্ধে মাঝারি মাত্রার গালিগালাজমূলক বক্তব্য হিসেবে চিহ্নিত।",rule-contextual,False,pending,
10987,সব দল একত্রে থাকাই বড় শক্তি,,,Little to None,"মন্তব্যটিতে কোনো নির্দিষ্ট ব্যক্তি, গোষ্ঠী বা সম্প্রদায়ের বিরুদ্ধে ঘৃণা বা বিদ্বেষ প্রকাশ পায়নি।",rule-based,False,pending,
14617,তেল হলো রাশিয়ার আর দাম নির্ধারন করে পচ্চিমারা হাস্যকর,Political Hate,Society,Little to None,"মন্তব্যটিতে ""মারা"" উল্লেখ করে রাজনৈতিক বিদ্বেষ প্রকাশ করা হয়েছে। সমাজ বা জাতিকে লক্ষ্য করে এই মৃদু বা গৌণ মাত্রার রাজনৈতিক ঘৃণামূলক বক্তব্য।",rule-contextual,False,pending,
4999,হুম বেগম জিয়া তো ৮ম পাস,,,Little to None,"মন্তব্যটিতে কোনো গালিগালাজ, বিদ্বেষ বা আপত্তিকর বিষয়বস্তু পাওয়া যায়নি বলে এটি নিরপেক্ষ মন্তব্য।",rule-based,False,pending,
29758,আপনারা কোনদিন মিয়ানমারের বিদ্রোহী পার্টি ওদেরকে সাপোর্ট দিবেন না আমাদের রোহিঙ্গা জনগোষ্ঠীকে পৌরা বিতাড়িত করেছিল আপনারা সরকারি বাহিনীকে সাপোর্ট দেন,Political Hate,Society,Mild,"মন্তব্যকারী ""সরকার"" এর প্রসঙ্গে সমাজ বা জাতিকে সম্পর্কে মাঝারি মাত্রার রাজনৈতিক বিদ্বেষ ও ঘৃণা প্রকাশ করেছেন।",rule-contextual,False,pending,
13865,সবাই চোরার সরকার হাসিনা মাটি করে ছে জনগণ ভোট চোর হাসিনা কে জুতো দিয়ে বিদায়ী করে বে ইসুআ আললাহ,Abusive,Individual,Severe,"এই বক্তব্যে নির্দিষ্ট ব্যক্তিকে প্রতি ""চোর"" এর মতো আপত্তিকর শব্দচয়ন এটিকে তীব্র ও গুরুতর মাত্রার আক্রমণাত্মক মন্তব্য হিসেবে শ্রেণিবদ্ধ করে।",rule-contextual,False,pending,
23058,এখন কী পদে আছেন আপনি,,,Little to None,"এই মন্তব্যে কোনো ঘৃণামূলক, আক্রমণাত্মক বা বৈষম্যমূলক ভাষা নেই, তাই এটি স্বাভাবিক মন্তব্য হিসেবে শ্রেণিবদ্ধ।",rule-based,False,pending,
4748,প্রধানমন্ত্রী শেখ হাসিনাকে সকল স্তরের মানুষ পছন্দ করে,,,Little to None,মন্তব্যকারী সাধারণ বিষয়ে মতামত দিয়েছেন এবং কোনো ঘৃণামূলক বক্তব্য প্রকাশ করেননি।,rule-based,False,pending,
12214,মানুষ না খেতে মরে ওনি ডিজিটাল বাংলাদেশ চুদায়,Political Hate,Organization,Severe,রাজনৈতিক বিষয়ে একটি সংগঠন বা প্রতিষ্ঠানের বিরুদ্ধে তীব্র ও গুরুতর মাত্রার বিদ্বেষপূর্ণ মনোভাব এই মন্তব্যে স্পষ্ট।,rule-contextual,False,pending,
3496,মানুষ রূপি রক্ত খেকু রাক্ষস,Abusive,Individual,Severe,"এই মন্তব্যের ভাষা ও সুর আক্রমণাত্মক এবং অবমাননাকর, যা একটি নির্দিষ্ট ব্যক্তির বিরুদ্ধে তীব্র ও গুরুতর মাত্রার গালিগালাজমূলক বক্তব্য হিসেবে চিহ্নিত।",rule-contextual,False,pending,
22593,ফকিন্নির বাচ্চারা এক মিনিটের খবরের সেকেন্ডের অ্যাড দেয়,Abusive,,Mild,মন্তব্যটিতে সাধারণভাবে মাঝারি মাত্রার অশ্লীল শব্দচয়ন ও কুরুচিপূর্ণ ভাষা ব্যবহার করা হয়েছে।,rule-contextual,False,pending,
14388,ভ্যানটা আমি চালাব,,,Little to None,মন্তব্যটি সাধারণ মতামত প্রকাশ করে এবং এতে কোনো ঘৃণা বা সহিংসতামূলক উপাদান নেই।,rule-based,False,pending,
4815,এত সুন্দর করে একটি রিপোর্ট তৈরি করার জন্য অসংখ্য ধন্যবাদ জানাচ্ছি সময় টেলিভিশন পরিবার কে,,,Little to None,এটি একটি নিরপেক্ষ মন্তব্য যেখানে কাউকে লক্ষ্য করে কোনো অবমাননাকর বা বৈষম্যমূলক ভাষা ব্যবহার করা হয়নি।,rule-based,False,pending,
23291,মাশাআল্লাহ অসাধারণ সুন্দর করে বলেছেন কমল দাদা আপনি আপনার জন্য শুভকামনা রইল,,,Little to None,মন্তব্যকারী সাধারণ বিষয়ে মতামত দিয়েছেন এবং কোনো ঘৃণামূলক বক্তব্য প্রকাশ করেননি।,rule-based,False,pending,
9076,অভ৷ শেষে নাম হবে এর সাথে বি এন পি জড়িত আছে ১ নাম্বারে থাকবে তারেক রহমানে নাম,Political Hate,Organization,Little to None,মন্তব্যটি রাজনৈতিক ব্যক্তি বা দলের প্রতি একটি সংগঠন বা প্রতিষ্ঠানের বিরুদ্ধে মৃদু বা গৌণ মাত্রার ঘৃণামূলক দৃষ্টিভঙ্গি প্রকাশ করে।,rule-contextual,False,pending,
23544,কাকু হাসিনার দালালী আর কতদিন করবা,Abusive,Individual,Mild,"এই মন্তব্যে ""দালাল"" শব্দ ব্যবহার করে নির্দিষ্ট ব্যক্তিকে অবমাননা করা হয়েছে, যা মাঝারি মাত্রার আক্রমণাত্মক ভাষা নির্দেশ করে।",rule-contextual,False,pending,
23467,নগদ এ্যড থেকে সাকিব কে সরানো হোক না হলে আপনাদের কাস্টমার হারাবেন,Abusive,Individual,Mild,মন্তব্যটির সামগ্রিক সুর ও ভাষা একটি নির্দিষ্ট ব্যক্তির বিরুদ্ধে মাঝারি মাত্রার আক্রমণাত্মক বক্তব্য নির্দেশ করে।,rule-contextual,False,pending,
4422,আমরা প্রায় সময় শুনি দক্ষিণ আফ্রিকায় এই ধরনের নির্মম নিষ্ঠুরতার শিকার হয় বাংলাদেশিরা আমি মনে করি সেখানে বাংলাদেশিরা না থাকাটাই ভালোঅন্যদেশে চলে যাওয়ার ব্যবস্থা করা টা তাদের জন্য উচিত হবে অথবা দেশে এসে ব্যবসা বাণিজ্য করার জন্য বিশেষভাবে অনুরোধ করিতেছি,,,Little to None,মন্তব্যকারী সাধারণ বিষয়ে মতামত দিয়েছেন এবং কোনো ঘৃণামূলক বক্তব্য প্রকাশ করেননি।,rule-based,False,pending,
13826,হে আল্লাহ তুমি ফেরাউন বাহিনীকে ধ্বংস করে দাও আমিন,Religious Hate,Community,Mild,"নির্দিষ্ট সম্প্রদায় বা গোষ্ঠীকে বিরুদ্ধে ""আল্লাহ"", ""ধ্বংস"" এর মতো সাম্প্রদায়িক শব্দ ব্যবহার করা হয়েছে, যা মাঝারি মাত্রার ধর্মীয় বিদ্বেষ নির্দেশ করে।",rule-contextual,False,pending,
9637,তোমার নাটোক আওয়ামী নাটোক একি শুতায় গাথা হাছিনা কতোটাকা দিয়েছেন জনোগন জানতে চায়,Political Hate,Individual,Mild,এই মন্তব্যে রাজনৈতিক প্রেক্ষাপটে একটি নির্দিষ্ট ব্যক্তির বিরুদ্ধে মাঝারি মাত্রার বিদ্বেষ ও ঘৃণা প্রকাশ করা হয়েছে।,rule-contextual,False,pending,
19900,দেশ উন্নত করেনজনগণের জন্য খাদ্য ক্রয় করা সহজ করে দেন এই ভাবে আর কত বছর একজন আরেকজনের পিছে লাইগা থাকবেন,Abusive,Organization,Severe,মন্তব্যটির সামগ্রিক সুর ও ভাষা একটি সংগঠন বা প্রতিষ্ঠানের বিরুদ্ধে তীব্র ও গুরুতর মাত্রার আক্রমণাত্মক বক্তব্য নির্দেশ করে।,rule-contextual,False,pending,
4153,এই জাতি বলে শান্তির জাতি কথায় কথায় রেগে যায়সে বলে শান্তি,Abusive,Community,Little to None,মন্তব্যটির সামগ্রিক সুর ও ভাষা একটি সম্প্রদায় বা গোষ্ঠীর বিরুদ্ধে মৃদু বা গৌণ মাত্রার আক্রমণাত্মক বক্তব্য নির্দেশ করে।,rule-contextual,False,pending,
6093,১০০ টাকা বারে আর ২ টাকা কমে বলতে লজ্জা ও লাগেনা সময় টিভির,Abusive,Organization,Severe,"এই মন্তব্যে ""লজ্জা"" শব্দ ব্যবহার করে নির্দিষ্ট সংগঠন বা প্রতিষ্ঠানকে অবমাননা করা হয়েছে, যা তীব্র ও গুরুতর মাত্রার আক্রমণাত্মক ভাষা নির্দেশ করে।",rule-contextual,False,pending,
32984,এক ভাতারে ঐ মেয়ের পোসাইবেনা,Abusive,Individual,Mild,এই বক্তব্যে ব্যবহৃত ভাষা ও দৃষ্টিভঙ্গি একটি নির্দিষ্ট ব্যক্তির বিরুদ্ধে মাঝারি মাত্রার গালিগালাজমূলক মন্তব্য প্রকাশ করে।,rule-contextual,False,pending,
26794,লাভ ছাড়া কেউ কারো হোন মারে না,,,Little to None,"মন্তব্যটিতে কোনো নির্দিষ্ট ব্যক্তি, গোষ্ঠী বা সম্প্রদায়ের বিরুদ্ধে ঘৃণা বা বিদ্বেষ প্রকাশ পায়নি।",rule-based,False,pending,
5724,সন্ত্রাসী রাষ্ট্রে সন্ত্রাসী কর্মকাণ্ড হওয়াটা স্বাভাবিক এই খবরে প্রচার করার কি দরকার দেশের খবর নাই,Abusive,Society,Mild,এই বক্তব্যে ব্যবহৃত ভাষা ও দৃষ্টিভঙ্গি সামগ্রিকভাবে সমাজ বা জাতির বিরুদ্ধে মাঝারি মাত্রার গালিগালাজমূলক মন্তব্য প্রকাশ করে।,rule-contextual,False,pending,
30684,মিয়া আর কত হুসিয়ারি দিবা তুমি ছোট কালথেকে দেকছি,Abusive,Individual,Little to None,মন্তব্যটির সামগ্রিক সুর ও ভাষা একটি নির্দিষ্ট ব্যক্তির বিরুদ্ধে মৃদু বা গৌণ মাত্রার আক্রমণাত্মক বক্তব্য নির্দেশ করে।,rule-contextual,False,pending,
6810,এ জন্যই বুঝি আমেরিকা তিন হাজার সৈন্য পাঠিয়েছে লোহিত সাগরে আমেরিকা তো ঘুম হারাম হয়ে গেছে ইরানের সাপোর্টার অতিউৎসাহী,,,Little to None,"এই মন্তব্যে কোনো ঘৃণামূলক, আক্রমণাত্মক বা বৈষম্যমূলক ভাষা নেই, তাই এটি স্বাভাবিক মন্তব্য হিসেবে শ্রেণিবদ্ধ।",rule-based,False,pending,
33572,দফা ১ দাবি ১ হাসিনার পদত্যাগ,Political Hate,Individual,Mild,"মন্তব্যকারী ""হাসিনা"" এর প্রসঙ্গে নির্দিষ্ট ব্যক্তিকে সম্পর্কে মাঝারি মাত্রার রাজনৈতিক বিদ্বেষ ও ঘৃণা প্রকাশ করেছেন।",rule-contextual,False,pending,
19619,হাহাহাভোট চোরের সন্তানেরা বলে কি,Political Hate,Organization,Severe,"এই মন্তব্যে ""ভোট"", ""চোর"" সম্পর্কিত রাজনৈতিক ঘৃণা প্রকাশ পেয়েছে যেখানে নির্দিষ্ট সংগঠন বা প্রতিষ্ঠানকে আক্রমণের লক্ষ্যবস্তু। তীব্রতা তীব্র ও গুরুতর মাত্রার।",rule-contextual,False,pending,
18636,সবাই ইংরেজি তে বললো ভালো লাগলো,,,Little to None,"এই মন্তব্যে কোনো ঘৃণামূলক, আক্রমণাত্মক বা বৈষম্যমূলক ভাষা নেই, তাই এটি স্বাভাবিক মন্তব্য হিসেবে শ্রেণিবদ্ধ।",rule-based,False,pending,
23854,আদৌ কি বাজেট পাশ হবে গত ৪ বছর তো একই কথা বলে যাচ্ছেন উনি,Abusive,,Mild,এই বক্তব্যে ব্যবহৃত ভাষা ও দৃষ্টিভঙ্গি সাধারণভাবে মাঝারি মাত্রার গালিগালাজমূলক মন্তব্য প্রকাশ করে।,rule-contextual,False,pending,
1204,ভারত আন্তজাতিক হারামি ভারতকে ঘৃনা এবং কোন জায়গা দেওয়া উচিত নয়,Political Hate,Society,Severe,"সমাজ বা জাতিকে বিরুদ্ধে ""হারামি"" এর মতো রাজনৈতিক বিদ্বেষমূলক শব্দ ব্যবহার করা হয়েছে। এটি তীব্র ও গুরুতর মাত্রার রাজনৈতিক ঘৃণা প্রকাশ করে।",rule-contextual,False,pending,
10257,শেখ হাসিনা তুমি তো সতী মায়ের সতী সন্তান তুমি স্বার্থের জন্য সব করতে পারো দেশের মানুষকে ঘুম হত্যা করা তোমার নেশা,Political Hate,Individual,Severe,"মন্তব্যটিতে ""হাসিনা"" উল্লেখ করে রাজনৈতিক বিদ্বেষ প্রকাশ করা হয়েছে। নির্দিষ্ট ব্যক্তিকে লক্ষ্য করে এই তীব্র ও গুরুতর মাত্রার রাজনৈতিক ঘৃণামূলক বক্তব্য।",rule-contextual,False,pending,
26537,ভোট চোরের বাচ্চা ফালতু লোক,Political Hate,Individual,Mild,"নির্দিষ্ট ব্যক্তিকে বিরুদ্ধে ""ভোট"", ""চোর"" এর মতো রাজনৈতিক বিদ্বেষমূলক শব্দ ব্যবহার করা হয়েছে। এটি মাঝারি মাত্রার রাজনৈতিক ঘৃণা প্রকাশ করে।",rule-contextual,False,pending,
31194,লালন ভক্ত মানে গাঁজা খোর আর নাস্তিক,Religious Hate,Individual,Severe,ধর্ম ও সম্প্রদায় সম্পর্কে একটি নির্দিষ্ট ব্যক্তির বিরুদ্ধে তীব্র ও গুরুতর মাত্রার বিদ্বেষপূর্ণ মনোভাব এই মন্তব্যে প্রকাশিত।,rule-contextual,False,pending,
10454,সাবাস বিএনপি জামাত চালিয়ে যাও হাসিনা হটাও,Political Hate,Individual,Mild,"মন্তব্যকারী ""বিএনপি"", ""জামাত"", ""হাসিনা"" এর প্রসঙ্গে নির্দিষ্ট ব্যক্তিকে সম্পর্কে মাঝারি মাত্রার রাজনৈতিক বিদ্বেষ ও ঘৃণা প্রকাশ করেছেন।",rule-contextual,False,pending,
4350,এই কারনেই তালেবানরা গনতন্ত্র মানে নাগনতন্ত্র থাকলেই পশ্চিমারা ইজরায়েল ভারত দেশে দেশে রাজনীতিতে হস্তক্ষেপ করে,Political Hate,Organization,Mild,"এই মন্তব্যে ""রাজনীতি"", ""মারা"" সম্পর্কিত রাজনৈতিক ঘৃণা প্রকাশ পেয়েছে যেখানে নির্দিষ্ট সংগঠন বা প্রতিষ্ঠানকে আক্রমণের লক্ষ্যবস্তু। তীব্রতা মাঝারি মাত্রার।",rule-contextual,False,pending,
9037,সময় এবং ৭১ অনেক খুশি সাবাস মিডিয়া,,,Little to None,এটি একটি নিরপেক্ষ মন্তব্য যেখানে কাউকে লক্ষ্য করে কোনো অবমাননাকর বা বৈষম্যমূলক ভাষা ব্যবহার করা হয়নি।,rule-based,False,pending,
14879,আর কতকাল যে পাচাটা গিরি করবে কে জানে সব টাকা চোরের বাচ্চারা চুরি করে পাচার করে আর দেশের নিরীহ মানুষের উপর অত্যাচার চালায় শালারাওদিকে সামরিক সক্ষমতায় ধাপ পিছিয়ে মিয়ানমার থেকেও কিন্তু চাপাবাজীতে ওস্তাদ একটা পাদ মারা বিমান কিনেও নিউজের জালায় অস্থির মানে হলো ঝিনুকের ভেতর নৌকা বাইছ,Political Hate,Organization,Mild,"রাজনৈতিক প্রেক্ষাপটে ""ক্ষমতা"", ""চোর"", ""শালা"" ব্যবহার করে নির্দিষ্ট সংগঠন বা প্রতিষ্ঠানকে প্রতি বিদ্বেষ প্রকাশ এই মন্তব্যকে মাঝারি মাত্রার রাজনৈতিক ঘৃণামূলক বক্তব্য করে তোলে।",rule-contextual,False,pending,
29891,আওয়ামী লিগকে দায়িত্ব দিছে কে চামচামি করার জন্য তাহলে দেশে পুলিশ কি জন্য,Political Hate,Organization,Mild,"নির্দিষ্ট সংগঠন বা প্রতিষ্ঠানকে বিরুদ্ধে ""পুলিশ"", ""চামচা"" এর মতো রাজনৈতিক বিদ্বেষমূলক শব্দ ব্যবহার করা হয়েছে। এটি মাঝারি মাত্রার রাজনৈতিক ঘৃণা প্রকাশ করে।",rule-contextual,False,pending,
6500,হাসিনা কুলাঙ্গগার তুই মরলে পরে ১৯ কোটি মানুষ শান্তি পেত,Political Hate,Individual,Severe,"মন্তব্যকারী ""হাসিনা"" এর প্রসঙ্গে নির্দিষ্ট ব্যক্তিকে সম্পর্কে তীব্র ও গুরুতর মাত্রার রাজনৈতিক বিদ্বেষ ও ঘৃণা প্রকাশ করেছেন।",rule-contextual,False,pending,
22069,কিছু ছাগল আছে কোথায় কি কমেন্ট করতে হয় তা জানে না,Abusive,Community,Mild,মন্তব্যটির সামগ্রিক সুর ও ভাষা একটি সম্প্রদায় বা গোষ্ঠীর বিরুদ্ধে মাঝারি মাত্রার আক্রমণাত্মক বক্তব্য নির্দেশ করে।,rule-contextual,False,pending,
34438,শালা ভারতের রাজনীতি হাসিনা দেশটা ধ্বংস করল,Political Hate,Individual,Severe,"নির্দিষ্ট ব্যক্তিকে বিরুদ্ধে ""হাসিনা"", ""রাজনীতি"", ""শালা"" এর মতো রাজনৈতিক বিদ্বেষমূলক শব্দ ব্যবহার করা হয়েছে। এটি তীব্র ও গুরুতর মাত্রার রাজনৈতিক ঘৃণা প্রকাশ করে।",rule-contextual,False,pending,
13869,ঠিক মতো তারা টাকা পাবেতোএকটু খবর রাখবেন ওনার কথায় কেমন যেনো মনে হলো,,,Little to None,এই বাক্যে কোনো ঘৃণামূলক শব্দ বা আক্রমণাত্মক প্রকাশ নেই এবং এটি সাধারণ মতামত প্রকাশ করে।,rule-based,False,pending,
11507,বাংলাদেশ আফগানিস্তান সকল প্লেয়ারদের ও দুই দেশের জনগণের প্রতি ভালোবাসা রইলো,,,Little to None,"মন্তব্যটিতে কোনো নির্দিষ্ট ব্যক্তি, গোষ্ঠী বা সম্প্রদায়ের বিরুদ্ধে ঘৃণা বা বিদ্বেষ প্রকাশ পায়নি।",rule-based,False,pending,
12665,ঘোড়ায় পাইছে ধুনের মাতব্বরি শালার ঘরের শালারাআমি মালেশিয়ায় থাকিযাহার একটা হাত নাই সেও ভোট দিতে পারে এবং ভিক্ষা করে তারও দুইটা করে গাড়ি আছে আমার বাংলাদেশের ডিজিটাল চোরেরা ইভিএম বানাইতেছে,Abusive,Community,Severe,"মন্তব্যকারী ""শালা"", ""চোর"", ""শালা"" ব্যবহার করে নির্দিষ্ট সম্প্রদায় বা গোষ্ঠীকে অশ্লীলভাবে আক্রমণ করেছেন। ভাষার মাত্রা তীব্র ও গুরুতর মাত্রার অশ্লীলতা নির্দেশ করে।",rule-contextual,False,pending,
22856,আপনারা দরোয়ানকে নিয়ে খবর করেন না কেন,Abusive,Community,Mild,"এই মন্তব্যের ভাষা ও সুর আক্রমণাত্মক এবং অবমাননাকর, যা একটি সম্প্রদায় বা গোষ্ঠীর বিরুদ্ধে মাঝারি মাত্রার গালিগালাজমূলক বক্তব্য হিসেবে চিহ্নিত।",rule-contextual,False,pending,
13249,ওরে পাবনা পাগলা গারদে পাঠিয়ে দে,Abusive,Individual,Severe,"মন্তব্যকারী ""পাগল"" ব্যবহার করে নির্দিষ্ট ব্যক্তিকে আক্রমণ করেছেন। ভাষার তীব্রতা তীব্র ও গুরুতর মাত্রার বলে প্রতীয়মান।",rule-contextual,False,pending,
17599,ওরে কাংলাদেশি তোদের র থেকে আমাদের বেশি তোদের র আমাদের শ্রীলঙ্কাকে জরুরি লোন ও ভারত দিচ্ছেতোরা অশিক্ষিত র,Political Hate,,Mild,এই মন্তব্যে রাজনৈতিক প্রেক্ষাপটে সাধারণভাবে মাঝারি মাত্রার বিদ্বেষ ও ঘৃণা প্রকাশ করা হয়েছে।,rule-contextual,False,pending,
32471,এই জান্তা জানোয়ারদের কে ঘাড় ধাক্কা দিয়ে বের করে দেয়া দরকার,Abusive,Community,Severe,মন্তব্যটিতে একটি সম্প্রদায় বা গোষ্ঠীর বিরুদ্ধে তীব্র ও গুরুতর মাত্রার অশ্লীল শব্দচয়ন ও কুরুচিপূর্ণ ভাষা ব্যবহার করা হয়েছে।,rule-contextual,False,pending,
15326,মিছে কথা বলে আর লাভ নেই,,,Little to None,"এই মন্তব্যে কোনো ঘৃণামূলক, আক্রমণাত্মক বা বৈষম্যমূলক ভাষা নেই, তাই এটি স্বাভাবিক মন্তব্য হিসেবে শ্রেণিবদ্ধ।",rule-based,False,pending,
20408,বাঙালিরা দুই টাকা হাওয়ার জন্য এসব কাজ কারবার করে আমিও একজন প্রবাসী বছর ধরে আছে আল্লাহর কসম আমি অনেক ভিসা পায়ে ছিলাম মাগনা ইচ্ছা করলে অনেক লোক আনতে পারতাম আমি কাউকে আনি নাই দুই দিন আগেও এক আরবে আমাকে বলছে একটা লোকের দরকার আমি বলছি পরে জানাবো,Abusive,Community,Little to None,"এই মন্তব্যের ভাষা ও সুর আক্রমণাত্মক এবং অবমাননাকর, যা একটি সম্প্রদায় বা গোষ্ঠীর বিরুদ্ধে মৃদু বা গৌণ মাত্রার গালিগালাজমূলক বক্তব্য হিসেবে চিহ্নিত।",rule-contextual,False,pending,
24578,এক কথা বার বার আর কত,Abusive,Individual,Little to None,মন্তব্যকারী আক্রমণাত্মক শব্দ ব্যবহার করে নির্দিষ্ট ব্যক্তিকে আক্রমণ করেছেন। ভাষার তীব্রতা মৃদু বা গৌণ মাত্রার বলে প্রতীয়মান।,rule-contextual,False,pending,
34174,পাকিস্তান বেশি বেশি শুধু পাম দিতে পারে আর কিছু না,Abusive,Society,Mild,এই বক্তব্যে ব্যবহৃত ভাষা ও দৃষ্টিভঙ্গি সামগ্রিকভাবে সমাজ বা জাতির বিরুদ্ধে মাঝারি মাত্রার গালিগালাজমূলক মন্তব্য প্রকাশ করে।,rule-contextual,False,pending,
35335,এখন তার চেয়ে খারাপ অবস্থা দেশের লেখাপড়া গুয়া মারা শেষ,Abusive,Society,Severe,"এই বক্তব্যে সমাজ বা জাতিকে প্রতি ""গু"", ""খারাপ"", ""মারা"" এর মতো অশ্লীল শব্দচয়ন এটিকে তীব্র ও গুরুতর মাত্রার কুরুচিপূর্ণ মন্তব্য হিসেবে চিহ্নিত করে।",rule-contextual,False,pending,
28493,এগুলো মিডিয়ার সৃষ্টি,Abusive,Organization,Mild,মন্তব্যটির সামগ্রিক সুর ও ভাষা একটি সংগঠন বা প্রতিষ্ঠানের বিরুদ্ধে মাঝারি মাত্রার আক্রমণাত্মক বক্তব্য নির্দেশ করে।,rule-contextual,False,pending,
20031,মরতে ভালো হইছে,,,Little to None,এই বাক্যে কোনো ঘৃণামূলক শব্দ বা আক্রমণাত্মক প্রকাশ নেই এবং এটি সাধারণ মতামত প্রকাশ করে।,rule-based,False,pending,
13917,নিউজটা সম্পূর্ণ ভুয়া জামাত শিবিরের ছেলেদের কে গ্রেফতার করা হচ্ছে আর মিডিয়ায় প্রচার করা হচ্ছে কুকি চিন আর্মি এটা সত্যি দুঃখজনক বাংলাদেশের স্বাধীনতা এবং নিরাপত্তার জন্য এর জন্য সম্পূর্ণ দায়ী আওয়ামী লীগ সরকার গ্রেফতার কৃতদের চেহারা দেখে বোঝা যাচ্ছে এরা খাঁটি বাঙালি এবং বাংলাদেশী,Political Hate,Organization,Mild,"রাজনৈতিক প্রেক্ষাপটে ""সরকার"", ""আওয়ামী"", ""জামাত"" ব্যবহার করে নির্দিষ্ট সংগঠন বা প্রতিষ্ঠানকে প্রতি বিদ্বেষ প্রকাশ এই মন্তব্যকে মাঝারি মাত্রার রাজনৈতিক ঘৃণামূলক বক্তব্য করে তোলে।",rule-contextual,False,pending,
25786,ভুল দেশের স্বার্থ বিরোধী হবে কিছু দিন পরই টের পাবে ক্ষমতা পাকা কারার জন্যেই তড়িঘড়ি এই প্রচেষ্টা,Political Hate,Organization,Mild,এই মন্তব্যে রাজনৈতিক প্রেক্ষাপটে একটি সংগঠন বা প্রতিষ্ঠানের বিরুদ্ধে মাঝারি মাত্রার বিদ্বেষ ও ঘৃণা প্রকাশ করা হয়েছে।,rule-contextual,False,pending,
5721,বিচার পাবেননা পারলে যে খুন করেছে এক হাত এক পা কেটে দেন,,,Little to None,মন্তব্যটি সাধারণ মতামত প্রকাশ করে এবং এতে কোনো ঘৃণা বা সহিংসতামূলক উপাদান নেই।,rule-based,False,pending,
22659,আমার কাছে কেনো জানি মনে হইলো আমি মোটু পাতলু দেখতাছি,Abusive,,Little to None,"এই মন্তব্যের ভাষা ও সুর আক্রমণাত্মক এবং অবমাননাকর, যা সাধারণভাবে মৃদু বা গৌণ মাত্রার গালিগালাজমূলক বক্তব্য হিসেবে চিহ্নিত।",rule-contextual,False,pending,
9824,মানুষ কিভাবে এই কালা কালা গেঙ্গট দের কাছ থেকে প্রতারণার শিকার হয়আহারে সহজ সরল মানুষ,,,Little to None,"এই মন্তব্যে কোনো আপত্তিকর, অশ্লীল বা ঘৃণাজনক বিষয়বস্তু নেই এবং এটি স্বাভাবিক আলোচনার অংশ।",rule-based,False,pending,
18978,মির্জা ফখরুল সাহেব পাগল ও বাচাল হয়ে গেছে,Abusive,Individual,Mild,"এই বক্তব্যে নির্দিষ্ট ব্যক্তিকে প্রতি ""পাগল"" এর মতো আপত্তিকর শব্দচয়ন এটিকে মাঝারি মাত্রার আক্রমণাত্মক মন্তব্য হিসেবে শ্রেণিবদ্ধ করে।",rule-contextual,False,pending,
34978,বালছেরা নাইকা বুবলি,Gender Hate,Individual,Mild,"মন্তব্যটিতে ""বাল"" এর মতো লিঙ্গ বৈষম্যমূলক ও যৌনতাবাদী ভাষা ব্যবহার করা হয়েছে। এটি একটি নির্দিষ্ট ব্যক্তির বিরুদ্ধে মাঝারি মাত্রার বক্তব্য।",rule-contextual,False,pending,
22428,দাড়ি টুপি খুব সুন্দর,,,Little to None,মন্তব্যটি সাধারণ মতামত প্রকাশ করে এবং এতে কোনো ঘৃণা বা সহিংসতামূলক উপাদান নেই।,rule-based,False,pending,
31412,বয়কট ভারতীয় পণ্য বয়কট মেডিইন ইন্ডিয়া সকল কোম্পানি বয়কট ভারতীয় ভোট চোর গুম খুন লুটপাট কারি মাফিয়া ভারতীয় ভিসায় বয়কট পণ্য বয়কট,Political Hate,Community,Mild,"মন্তব্যটিতে ""ভোট"", ""লুটপাট"", ""চোর"" উল্লেখ করে রাজনৈতিক বিদ্বেষ প্রকাশ করা হয়েছে। নির্দিষ্ট সম্প্রদায় বা গোষ্ঠীকে লক্ষ্য করে এই মাঝারি মাত্রার রাজনৈতিক ঘৃণামূলক বক্তব্য।",rule-contextual,False,pending,
6412,দুজনই বিশ্বসেরা বেয়াদব এবং কমেডিয়ান,Abusive,Community,Little to None,এই বক্তব্যে ব্যবহৃত ভাষা ও দৃষ্টিভঙ্গি একটি সম্প্রদায় বা গোষ্ঠীর বিরুদ্ধে মৃদু বা গৌণ মাত্রার গালিগালাজমূলক মন্তব্য প্রকাশ করে।,rule-contextual,False,pending,
6929,এ অপরাধী কে ফাঁসি কার্যকর করা দরকার ছিল,Abusive,Individual,Mild,"মন্তব্যকারী ""ফাঁসি"" ব্যবহার করে নির্দিষ্ট ব্যক্তিকে আক্রমণ করেছেন। ভাষার তীব্রতা মাঝারি মাত্রার বলে প্রতীয়মান।",rule-contextual,False,pending,
26399,অর্থহীন ব্যান্ডটাই অর্থহীন,,,Little to None,"মন্তব্যটিতে কোনো নির্দিষ্ট ব্যক্তি, গোষ্ঠী বা সম্প্রদায়ের বিরুদ্ধে ঘৃণা বা বিদ্বেষ প্রকাশ পায়নি।",rule-based,False,pending,
17932,আর হাসিনা যা চুরি করছে তা ফিরিয়ে আনার পথ কি,Political Hate,Individual,Severe,"রাজনৈতিক প্রেক্ষাপটে ""হাসিনা"" ব্যবহার করে নির্দিষ্ট ব্যক্তিকে প্রতি বিদ্বেষ প্রকাশ এই মন্তব্যকে তীব্র ও গুরুতর মাত্রার রাজনৈতিক ঘৃণামূলক বক্তব্য করে তোলে।",rule-contextual,False,pending,
12695,বিকেলে রং তামাসার সুযোগ পাবে সবাই খুব খুশি,,,Little to None,"মন্তব্যটিতে কোনো গালিগালাজ, বিদ্বেষ বা আপত্তিকর বিষয়বস্তু পাওয়া যায়নি বলে এটি নিরপেক্ষ মন্তব্য।",rule-based,False,pending,
25950,ছাত্রলীগের শুয়োরের বাচ্চারা বুয়েটের হলে আবরার ফাহাদকে যে মেরে ফেলল তাহলে তো সংঘটন হিসেবে ছাত্রলীগকে নিষিদ্ধ করা দরকার,Abusive,Community,Severe,"মন্তব্যটিতে ""লীগ"" এর মতো অশ্লীল ও কুরুচিপূর্ণ ভাষা ব্যবহার করা হয়েছে। এটি একটি সম্প্রদায় বা গোষ্ঠীর বিরুদ্ধে তীব্র ও গুরুতর মাত্রার বক্তব্য।",rule-contextual,False,pending,
15078,মার্কিনী সহায়তায় তৃতীয় বিশ্বযুদ্ধের কারণ হয়ে দাঁড়াতে পারে,,,Little to None,"মন্তব্যটিতে কোনো নির্দিষ্ট ব্যক্তি, গোষ্ঠী বা সম্প্রদায়ের বিরুদ্ধে ঘৃণা বা বিদ্বেষ প্রকাশ পায়নি।",rule-based,False,pending,
19171,তাইওয়ান কি পাগল হয়ে গেছে,Abusive,Society,Little to None,"এই মন্তব্যে ""পাগল"" শব্দ ব্যবহার করে সমাজ বা জাতিকে অবমাননা করা হয়েছে, যা মৃদু বা গৌণ মাত্রার আক্রমণাত্মক ভাষা নির্দেশ করে।",rule-contextual,False,pending,
15995,অবৈধ মন্ত্রী শরম লজ্জা নাই,Political Hate,Individual,Mild,"নির্দিষ্ট ব্যক্তিকে বিরুদ্ধে ""মন্ত্রী"", ""লজ্জা"" এর মতো রাজনৈতিক বিদ্বেষমূলক শব্দ ব্যবহার করা হয়েছে। এটি মাঝারি মাত্রার রাজনৈতিক ঘৃণা প্রকাশ করে।",rule-contextual,False,pending,
22623,দালালি করে সংবাদ করায় সময় টিভিকে করলাম,Abusive,Organization,Mild,"এই বক্তব্যে নির্দিষ্ট সংগঠন বা প্রতিষ্ঠানকে প্রতি ""দালাল"" এর মতো আপত্তিকর শব্দচয়ন এটিকে মাঝারি মাত্রার আক্রমণাত্মক মন্তব্য হিসেবে শ্রেণিবদ্ধ করে।",rule-contextual,False,pending,
5450,তাতে চীনের বাল ছেরা গেলো,Abusive,Society,Severe,"এই মন্তব্যে ""বাল"" জাতীয় অশ্লীল শব্দ ব্যবহার করে সমাজ বা জাতিকে অবমাননা করা হয়েছে, যা তীব্র ও গুরুতর মাত্রার কুরুচিপূর্ণ ভাষা নির্দেশ করে।",rule-contextual,False,pending,
23140,আমাদের ডিজিটাল চাপা সরকার কিছু করতে পারবেনা কিছু ভালো মানুষ আছে যারা এমন ভালো অনেক কাজ করছে যার ফায়দা নাম একসময় চাপা সরকার লুটে নেয়,Political Hate,Organization,Mild,"মন্তব্যকারী ""সরকার"" এর প্রসঙ্গে নির্দিষ্ট সংগঠন বা প্রতিষ্ঠানকে সম্পর্কে মাঝারি মাত্রার রাজনৈতিক বিদ্বেষ ও ঘৃণা প্রকাশ করেছেন।",rule-contextual,False,pending,
1456,মনে হয় লগি বৈঠা নিয়ে বিসিবি গ্রাউ না করলে নির্লজ নান্নু বাহিনীর টনক নরবেনা,Abusive,Community,Severe,মন্তব্যটির সামগ্রিক সুর ও ভাষা একটি সম্প্রদায় বা গোষ্ঠীর বিরুদ্ধে তীব্র ও গুরুতর মাত্রার আক্রমণাত্মক বক্তব্য নির্দেশ করে।,rule-contextual,False,pending,
7304,ওই পথে যখন আমি যাই মাঝে মাঝে একটা রসে টইটুম্বুর মাহিয়ামাহিপরী দেখতে পাই আলতা রাঙ্গা পায়ে আবার নুপুড় পড়েছে রসে টইটুম্বুর মাহিয়ামাহিপরী লালিঠোঁটে লালিলাল লিপিস্টিক দিয়েছে রসে টইটুম্বুর মাহিয়ামাহিপরী এবার ভুটে নেমেছে রসে টইটুম্বুর মাহিয়ামাহিপরী এবার নির্বাচনীখাট কিনেছে রসে টইটুম্বুর মাহিয়ামাহিপরী এবার ট্রাকের উপরে ট্টাকলা মুরাদের সঙ্গে কেরিকেট খেলছে রসে টইটুম্বুর মাহিয়ামাহিপরীর পেছন থেকে উপরে উঠে ট্টাকলা মুরাদ গোত্তাএ ছক্কা মারিছে রসে টইটুম্বুর মাহিয়ামাহিপরী এবার উহহঃ আহহঃ ইসসঃ হুমমঃ করিছে রসে টইটুম্বুর মাহিয়ামাহিপরীর লগে এবার ট্টাকলা মুরাদ মজা পাইছে রসে টইটুম্বুর মাহিয়ামাহিপরীর কুয়ার পানি ট্টাকলা মুরাদে নোংরাদুর্গন্ধ করিছে রসে টইটুম্বুর মাহিয়ামাহিপরীর ট্রাক হারাইছে রসে টইটুম্বুর মাহিয়ামাহিপরীর ট্রাক করিছে,Gender Hate,Individual,Severe,"এই মন্তব্যে ""মা"", ""নোংরা"" সম্পর্কিত লিঙ্গভিত্তিক বৈষম্য প্রকাশ পেয়েছে যেখানে নির্দিষ্ট ব্যক্তিকে আক্রমণের লক্ষ্যবস্তু। তীব্রতা তীব্র ও গুরুতর মাত্রার।",rule-contextual,False,pending,
7763,জিতা ম্যাচ হারে,Abusive,Organization,Mild,মন্তব্যটির সামগ্রিক সুর ও ভাষা একটি সংগঠন বা প্রতিষ্ঠানের বিরুদ্ধে মাঝারি মাত্রার আক্রমণাত্মক বক্তব্য নির্দেশ করে।,rule-contextual,False,pending,
29049,এই পুলিশ সরকারের গোলাম সরকারের টাইম সেট টা বাট্টার,Abusive,Organization,Mild,"মন্তব্যটিতে ""সরকার"" এর মতো আক্রমণাত্মক ও গালিগালাজমূলক ভাষা ব্যবহার করা হয়েছে। এটি একটি সংগঠন বা প্রতিষ্ঠানের বিরুদ্ধে মাঝারি মাত্রার বক্তব্য।",rule-contextual,False,pending,
22865,দেখাচ্ছে চীনের সেনাবাহিনী আর বলছে রাশিয়ার কথা,Abusive,Individual,Little to None,এই বক্তব্যে ব্যবহৃত ভাষা ও দৃষ্টিভঙ্গি একটি নির্দিষ্ট ব্যক্তির বিরুদ্ধে মৃদু বা গৌণ মাত্রার গালিগালাজমূলক মন্তব্য প্রকাশ করে।,rule-contextual,False,pending,
22532,জাই বলেন দেশের ওনেক টাকা চোরি করে বেগম পারা হচচে,Political Hate,,Severe,"মন্তব্যটিতে ""চোর"" উল্লেখ করে রাজনৈতিক বিদ্বেষ প্রকাশ করা হয়েছে। লক্ষ্য করে এই তীব্র ও গুরুতর মাত্রার রাজনৈতিক ঘৃণামূলক বক্তব্য।",rule-contextual,False,pending,
28048,নেইমারের সাথে পারবে না,,,Little to None,এটি একটি নিরপেক্ষ মন্তব্য যেখানে কাউকে লক্ষ্য করে কোনো অবমাননাকর বা বৈষম্যমূলক ভাষা ব্যবহার করা হয়নি।,rule-based,False,pending,
30234,প্রতিদিন খাচ্ছি আলহামদুলিল্লাহ,,,Little to None,এই বাক্যে কোনো ঘৃণামূলক শব্দ বা আক্রমণাত্মক প্রকাশ নেই এবং এটি সাধারণ মতামত প্রকাশ করে।,rule-based,False,pending,
1940,রবীন্দ্রনাথের জন্ম কবেপাল শাসন মোঘল আমলকোন রাজার নাতির জন্ম কবে এসব মুখস্ত করলে কী সাইবার আক্রমন প্রতিরোধ করা যায়,,,Little to None,"মন্তব্যটিতে কোনো গালিগালাজ, বিদ্বেষ বা আপত্তিকর বিষয়বস্তু পাওয়া যায়নি বলে এটি নিরপেক্ষ মন্তব্য।",rule-based,False,pending,
577,আমাদের বাংলাদেশ বৃষ্টি আর বৃষ্টি,,,Little to None,"মন্তব্যটিতে কোনো গালিগালাজ, বিদ্বেষ বা আপত্তিকর বিষয়বস্তু পাওয়া যায়নি বলে এটি নিরপেক্ষ মন্তব্য।",rule-based,False,pending,
578,সরকারের নীলনকশা এখন মানুষ বুঝে গেছে মানুষ এখন আর ললিপপ খায় না মানুষ এখন ভালো কিছু খায়,Political Hate,Society,Little to None,"মন্তব্যকারী ""সরকার"" এর প্রসঙ্গে সমাজ বা জাতিকে সম্পর্কে মৃদু বা গৌণ মাত্রার রাজনৈতিক বিদ্বেষ ও ঘৃণা প্রকাশ করেছেন।",rule-contextual,False,pending,
25391,শুনেছি মীরজাফর একজন এখন দেখি দুইজন এরা দলকে অসম্মান করেছে নিজের বড় পদের জন্য নিজেদের ভুল একদিন বুঝতে পারবে,,,Little to None,"মন্তব্যটিতে কোনো গালিগালাজ, বিদ্বেষ বা আপত্তিকর বিষয়বস্তু পাওয়া যায়নি বলে এটি নিরপেক্ষ মন্তব্য।",rule-based,False,pending,
8737,আল্লাহ তোকে লাজ সরম কিছুই দেয়নি,Abusive,Individual,Mild,মন্তব্যটির সামগ্রিক সুর ও ভাষা একটি নির্দিষ্ট ব্যক্তির বিরুদ্ধে মাঝারি মাত্রার আক্রমণাত্মক বক্তব্য নির্দেশ করে।,rule-contextual,False,pending,
23218,মর খনকির পুত জঙ্গিবাদী সন্ত্রাসী বোমাবাজি ধর্ম ইসলাম,Abusive,,Severe,"মন্তব্যটিতে ""ধর্ম"", ""ইসলাম"" এর মতো অশ্লীল ও কুরুচিপূর্ণ ভাষা ব্যবহার করা হয়েছে। এটি সাধারণভাবে তীব্র ও গুরুতর মাত্রার বক্তব্য।",rule-contextual,False,pending,
31830,ইতিহাস বিকৃত করা সব হলুদ সাংবাদিকদের আজীবন কারাদন্ড চাই,Abusive,Community,Mild,মন্তব্যটির সামগ্রিক সুর ও ভাষা একটি সম্প্রদায় বা গোষ্ঠীর বিরুদ্ধে মাঝারি মাত্রার আক্রমণাত্মক বক্তব্য নির্দেশ করে।,rule-contextual,False,pending,
27765,আমাদের মাননীয় প্রধানমন্ত্রী একজন যোগ্য মন্ত্রী নিয়োগ করেছেনসেই জন্য অবশ্যই আন্তরিক অভিনন্দন,,,Little to None,এই বাক্যে কোনো ঘৃণামূলক শব্দ বা আক্রমণাত্মক প্রকাশ নেই এবং এটি সাধারণ মতামত প্রকাশ করে।,rule-based,False,pending,
8126,পশ্চিমা বিশ্বের মূখপাত্র ড ইউনূস কিছু দিনের মধ্যেই হিন্দুত্ববাদী সম্রাজ্যবাদীদের হতে বন্ধি হবে,Abusive,Individual,Mild,"মন্তব্যটিতে ""হিন্দু"" এর মতো আক্রমণাত্মক ও গালিগালাজমূলক ভাষা ব্যবহার করা হয়েছে। এটি একটি নির্দিষ্ট ব্যক্তির বিরুদ্ধে মাঝারি মাত্রার বক্তব্য।",rule-contextual,False,pending,
3251,তুমি হলা মীর জাফর তোমার কোন অস্তিত্ব থাকবে না ইনশাআল্লাহ,Abusive,Individual,Little to None,এই বক্তব্যে ব্যবহৃত ভাষা ও দৃষ্টিভঙ্গি একটি নির্দিষ্ট ব্যক্তির বিরুদ্ধে মৃদু বা গৌণ মাত্রার গালিগালাজমূলক মন্তব্য প্রকাশ করে।,rule-contextual,False,pending,
32125,উদ্দীপকের হারুনুর রশিদ যে একটা বাটপার এটা সবাই জানে,Abusive,Individual,Mild,"এই বক্তব্যে নির্দিষ্ট ব্যক্তিকে প্রতি ""বাটপার"" এর মতো আপত্তিকর শব্দচয়ন এটিকে মাঝারি মাত্রার আক্রমণাত্মক মন্তব্য হিসেবে শ্রেণিবদ্ধ করে।",rule-contextual,False,pending,
15842,ভন্ড কথা আর কাজে কোনো মিল নাই মিথ্যাবাদী এই করব ঐ করব রাজপথ ছাড়ব না পরে ঘর ছাড়া আর কোনো জায়গা নেই,Abusive,Individual,Mild,"মন্তব্যকারী ""মিথ্যাবাদী"" ব্যবহার করে নির্দিষ্ট ব্যক্তিকে আক্রমণ করেছেন। ভাষার তীব্রতা মাঝারি মাত্রার বলে প্রতীয়মান।",rule-contextual,False,pending,
2996,এই বাবাচুদী মহিলাকে আর মাদারচোদ পুলিশকে শুলে চড়াও,Abusive,Organization,Severe,"মন্তব্যটিতে ""মহিলা"" এর মতো আক্রমণাত্মক ও গালিগালাজমূলক ভাষা ব্যবহার করা হয়েছে। এটি একটি সংগঠন বা প্রতিষ্ঠানের বিরুদ্ধে তীব্র ও গুরুতর মাত্রার বক্তব্য।",rule-contextual,False,pending,
27471,অটো রিকশা চালকের আবার দুই বিয়ে এক বিয়ে করেই তো বউকে ভাল করে চালাইতে পারে না,,,Little to None,এই বাক্যে কোনো ঘৃণামূলক শব্দ বা আক্রমণাত্মক প্রকাশ নেই এবং এটি সাধারণ মতামত প্রকাশ করে।,rule-based,False,pending,
16551,ইতিহাসের ই তো বলতে পারেন না আপনাকে বলতে বলে কে চেঞ্জ টিভি র এসে জে রতনের কাছ থেকে শিখেন,Abusive,Individual,Mild,এই বক্তব্যে ব্যবহৃত ভাষা ও দৃষ্টিভঙ্গি একটি নির্দিষ্ট ব্যক্তির বিরুদ্ধে মাঝারি মাত্রার গালিগালাজমূলক মন্তব্য প্রকাশ করে।,rule-contextual,False,pending,
27412,ভাই একসময় বাংলাদেশের অবস্থান ও এই রকম হবে,Political Hate,Organization,Little to None,এই মন্তব্যে রাজনৈতিক প্রেক্ষাপটে একটি সংগঠন বা প্রতিষ্ঠানের বিরুদ্ধে মৃদু বা গৌণ মাত্রার বিদ্বেষ ও ঘৃণা প্রকাশ করা হয়েছে।,rule-contextual,False,pending,
23691,দালাল সময় টিভির হোগার মধ্যে একদিন তান্ডব দেখানো দরকার,Abusive,Organization,Severe,"নির্দিষ্ট সংগঠন বা প্রতিষ্ঠানকে উদ্দেশ্যে ""দালাল"" এর মতো অবমাননাকর শব্দ ব্যবহার এই মন্তব্যকে তীব্র ও গুরুতর মাত্রার গালিগালাজ হিসেবে চিহ্নিত করে।",rule-contextual,False,pending,
1756,ইসরায়েলের পতন খুব নিকটে মনে হচ্ছে জয় হবেই ইনশাল্লাহ বীরত্বের,Religious Hate,Organization,Mild,"ধর্মীয় প্রেক্ষাপটে ""পতন"" ব্যবহার করে নির্দিষ্ট সংগঠন বা প্রতিষ্ঠানকে প্রতি সাম্প্রদায়িক বিদ্বেষ প্রকাশ এটিকে মাঝারি মাত্রার ধর্মীয় ঘৃণামূলক বক্তব্য হিসেবে চিহ্নিত করে।",rule-contextual,False,pending,
31068,যার লজ্জা নাই তাকে লজ্জা দিয়ে কি লাভসেতো হিংস্রা প্রাণী,Abusive,Individual,Severe,"নির্দিষ্ট ব্যক্তিকে উদ্দেশ্যে ""লজ্জা"" এর মতো অবমাননাকর শব্দ ব্যবহার এই মন্তব্যকে তীব্র ও গুরুতর মাত্রার গালিগালাজ হিসেবে চিহ্নিত করে।",rule-contextual,False,pending,
4765,কমেডিয়ান জেলেনস্কি নেতা হলে এই ভাবেই মার কাবে জনগন,Political Hate,Individual,Mild,মন্তব্যটি রাজনৈতিক ব্যক্তি বা দলের প্রতি একটি নির্দিষ্ট ব্যক্তির বিরুদ্ধে মাঝারি মাত্রার ঘৃণামূলক দৃষ্টিভঙ্গি প্রকাশ করে।,rule-contextual,False,pending,
10172,সিত্রাং মিত্রাং এগুলো সব আমাদের হাতের কামাই আলেমদের উপর যে নিষ্ঠুরতা করা হয়েছে এগুলো তো খুব কমই হচ্ছে তবুও আল্লাহ আপনি আমাদের সবাই কে হেফাজত করুন আমিন,,,Little to None,"এই মন্তব্যে কোনো আপত্তিকর, অশ্লীল বা ঘৃণাজনক বিষয়বস্তু নেই এবং এটি স্বাভাবিক আলোচনার অংশ।",rule-based,False,pending,
8227,আমরা বাংলাদেশের লোক আমরা হোটেলে খাইতে যাই সারা দুনিয়ার লোকেরা রেস্টুরেন্টে খাইতে যায় হোটেলে যায় ঘুমাইতে,Abusive,,Little to None,এই বক্তব্যে ব্যবহৃত ভাষা ও দৃষ্টিভঙ্গি সাধারণভাবে মৃদু বা গৌণ মাত্রার গালিগালাজমূলক মন্তব্য প্রকাশ করে।,rule-contextual,False,pending,
7214,ফ্যাসিষ্ট হাসিনার নতুন নাটক,Political Hate,Individual,Mild,"এই মন্তব্যে ""হাসিনা"" সম্পর্কিত রাজনৈতিক ঘৃণা প্রকাশ পেয়েছে যেখানে নির্দিষ্ট ব্যক্তিকে আক্রমণের লক্ষ্যবস্তু। তীব্রতা মাঝারি মাত্রার।",rule-contextual,False,pending,
27080,যখন আওয়ামী লীগ ক্ষমতায় ছিল তখন আল্লাহ পাঁচ বছর দেশে দেশে বিরাজ করছি মায়ের মরা মুখ টা পর্যন্ত দেখতে পারি নাই রাজাপুর ইউনিয়ন তাজুল চেয়ারম্যান আমার ক্লাসমেট সে এখন তার বউ বাচ্চা নিয়ে আমেরিকা দেশের বাড়িতে থাকলে জ্যান্ত কবর হতে একটা বিজিবি কার্ড নিয়ে দাকাদাকি হয়েছিল আমাদের স্কুলের মাঠে নৌপরিবহন মন্ত্রী তার যুগে ছিল সম্পূর্ণ কাজটা করেছেন নৌপরিবহনমন্ত্রী আকবর হোসেন এডভোকেট সাইফুল আলম আমার গ্রামে বাড়ি দেশ থেকে প্রথম ইন্ডিয়াতে ত্রিপুরা আশ্রয় নেই ওইখানে সোনামুড়া এসপি দিয়ে আমাকে এরেস্ট করা হয় ভারতের ভিতর বিএসএফের সেন্ট্রাল আইভী আমার কথা শুনে কলকাতা কার পারমিশন মাস আমাকে দেয়া হয় তারপর আমি ভারত থেকে ভাইদের সহযোগিতায় দুবাই মাটিতে যাই মামারা দিন পরে দেশে ফিরে আসি আওয়ামী লীগ সরকার ক্ষমতায় আসার পর আমার বড় ভাই হুমায়ূন নাম্বার কে পাঁচবার কলেজ দিয়ে মারতে চেয়েছে ওই কুকুরের বাচ্চারা সে বর্তমান মেম্বার লইয়া ছয়বার মেম্বার হয়েছে একবার কোন স্পিসি করে ফেল করেন হয়েছে সব টা কাজ আমার কথা হয়েছে মানুষ এত গভীরভাবে ভালোবাসে কল্পনাও করা যায় না,Political Hate,Individual,Severe,"নির্দিষ্ট ব্যক্তিকে বিরুদ্ধে ""সরকার"", ""আওয়ামী"", ""লীগ"" এর মতো রাজনৈতিক বিদ্বেষমূলক শব্দ ব্যবহার করা হয়েছে। এটি তীব্র ও গুরুতর মাত্রার রাজনৈতিক ঘৃণা প্রকাশ করে।",rule-contextual,False,pending,
28990,কি সাউয়া জয় করে ফেলছে তাদেরকে নিয়ে নিউজ করতে হবে ফালতু চিন্তাভাবনা,Abusive,Community,Severe,এই মন্তব্যে অশ্লীল ও কুরুচিপূর্ণ ভাষা ব্যবহার করে একটি সম্প্রদায় বা গোষ্ঠীর বিরুদ্ধে তীব্র ও গুরুতর মাত্রার আপত্তিকর বক্তব্য প্রকাশ করা হয়েছে।,rule-contextual,False,pending,
18657,শুদু শাকিব আফিপ মেহেদি এনামুল সাব্বির এ পাঁচ জান ভালো খেল্লেই এশিয়া কাপ বাংলাদেশের,,,Little to None,"মন্তব্যটিতে কোনো গালিগালাজ, বিদ্বেষ বা আপত্তিকর বিষয়বস্তু পাওয়া যায়নি বলে এটি নিরপেক্ষ মন্তব্য।",rule-based,False,pending,
1526,ভারি বাল হালাইছে ১০টাকা কমাইয়া বাড়াইছে ৯০ টাকা আর কমাইছে ১০ টাকা,Abusive,,Little to None,"মন্তব্যটিতে ""হালা"", ""বাল"" এর মতো অশ্লীল ও কুরুচিপূর্ণ ভাষা ব্যবহার করা হয়েছে। এটি সাধারণভাবে মৃদু বা গৌণ মাত্রার বক্তব্য।",rule-contextual,False,pending,
12673,এশিয়া আফ্রিকা না ইউরোপই খাদ্য ঝুকিতে পড়বে কারন চুক্তির পরে ৮০ খাদ্য জাহাজই ইউরোপে রপ্তানি হয়েছে,,,Little to None,এই বাক্যে কোনো ঘৃণামূলক শব্দ বা আক্রমণাত্মক প্রকাশ নেই এবং এটি সাধারণ মতামত প্রকাশ করে।,rule-based,False,pending,
19507,এই উপস্থাপক চাইনা ওমর ইনান কি কামড় দিছে সময় সংবাদ,Abusive,Individual,Mild,মন্তব্যটির সামগ্রিক সুর ও ভাষা একটি নির্দিষ্ট ব্যক্তির বিরুদ্ধে মাঝারি মাত্রার আক্রমণাত্মক বক্তব্য নির্দেশ করে।,rule-contextual,False,pending,
33786,খালেদা জিয়ার জয় হবে ইনশাআল্লাহ এই সরকারের পতন হবে ইনশাল্লাহ,Political Hate,Organization,Little to None,"মন্তব্যটিতে ""সরকার"", ""খালেদা"", ""জিয়া"" উল্লেখ করে রাজনৈতিক বিদ্বেষ প্রকাশ করা হয়েছে। নির্দিষ্ট সংগঠন বা প্রতিষ্ঠানকে লক্ষ্য করে এই মৃদু বা গৌণ মাত্রার রাজনৈতিক ঘৃণামূলক বক্তব্য।",rule-contextual,False,pending,
10469,বর্তমানে বাংলাদেশের মুসলমান কাফেরের চেয়েও নিকৃষ্ট হয়ে গেছে কুরবানীতে নিজে খাওয়ার জন্য গরীব অসহায় মানুষের জন্য নয় এবং আল্লাহকে খুশি করার জন্য কুরবানী দেয় না এরা লোভ দেখানো কুরবানী দেয় আল্লাহ পাক রাব্বুল আলামিন বলেছেন যে বান্দা আল্লাহর রস্তে সাহায্য চায় ওই বান্দার হাতের নিচে যেন আমার হাতটা বাড়িয়ে দেয় তাই কখনো কোন বান্দাকে খালি হাতে ফিরাবে না আর আমাদের বাংলাদেশে এখন কুরবানীদের নিজে খাওয়ার জন্য আল্লাহকে খুশি করার জন্য নয়,Abusive,Community,Mild,"মন্তব্যটিতে ""নিচ"" এর মতো আক্রমণাত্মক ভাষা ব্যবহার করে নির্দিষ্ট সম্প্রদায় বা গোষ্ঠীকে লক্ষ্য করা হয়েছে। এটি মাঝারি মাত্রার গালিগালাজমূলক বক্তব্য।",rule-contextual,False,pending,
18493,খুবই বেদনাদায়ক ঈশ্বর হোক বা আল্লাহ ধর্মান্ধ মৌলবাদী বাদে সবাইকে রক্ষা করুন,Religious Hate,Community,Little to None,"নির্দিষ্ট সম্প্রদায় বা গোষ্ঠীকে বিরুদ্ধে ""বেদ"", ""ধর্ম"", ""আল্লাহ"" এর মতো সাম্প্রদায়িক শব্দ ব্যবহার করা হয়েছে, যা মৃদু বা গৌণ মাত্রার ধর্মীয় বিদ্বেষ নির্দেশ করে।",rule-contextual,False,pending,
8783,রূপগঞ্জ উচ্চারন টাও ঠিকমত করতে পারতেছেনা বলতেছে রূপগুঞ্জ রুপগুজ বালের নেতা আমার,Abusive,Individual,Mild,"এই মন্তব্যে ""বাল"", ""গু"" জাতীয় অশ্লীল শব্দ ব্যবহার করে নির্দিষ্ট ব্যক্তিকে অবমাননা করা হয়েছে, যা মাঝারি মাত্রার কুরুচিপূর্ণ ভাষা নির্দেশ করে।",rule-contextual,False,pending,
25630,আলহামদুলিল্লাহ খুশি হলাম মাথা ন্যাড়া করে দিলে আরো ভালো হতো,Abusive,Individual,Mild,"এই মন্তব্যের ভাষা ও সুর আক্রমণাত্মক এবং অবমাননাকর, যা একটি নির্দিষ্ট ব্যক্তির বিরুদ্ধে মাঝারি মাত্রার গালিগালাজমূলক বক্তব্য হিসেবে চিহ্নিত।",rule-contextual,False,pending,
31361,কুলাঙ্গার বেইমান কসাই মোদি,Abusive,Individual,Severe,"এই মন্তব্যে ""বেইমান"", ""কসাই"" শব্দ ব্যবহার করে নির্দিষ্ট ব্যক্তিকে অবমাননা করা হয়েছে, যা তীব্র ও গুরুতর মাত্রার আক্রমণাত্মক ভাষা নির্দেশ করে।",rule-contextual,False,pending,
10720,ভিডিওতেও দেখা যাচ্ছে ফায়ার সাভিস এর হেডকোয়ার্টার ওই খান থেকেও তারা জরুরি জিনিস নিতে পারে নাই তারা আসলে ছাই নিভিয়ে অভ্যাস,Abusive,Organization,Little to None,এই বক্তব্যে ব্যবহৃত ভাষা ও দৃষ্টিভঙ্গি একটি সংগঠন বা প্রতিষ্ঠানের বিরুদ্ধে মৃদু বা গৌণ মাত্রার গালিগালাজমূলক মন্তব্য প্রকাশ করে।,rule-contextual,False,pending,
18736,আমি একজন প্রবাসী আমি রেমিটেন্স পাঠানো বন্ধ করেছি কারন সরকার আমার টাকা বিদেশে পাচার করে তাই সকল প্রবাসিদের বলব কেউ টাকা পাঠাবেন না সরকার পতন না হয়া পর্যন্ত আর টাকা না পাঠালে আমাদের প্রবাসীদেরি লাভ কারন ডলারের দাম বেড়ে যাবে,Political Hate,Community,Little to None,"নির্দিষ্ট সম্প্রদায় বা গোষ্ঠীকে বিরুদ্ধে ""সরকার"", ""বন্ধ"", ""পতন"" এর মতো রাজনৈতিক বিদ্বেষমূলক শব্দ ব্যবহার করা হয়েছে। এটি মৃদু বা গৌণ মাত্রার রাজনৈতিক ঘৃণা প্রকাশ করে।",rule-contextual,False,pending,
25568,মানুষকে পাগল মনে করছেন দালালি বন্ধ করেন দুইটা পারোমানিক বুমার মত জদি হতো তাহলে মানুষ মরতো ৫লাখ,Abusive,Individual,Severe,"মন্তব্যকারী ""পাগল"", ""দালাল"", ""বন্ধ"" ব্যবহার করে নির্দিষ্ট ব্যক্তিকে আক্রমণ করেছেন। ভাষার তীব্রতা তীব্র ও গুরুতর মাত্রার বলে প্রতীয়মান।",rule-contextual,False,pending,
33307,তোরা বিদায় হ,Abusive,Community,Little to None,মন্তব্যটির সামগ্রিক সুর ও ভাষা একটি সম্প্রদায় বা গোষ্ঠীর বিরুদ্ধে মৃদু বা গৌণ মাত্রার আক্রমণাত্মক বক্তব্য নির্দেশ করে।,rule-contextual,False,pending,
23396,ইমাদ পরিবহন ও টুঙ্গিপাড়া পরিবহনের মালিক সমিতির সকল সদস্যদের প্রশাসনিক ভাবে আইনের আওতায় আনা উচিৎ কারন এই দুটি পরিবহন অতিরিক্ত বেপরোয়া ভাবে গাড়ি চালায়,,,Little to None,"মন্তব্যটিতে কোনো নির্দিষ্ট ব্যক্তি, গোষ্ঠী বা সম্প্রদায়ের বিরুদ্ধে ঘৃণা বা বিদ্বেষ প্রকাশ পায়নি।",rule-based,False,pending,
25224,এত সতর্ক এর মধ্যেদিয়ে আগুন লাগানো আওয়ামী লীগের দারা সম্ভব,Political Hate,Organization,Mild,"মন্তব্যকারী ""লীগ"" এর প্রসঙ্গে নির্দিষ্ট সংগঠন বা প্রতিষ্ঠানকে সম্পর্কে মাঝারি মাত্রার রাজনৈতিক বিদ্বেষ ও ঘৃণা প্রকাশ করেছেন।",rule-contextual,False,pending,
33185,চীন হলো গ্রামের দাদন ব্যবসায়ি,Abusive,Society,Mild,"এই মন্তব্যের ভাষা ও সুর আক্রমণাত্মক এবং অবমাননাকর, যা সামগ্রিকভাবে সমাজ বা জাতির বিরুদ্ধে মাঝারি মাত্রার গালিগালাজমূলক বক্তব্য হিসেবে চিহ্নিত।",rule-contextual,False,pending,
28641,কুকুর মাংস শুকুর মাংস বিক্রি হয় এতো কনো অন্যয় হয় না ঘোড়ার মাংস হালাল এটা বিক্রি হয় দেখে অন্যায় এই হলো আমাদের দেশ,Abusive,Society,Little to None,"মন্তব্যটিতে ""হালা"" এর মতো আক্রমণাত্মক ও গালিগালাজমূলক ভাষা ব্যবহার করা হয়েছে। এটি সামগ্রিকভাবে সমাজ বা জাতির বিরুদ্ধে মৃদু বা গৌণ মাত্রার বক্তব্য।",rule-contextual,False,pending,
24264,সালের সূর্য গ্রহণ কখন,,,Little to None,"এই মন্তব্যে কোনো ঘৃণামূলক, আক্রমণাত্মক বা বৈষম্যমূলক ভাষা নেই, তাই এটি স্বাভাবিক মন্তব্য হিসেবে শ্রেণিবদ্ধ।",rule-based,False,pending,
6807,ইন্ডিয়ার দাদাদের বলতে চাই যতই ছড়ি ঘুরাও পৃথিবীতে মুসলমানদের পায়ের নিচেই থাকবে সারা জিবনবাস্তব উদাহরণ কাতার বিশ্বকাপ,Abusive,Society,Mild,"মন্তব্যটিতে ""নিচ"" এর মতো আক্রমণাত্মক ভাষা ব্যবহার করে সমাজ বা জাতিকে লক্ষ্য করা হয়েছে। এটি মাঝারি মাত্রার গালিগালাজমূলক বক্তব্য।",rule-contextual,False,pending,
21567,মেসিকে যে প্লেয়ার ভালবাসবে বিশ্বের লোক তাকেই ভালবাসবে সেই পেলে আর কে ভালবাসবে কেননা এটাই যে বস মেসি,,,Little to None,"মন্তব্যটিতে কোনো গালিগালাজ, বিদ্বেষ বা আপত্তিকর বিষয়বস্তু পাওয়া যায়নি বলে এটি নিরপেক্ষ মন্তব্য।",rule-based,False,pending,
29701,আল্লাহ গজব পড়কতোদের উপর,Abusive,Community,Mild,এই বক্তব্যে ব্যবহৃত ভাষা ও দৃষ্টিভঙ্গি একটি সম্প্রদায় বা গোষ্ঠীর বিরুদ্ধে মাঝারি মাত্রার গালিগালাজমূলক মন্তব্য প্রকাশ করে।,rule-contextual,False,pending,
17530,আল্লাহ্ দেশ ও দেশবাসীকে সকল ফেতনামসিবত থেকে হেফাজত করুন,,,Little to None,এটি একটি নিরপেক্ষ মন্তব্য যেখানে কাউকে লক্ষ্য করে কোনো অবমাননাকর বা বৈষম্যমূলক ভাষা ব্যবহার করা হয়নি।,rule-based,False,pending,
28062,সোহাগ দুর্নিতী করেছে এটা প্রমাণ হয়েছে কিছু কি আঙ্গুল চুসেছে ওকে কেন জবাদিহিতায় আনা হচ্ছে না সবচেয়ে বড় ক্রিমিনাল ঐটা ওকে ধরেন,Abusive,Individual,Severe,এই বক্তব্যে ব্যবহৃত ভাষা ও দৃষ্টিভঙ্গি একটি নির্দিষ্ট ব্যক্তির বিরুদ্ধে তীব্র ও গুরুতর মাত্রার গালিগালাজমূলক মন্তব্য প্রকাশ করে।,rule-contextual,False,pending,
22444,দালাল না দেখলে রাংগা কে দেখে নিন,Abusive,Individual,Mild,"এই বক্তব্যে নির্দিষ্ট ব্যক্তিকে প্রতি ""দালাল"" এর মতো আপত্তিকর শব্দচয়ন এটিকে মাঝারি মাত্রার আক্রমণাত্মক মন্তব্য হিসেবে শ্রেণিবদ্ধ করে।",rule-contextual,False,pending,
35352,শাস্তির আরো বাকি আছে আল্লাহ কোনো শয়তান কে ছাড়ে না,Abusive,Individual,Mild,এই বক্তব্যে ব্যবহৃত ভাষা ও দৃষ্টিভঙ্গি একটি নির্দিষ্ট ব্যক্তির বিরুদ্ধে মাঝারি মাত্রার গালিগালাজমূলক মন্তব্য প্রকাশ করে।,rule-contextual,False,pending,
16961,গুলি করা হোউক অবৈধ প্রবেশে,,,Little to None,"এই মন্তব্যে কোনো ঘৃণামূলক, আক্রমণাত্মক বা বৈষম্যমূলক ভাষা নেই, তাই এটি স্বাভাবিক মন্তব্য হিসেবে শ্রেণিবদ্ধ।",rule-based,False,pending,
11180,মায়ানমারের লোক না বইলা বলেন বিএনপি তাহলে দেখবেন সাথে সাথে একশন হয়ে গেছে শুরু,Political Hate,Organization,Mild,"এই মন্তব্যে ""বিএনপি"" সম্পর্কিত রাজনৈতিক ঘৃণা প্রকাশ পেয়েছে যেখানে নির্দিষ্ট সংগঠন বা প্রতিষ্ঠানকে আক্রমণের লক্ষ্যবস্তু। তীব্রতা মাঝারি মাত্রার।",rule-contextual,False,pending,
26586,হাসিনা কে জুতা না মারলে দেশে শান্তি আসবেনা,Abusive,Individual,Severe,"এই বক্তব্যে নির্দিষ্ট ব্যক্তিকে প্রতি ""হাসিনা"", ""জুতা"" এর মতো আপত্তিকর শব্দচয়ন এটিকে তীব্র ও গুরুতর মাত্রার আক্রমণাত্মক মন্তব্য হিসেবে শ্রেণিবদ্ধ করে।",rule-contextual,False,pending,
1112,নির্বাচন কমিশন এদের কি দেখে নিবন্ধন দেয় যাদের অফিস নাই কর্মী নাই এরা কিভাবে নিবন্ধন পায় এই হাইস্যকর দেশে সবই সম্ভব,Political Hate,Organization,Little to None,"নির্দিষ্ট সংগঠন বা প্রতিষ্ঠানকে বিরুদ্ধে ""নির্বাচন"", ""বন্ধ"" এর মতো রাজনৈতিক বিদ্বেষমূলক শব্দ ব্যবহার করা হয়েছে। এটি মৃদু বা গৌণ মাত্রার রাজনৈতিক ঘৃণা প্রকাশ করে।",rule-contextual,False,pending,
7817,একটি কিডনীর ওয়েট কত সর্বোচ্চ ২০০ গ্রাম মেডিকেল সাইন্সের দেয়া তথ্য অনুযায়ী প্রায় দেড়শ লিটার ব্লাড এই যন্ত্র ডেইলি ফিলটার করে কত টাকা দিতে হয় এর জন্য আমাদের এক টাকাও না একটি ডায়ালাইসিস মেশিনের ওয়েট কত কমপক্ষে ১০০ কেজি এই একই কাজ এই মেশিনের মাধ্যমে করাতে খরচ কত প্রতি চার ঘন্টায় কয়েক হাজার সাড়ে তিন হাত শরীরের ভেতরই আল্লাহর দেয়া এরকম হাজারো নিয়ামাত আমরা বিনামূল্যে ভোগ করছি নিজেদের অজান্তেই কোনদিন কি এর জন্য শুকরিয়া আদায়ের প্রয়োজনীয়তা অনুভব করেছি তিনি আল্লাহ আমাদের এই শরীরের নির্মাতা যিনি তাঁর অস্তিত্বের প্রমাণে পশু পাখির গায়ে তার নাম অংকিত থাকার প্রয়োজন নেই প্রয়োজন নেই মেঘের ভাঁজে তাঁর নাম ফুটে উঠার তার অস্তিত্বের প্রমাণ আমরা নিজেরাই অতএব তোমরা তোমাদের রবের কোন নিয়ামত অস্বীকার করবে সুরা আর রাহমান সংগৃহিত,,,Little to None,"মন্তব্যটিতে কোনো নির্দিষ্ট ব্যক্তি, গোষ্ঠী বা সম্প্রদায়ের বিরুদ্ধে ঘৃণা বা বিদ্বেষ প্রকাশ পায়নি।",rule-based,False,pending,
9712,জয় দুর্গা মাগীর পোদের জয়,Abusive,Community,Severe,"মন্তব্যটিতে ""মাগী"" এর মতো অশ্লীল ও কুরুচিপূর্ণ ভাষা ব্যবহার করে নির্দিষ্ট সম্প্রদায় বা গোষ্ঠীকে আক্রমণ করা হয়েছে। এটি তীব্র ও গুরুতর মাত্রার অশ্লীল বক্তব্য।",rule-contextual,False,pending,
10939,তোর মতো কুকুর দের জন্য দেশের এই অবস্থা তোর বৌও কে চুদবে জনগন,Abusive,Individual,Severe,এই বক্তব্যে ব্যবহৃত অশ্লীল ভাষা একটি নির্দিষ্ট ব্যক্তির বিরুদ্ধে তীব্র ও গুরুতর মাত্রার কুরুচিপূর্ণ মন্তব্য নির্দেশ করে।,rule-contextual,False,pending,
12612,আজকে তোদের কারনেই আজ দেশের এই অবস্থা,Abusive,Society,Mild,এই বক্তব্যে ব্যবহৃত ভাষা ও দৃষ্টিভঙ্গি সামগ্রিকভাবে সমাজ বা জাতির বিরুদ্ধে মাঝারি মাত্রার গালিগালাজমূলক মন্তব্য প্রকাশ করে।,rule-contextual,False,pending,
3716,এই ইহুদির বাচ্চাদের অভ্যাস এরকম বিপদে পড়লে মুসলিমদের কাছে আসবে আর বিপদ কেটে গেলে বাঁশ দিবে,Religious Hate,,Little to None,"ধর্মীয় প্রেক্ষাপটে ""মুসলিম"", ""ইহুদি"" ব্যবহার করে প্রতি সাম্প্রদায়িক বিদ্বেষ প্রকাশ এটিকে মৃদু বা গৌণ মাত্রার ধর্মীয় ঘৃণামূলক বক্তব্য হিসেবে চিহ্নিত করে।",rule-contextual,False,pending,
4401,এই ধরনের কাজ বিএনপি করলেও এর সম্পূর্ণ দায়ভার নিতে হবে আওয়ামী লীগের তাদের জন্যই আজকে দেশের এই অবস্থা,Political Hate,Organization,Mild,"মন্তব্যটিতে ""আওয়ামী"", ""বিএনপি"", ""লীগ"" উল্লেখ করে রাজনৈতিক বিদ্বেষ প্রকাশ করা হয়েছে। নির্দিষ্ট সংগঠন বা প্রতিষ্ঠানকে লক্ষ্য করে এই মাঝারি মাত্রার রাজনৈতিক ঘৃণামূলক বক্তব্য।",rule-contextual,False,pending,
21639,হিজলা মাদাররা ভিডিও করছে আগায়া যায়নাই কেউই তাদেরকেও আইনের আওতায় আনা উচিৎ,Abusive,Society,Mild,এই বক্তব্যে ব্যবহৃত অশ্লীল ভাষা সামগ্রিকভাবে সমাজ বা জাতির বিরুদ্ধে মাঝারি মাত্রার কুরুচিপূর্ণ মন্তব্য নির্দেশ করে।,rule-contextual,False,pending,
15697,এই হাসিনা মাগী দেশের৷ গোয়া মারা শারা,Abusive,Individual,Severe,"নির্দিষ্ট ব্যক্তিকে উদ্দেশ্যে ""মাগী"", ""মারা"" এর মতো চরম অশ্লীল ভাষা প্রয়োগ এই মন্তব্যকে তীব্র ও গুরুতর মাত্রার অশ্লীল বক্তব্য হিসেবে শ্রেণিবদ্ধ করে।",rule-contextual,False,pending,
21648,পাগল নাচালে ও এর চেয়ে বেশি লোক হয়,Abusive,Individual,Severe,"মন্তব্যকারী ""পাগল"" ব্যবহার করে নির্দিষ্ট ব্যক্তিকে আক্রমণ করেছেন। ভাষার তীব্রতা তীব্র ও গুরুতর মাত্রার বলে প্রতীয়মান।",rule-contextual,False,pending,
10158,ভ্রমর কইয় গিয়াগান টার বারটা বাজাতে আপনিও ছারেননিআর রেহমান নজরুল ইসলামের চেয়ে বড় কেউ নাযে তার গানের সুর চেঞ্চ করতে পারেন,,,Little to None,এটি একটি নিরপেক্ষ মন্তব্য যেখানে কাউকে লক্ষ্য করে কোনো অবমাননাকর বা বৈষম্যমূলক ভাষা ব্যবহার করা হয়নি।,rule-based,False,pending,
18592,আল্লাহর গজব তোদের উপরে,Abusive,Society,Mild,এই বক্তব্যে ব্যবহৃত ভাষা ও দৃষ্টিভঙ্গি সামগ্রিকভাবে সমাজ বা জাতির বিরুদ্ধে মাঝারি মাত্রার গালিগালাজমূলক মন্তব্য প্রকাশ করে।,rule-contextual,False,pending,
25802,ছাইরা দিলে পরে বুঝবে কি করবে চিন,,,Little to None,এই বাক্যে কোনো ঘৃণামূলক শব্দ বা আক্রমণাত্মক প্রকাশ নেই এবং এটি সাধারণ মতামত প্রকাশ করে।,rule-based,False,pending,
17100,নাম ধাম কিছুই না জানাইয়া নিউজ দিয়া দিছে,,,Little to None,"এই মন্তব্যে কোনো আপত্তিকর, অশ্লীল বা ঘৃণাজনক বিষয়বস্তু নেই এবং এটি স্বাভাবিক আলোচনার অংশ।",rule-based,False,pending,
9751,সময় টিভির কি খেয়ে দেয়ে কাজ নাই এখন টিকটক করা শুরু করেছে,Abusive,Organization,Mild,"এই মন্তব্যের ভাষা ও সুর আক্রমণাত্মক এবং অবমাননাকর, যা একটি সংগঠন বা প্রতিষ্ঠানের বিরুদ্ধে মাঝারি মাত্রার গালিগালাজমূলক বক্তব্য হিসেবে চিহ্নিত।",rule-contextual,False,pending,
7175,কোন ক্ষেতের মুলা উঠায়ে নিয়ে আসছে বিশ্লেষণের জন্যে,,,Little to None,মন্তব্যকারী সাধারণ বিষয়ে মতামত দিয়েছেন এবং কোনো ঘৃণামূলক বক্তব্য প্রকাশ করেননি।,rule-based,False,pending,
32873,ম্যাচ তো কালকেতো কিছুক্ষণের মধ্যে মাঠে নামবে কি করে গাঞ্জা কি বেশি খেয়ে ফেলেছেন নাকি,Abusive,Individual,Severe,মন্তব্যটির সামগ্রিক সুর ও ভাষা একটি নির্দিষ্ট ব্যক্তির বিরুদ্ধে তীব্র ও গুরুতর মাত্রার আক্রমণাত্মক বক্তব্য নির্দেশ করে।,rule-contextual,False,pending,
6227,নাসিৱ দলে না দেখে আমি অবাক,,,Little to None,এই বাক্যে কোনো ঘৃণামূলক শব্দ বা আক্রমণাত্মক প্রকাশ নেই এবং এটি সাধারণ মতামত প্রকাশ করে।,rule-based,False,pending,
8468,বাহ সময় টিভি সময় নিয়ে খুব সুন্দর নাটক সাজায়ছে,Abusive,Organization,Little to None,মন্তব্যটির সামগ্রিক সুর ও ভাষা একটি সংগঠন বা প্রতিষ্ঠানের বিরুদ্ধে মৃদু বা গৌণ মাত্রার আক্রমণাত্মক বক্তব্য নির্দেশ করে।,rule-contextual,False,pending,
29574,আগের নিউজে দেখলাম এরদোয়ান জয়ী হতেই বায়না ধরল জো বাইডেন এখন দেখি এরদোয়ান বায়না ধরছে,Political Hate,,Little to None,এই মন্তব্যে রাজনৈতিক প্রেক্ষাপটে সাধারণভাবে মৃদু বা গৌণ মাত্রার বিদ্বেষ ও ঘৃণা প্রকাশ করা হয়েছে।,rule-contextual,False,pending,
6111,আমাদেরকেই দেন আমরা কি ইঞ্জিনিয়ারিং পইরা দেখমু যে বাইরের লোক আস্তেছে,,,Little to None,এই বাক্যে কোনো ঘৃণামূলক শব্দ বা আক্রমণাত্মক প্রকাশ নেই এবং এটি সাধারণ মতামত প্রকাশ করে।,rule-based,False,pending,
10950,খমাতা কিরো নেওয়া হোক জে মানুষ নামে অনেক পসু কে শিক্ষা দেওয়া উচিন দারজাল মহিলা অনেক আছে,Abusive,Individual,Mild,"মন্তব্যটিতে ""মহিলা"" এর মতো আক্রমণাত্মক ও গালিগালাজমূলক ভাষা ব্যবহার করা হয়েছে। এটি একটি নির্দিষ্ট ব্যক্তির বিরুদ্ধে মাঝারি মাত্রার বক্তব্য।",rule-contextual,False,pending,
3643,বিশ্ব পারমাণবিক যুদ্ধের খুবই কাছাকাছি,,,Little to None,"মন্তব্যটিতে কোনো গালিগালাজ, বিদ্বেষ বা আপত্তিকর বিষয়বস্তু পাওয়া যায়নি বলে এটি নিরপেক্ষ মন্তব্য।",rule-based,False,pending,
8447,লজ্জা করে না বাংলাদেশি বংশোদ্ভূত বলতে কোন রকম সাকসেস হইলেই বাংলাদেশি হালার পুত গুলা তোর বাংলার মায়েরে টুট টুট টুট,Abusive,Community,Severe,"নির্দিষ্ট সম্প্রদায় বা গোষ্ঠীকে উদ্দেশ্যে ""হালা"", ""গু"", ""লজ্জা"" এর মতো চরম অশ্লীল ভাষা প্রয়োগ এই মন্তব্যকে তীব্র ও গুরুতর মাত্রার অশ্লীল বক্তব্য হিসেবে শ্রেণিবদ্ধ করে।",rule-contextual,False,pending,
11268,ইনশাআল্লাহ সবাই আমার জন্য দোয়া করবেনআমি ও কঠোর পরিশ্রম করছি আপনাদেরকে ভালো কিছু উপহার দেওয়ার জন্য,,,Little to None,মন্তব্যটি সাধারণ মতামত প্রকাশ করে এবং এতে কোনো ঘৃণা বা সহিংসতামূলক উপাদান নেই।,rule-based,False,pending,
21431,ভারত কখনো বাংলাদেশের বন্ধু হতে পারে না আমি বিশ্বাস করি না,Abusive,Society,Mild,এই বক্তব্যে ব্যবহৃত ভাষা ও দৃষ্টিভঙ্গি সামগ্রিকভাবে সমাজ বা জাতির বিরুদ্ধে মাঝারি মাত্রার গালিগালাজমূলক মন্তব্য প্রকাশ করে।,rule-contextual,False,pending,
28214,আরো এগিয়ে যাবে বাংলাদেশ জয় বাংলা জয় বঙ্গবন্ধু জয় শেখ হাসিনা,,,Little to None,"মন্তব্যটিতে কোনো নির্দিষ্ট ব্যক্তি, গোষ্ঠী বা সম্প্রদায়ের বিরুদ্ধে ঘৃণা বা বিদ্বেষ প্রকাশ পায়নি।",rule-based,False,pending,
25607,রিপোর্টারের মা বাইঞ্চোদ ওর মাকে ঠাপিয়ে এসে রিপোর্ট করছে,Abusive,Individual,Severe,মন্তব্যটিতে একটি নির্দিষ্ট ব্যক্তির বিরুদ্ধে তীব্র ও গুরুতর মাত্রার অশ্লীল শব্দচয়ন ও কুরুচিপূর্ণ ভাষা ব্যবহার করা হয়েছে।,rule-contextual,False,pending,
35440,প্রশাসন রায়হান শরীরের বাল ও ফালাইতে পারবে না,Abusive,Organization,Severe,"মন্তব্যকারী ""বাল"" ব্যবহার করে নির্দিষ্ট সংগঠন বা প্রতিষ্ঠানকে অশ্লীলভাবে আক্রমণ করেছেন। ভাষার মাত্রা তীব্র ও গুরুতর মাত্রার অশ্লীলতা নির্দেশ করে।",rule-contextual,False,pending,
32027,বাংলাদেশে সব দেশের জনগণ ঢুকতে পারে কিন্তু বাংলাদেশের জনগণ অন্য দেশে যেতে গেলে দুনিয়ার সব সমস্যা,,,Little to None,"এই মন্তব্যে কোনো আপত্তিকর, অশ্লীল বা ঘৃণাজনক বিষয়বস্তু নেই এবং এটি স্বাভাবিক আলোচনার অংশ।",rule-based,False,pending,
1996,গিয়ে তো সেই ভিক্ষা করবে তাই তো ক্যান্সেল করছে,Abusive,Individual,Little to None,এই বক্তব্যে ব্যবহৃত ভাষা ও দৃষ্টিভঙ্গি একটি নির্দিষ্ট ব্যক্তির বিরুদ্ধে মৃদু বা গৌণ মাত্রার গালিগালাজমূলক মন্তব্য প্রকাশ করে।,rule-contextual,False,pending,
17240,তোর জাতের মাকে তোর মাকে তু তু তু চু চু চু চু চু,Abusive,Individual,Severe,মন্তব্যটিতে একটি নির্দিষ্ট ব্যক্তির বিরুদ্ধে তীব্র ও গুরুতর মাত্রার অশ্লীল শব্দচয়ন ও কুরুচিপূর্ণ ভাষা ব্যবহার করা হয়েছে।,rule-contextual,False,pending,
17894,সাকিব খান অনেক টাকা আছে তাকে বলি টাকা বাহির দেশে পাচার না করে দেশে কিছু করেন,Abusive,Individual,Severe,এই বক্তব্যে ব্যবহৃত ভাষা ও দৃষ্টিভঙ্গি একটি নির্দিষ্ট ব্যক্তির বিরুদ্ধে তীব্র ও গুরুতর মাত্রার গালিগালাজমূলক মন্তব্য প্রকাশ করে।,rule-contextual,False,pending,
24121,না জানি কতো জন নিরাপদ মানুষকে ফাসিয়ে দিবে আল্লাহ আর কতো এদেরকে ধুলুয় মিশিয়ে দেন,,,Little to None,মন্তব্যটি সাধারণ মতামত প্রকাশ করে এবং এতে কোনো ঘৃণা বা সহিংসতামূলক উপাদান নেই।,rule-based,False,pending,
24248,কি ডেমোক্রাট আর কি রিপাবলিকান সব চোরের দল এরা ইহুদি লবি ছাড়া টিকতে পারেনা,Political Hate,Society,Mild,"সমাজ বা জাতিকে বিরুদ্ধে ""দল"", ""চোর"" এর মতো রাজনৈতিক বিদ্বেষমূলক শব্দ ব্যবহার করা হয়েছে। এটি মাঝারি মাত্রার রাজনৈতিক ঘৃণা প্রকাশ করে।",rule-contextual,False,pending,
25096,মুসলিম জাতির জন্য এখন এরদোয়ান এর মত একজন মানুষ দরকার,Religious Hate,Community,Mild,"ধর্মীয় প্রেক্ষাপটে ""মুসলিম"" ব্যবহার করে নির্দিষ্ট সম্প্রদায় বা গোষ্ঠীকে প্রতি সাম্প্রদায়িক বিদ্বেষ প্রকাশ এটিকে মাঝারি মাত্রার ধর্মীয় ঘৃণামূলক বক্তব্য হিসেবে চিহ্নিত করে।",rule-contextual,False,pending,
14085,নসরুল হামিদ স্যারের মুখে সৎ ও সাহসী উপস্থাপন সরাসরি বলে দিয়েছেন যে কোন স্বজনপ্রীতি চলবে না সর্বোচ্চ গ্যাস উৎপাদনে সততার সাথে নিজেদের মেধার প্রয়োগ করতে হবে নয়তো কোন তদবিরে কাজ চলবে না,,,Little to None,"মন্তব্যটিতে কোনো নির্দিষ্ট ব্যক্তি, গোষ্ঠী বা সম্প্রদায়ের বিরুদ্ধে ঘৃণা বা বিদ্বেষ প্রকাশ পায়নি।",rule-based,False,pending,
28798,ভুয়া টয়লেট উদ্ভোদন করতে আরছে,Abusive,Individual,Mild,"এই মন্তব্যের ভাষা ও সুর আক্রমণাত্মক এবং অবমাননাকর, যা একটি নির্দিষ্ট ব্যক্তির বিরুদ্ধে মাঝারি মাত্রার গালিগালাজমূলক বক্তব্য হিসেবে চিহ্নিত।",rule-contextual,False,pending,
4656,গাধার মতো কে এইসব পরিকল্পনা করে এমআরটি ১ আন্ডারগ্রাউন্ড মেট্রোরেল এয়ারপোর্ট কমলাপুর না করে গাজিপুর এয়ারপোর্টকমলাপুরনারায়ণগঞ্জ পর্যন্ত করা উচিত ছিল আর এমআরটি ৬ উত্তরা শেষ না করে আবদুল্লাহপুরে এমআরটি লাইন১ এর সাথে ইন্টারসেকশন করা উচিত ছিল,Abusive,Organization,Severe,"এই বক্তব্যে নির্দিষ্ট সংগঠন বা প্রতিষ্ঠানকে প্রতি ""গাধা"" এর মতো আপত্তিকর শব্দচয়ন এটিকে তীব্র ও গুরুতর মাত্রার আক্রমণাত্মক মন্তব্য হিসেবে শ্রেণিবদ্ধ করে।",rule-contextual,False,pending,
34078,এরদোয়ান দালাল ধর্ম ব্যাবসায়ী,Abusive,Individual,Mild,"এই বক্তব্যে নির্দিষ্ট ব্যক্তিকে প্রতি ""দালাল"" এর মতো আপত্তিকর শব্দচয়ন এটিকে মাঝারি মাত্রার আক্রমণাত্মক মন্তব্য হিসেবে শ্রেণিবদ্ধ করে।",rule-contextual,False,pending,
31371,মিথ্যা কথা গলা দিয়ে বের হচ্ছে না মাঝেমাঝে করতে হচ্ছে একটু পানি খেয়ে নেন কথা ভালোভাবে বের হবে মিথ্যা তো সাদা বলতে হয় বলতো মানুষ বুঝতে পারবে,Abusive,Individual,Mild,এই বক্তব্যে ব্যবহৃত ভাষা ও দৃষ্টিভঙ্গি একটি নির্দিষ্ট ব্যক্তির বিরুদ্ধে মাঝারি মাত্রার গালিগালাজমূলক মন্তব্য প্রকাশ করে।,rule-contextual,False,pending,
7756,বিএনপি মানে বিনোদন নালিশ পার্টি মিথ্যার দল গুজব রটানো দল ভন্ড,Political Hate,Organization,Mild,"রাজনৈতিক প্রেক্ষাপটে ""বিএনপি"", ""দল"" ব্যবহার করে নির্দিষ্ট সংগঠন বা প্রতিষ্ঠানকে প্রতি বিদ্বেষ প্রকাশ এই মন্তব্যকে মাঝারি মাত্রার রাজনৈতিক ঘৃণামূলক বক্তব্য করে তোলে।",rule-contextual,False,pending,
31778,আমরা কাজে প্রমান চাই কথায় নয়,,,Little to None,এই বাক্যে কোনো ঘৃণামূলক শব্দ বা আক্রমণাত্মক প্রকাশ নেই এবং এটি সাধারণ মতামত প্রকাশ করে।,rule-based,False,pending,
30500,ভন্ড দের কান্না দেখে আরেক ভন্ড রা কাদবে,,,Little to None,"মন্তব্যটিতে কোনো গালিগালাজ, বিদ্বেষ বা আপত্তিকর বিষয়বস্তু পাওয়া যায়নি বলে এটি নিরপেক্ষ মন্তব্য।",rule-based,False,pending,
27140,এরা নাগরিক সমাজ না এরা পাকিস্তানের দালাল রাজাকার এদেরকে ধরে পুলিশ রিমান্ডে নেওয়া হোক বানদীর পোলারা,Abusive,,Little to None,"মন্তব্যকারী ""দালাল"", ""রাজাকার"" ব্যবহার করে অশ্লীলভাবে আক্রমণ করেছেন। ভাষার মাত্রা মৃদু বা গৌণ মাত্রার অশ্লীলতা নির্দেশ করে।",rule-contextual,False,pending,
10420,নেইমার যে দু আসরে ৬ টা এটা কে বলবে,,,Little to None,"এই মন্তব্যে কোনো আপত্তিকর, অশ্লীল বা ঘৃণাজনক বিষয়বস্তু নেই এবং এটি স্বাভাবিক আলোচনার অংশ।",rule-based,False,pending,
12349,ভুতের মুখে মার মার,Abusive,Individual,Severe,মন্তব্যটির সামগ্রিক সুর ও ভাষা একটি নির্দিষ্ট ব্যক্তির বিরুদ্ধে তীব্র ও গুরুতর মাত্রার আক্রমণাত্মক বক্তব্য নির্দেশ করে।,rule-contextual,False,pending,
6639,আর কত স্যার একটু জনগণের দেখেন,,,Little to None,"এই মন্তব্যে কোনো ঘৃণামূলক, আক্রমণাত্মক বা বৈষম্যমূলক ভাষা নেই, তাই এটি স্বাভাবিক মন্তব্য হিসেবে শ্রেণিবদ্ধ।",rule-based,False,pending,
6447,ডিজিটাল বাংলাদেশ গড়ে তোলার জন্য অনেক উদ্যোগ নিয়েছে মাননীয় প্রধানমন্ত্রী শেখ হাসিনা জয় হোক জয় বাংলা জয় বঙ্গবন্ধু,,,Little to None,মন্তব্যটি সাধারণ মতামত প্রকাশ করে এবং এতে কোনো ঘৃণা বা সহিংসতামূলক উপাদান নেই।,rule-based,False,pending,
26912,ইলনমাক্স গাজায় ইন্টারনেট দিতে যায় নাই বটে গেছেন ইসরায়েলের হয়ে গোয়েন্দা গিরি করতে হাস্যকর ইহুদি জাতির ভাবাচারণ,Religious Hate,Individual,Mild,ধর্ম ও সম্প্রদায় সম্পর্কে একটি নির্দিষ্ট ব্যক্তির বিরুদ্ধে মাঝারি মাত্রার বিদ্বেষপূর্ণ মনোভাব এই মন্তব্যে প্রকাশিত।,rule-contextual,False,pending,
17209,বাংলাদেশের মানুষ তদের ভালো করে চিনে গেছে আর চিঁড়া ভিজবে না,,,Little to None,মন্তব্যটি সাধারণ মতামত প্রকাশ করে এবং এতে কোনো ঘৃণা বা সহিংসতামূলক উপাদান নেই।,rule-based,False,pending,
8296,মুক্তিযোদ্ধাদের সন্তান নাতি পুতির জন্য কি ফ্রী নাকি হাফ ভাড়া,,,Little to None,"এই মন্তব্যে কোনো ঘৃণামূলক, আক্রমণাত্মক বা বৈষম্যমূলক ভাষা নেই, তাই এটি স্বাভাবিক মন্তব্য হিসেবে শ্রেণিবদ্ধ।",rule-based,False,pending,
3895,ওই কুত্তার বাচচা কাউশারের ফাসি দে আগেএগলা পরে,Abusive,Individual,Mild,"এই মন্তব্যে ""কুত্তা"" শব্দ ব্যবহার করে নির্দিষ্ট ব্যক্তিকে অবমাননা করা হয়েছে, যা মাঝারি মাত্রার আক্রমণাত্মক ভাষা নির্দেশ করে।",rule-contextual,False,pending,
19570,সালারপো বাংলাদেশে আইসা দেখ প্রতিদিন খাদ্যের দাম বাড়ে,Abusive,Individual,Mild,মন্তব্যটির সামগ্রিক সুর ও ভাষা একটি নির্দিষ্ট ব্যক্তির বিরুদ্ধে মাঝারি মাত্রার আক্রমণাত্মক বক্তব্য নির্দেশ করে।,rule-contextual,False,pending,
7033,পুলিশ ভাইয়া বাংলা দেশে আর বিচার নাই আমলীগ পতন চাই,Political Hate,Organization,Mild,"মন্তব্যটিতে ""লীগ"", ""পুলিশ"", ""বিচার"" উল্লেখ করে রাজনৈতিক বিদ্বেষ প্রকাশ করা হয়েছে। নির্দিষ্ট সংগঠন বা প্রতিষ্ঠানকে লক্ষ্য করে এই মাঝারি মাত্রার রাজনৈতিক ঘৃণামূলক বক্তব্য।",rule-contextual,False,pending,
22604,স্যার আমরা তো আপনার এলাকায় থাকি শীতে কারেন্ট থাকে গরমে তো কারেন্ট থাকে না গরমে না,Abusive,Individual,Little to None,এই বক্তব্যে ব্যবহৃত ভাষা ও দৃষ্টিভঙ্গি একটি নির্দিষ্ট ব্যক্তির বিরুদ্ধে মৃদু বা গৌণ মাত্রার গালিগালাজমূলক মন্তব্য প্রকাশ করে।,rule-contextual,False,pending,
29769,সব পানি কলকাতা মমতা বাইনচোদ ভিতরদি দেওয়ার দরকার এই হারামখোরের দরকার পানি,Abusive,Individual,Severe,মন্তব্যটিতে একটি নির্দিষ্ট ব্যক্তির বিরুদ্ধে তীব্র ও গুরুতর মাত্রার অশ্লীল শব্দচয়ন ও কুরুচিপূর্ণ ভাষা ব্যবহার করা হয়েছে।,rule-contextual,False,pending,
14528,মাশাল্লাহসুলতান এরদোগান দীর্ঘজীবী হোক,,,Little to None,"এই মন্তব্যে কোনো আপত্তিকর, অশ্লীল বা ঘৃণাজনক বিষয়বস্তু নেই এবং এটি স্বাভাবিক আলোচনার অংশ।",rule-based,False,pending,
22714,কেন দালাল টিভি তোমাদের বাপ গান্ধী খ্যাতো গন্ধ কামাল জিতলো না,Abusive,Organization,Mild,"নির্দিষ্ট সংগঠন বা প্রতিষ্ঠানকে উদ্দেশ্যে ""দালাল"" এর মতো অবমাননাকর শব্দ ব্যবহার এই মন্তব্যকে মাঝারি মাত্রার গালিগালাজ হিসেবে চিহ্নিত করে।",rule-contextual,False,pending,
18895,আয়রন ডোম্ব দিতে ক ইসরাইলের ইরানের মিসাইল দিয়ে সব ধংশ করা হবে ইনশাআল্লাহ,,,Little to None,"এই মন্তব্যে কোনো ঘৃণামূলক, আক্রমণাত্মক বা বৈষম্যমূলক ভাষা নেই, তাই এটি স্বাভাবিক মন্তব্য হিসেবে শ্রেণিবদ্ধ।",rule-based,False,pending,
2014,এত সুন্দর বিয়ের গেট মুবিনের বিয়ে নাম লেখে ইজ্জত মারছে,Abusive,Individual,Mild,মন্তব্যটির সামগ্রিক সুর ও ভাষা একটি নির্দিষ্ট ব্যক্তির বিরুদ্ধে মাঝারি মাত্রার আক্রমণাত্মক বক্তব্য নির্দেশ করে।,rule-contextual,False,pending,
17934,এই টেলিভিশন সাংবাদিক গুলো বুদাই না হলে একজন বিশ্বকাপ জিতা প্লেয়াকে অন্য কারো সাথে তুলনা করে,Abusive,Community,Severe,মন্তব্যটির সামগ্রিক সুর ও ভাষা একটি সম্প্রদায় বা গোষ্ঠীর বিরুদ্ধে তীব্র ও গুরুতর মাত্রার আক্রমণাত্মক বক্তব্য নির্দেশ করে।,rule-contextual,False,pending,
16217,তোমাদের সরকার কে বইলো এতো দিন যত চুরি করছে বিদেশে অর্থ পাচার করেছে এই সব নতী তদন্ত শেষ শুধু বিচার এর অপেক্ষায় আছে দেশের জনগন,Political Hate,Organization,Mild,"মন্তব্যকারী ""সরকার"", ""বিচার"" এর প্রসঙ্গে নির্দিষ্ট সংগঠন বা প্রতিষ্ঠানকে সম্পর্কে মাঝারি মাত্রার রাজনৈতিক বিদ্বেষ ও ঘৃণা প্রকাশ করেছেন।",rule-contextual,False,pending,
31519,নিজ দেশের খোজ নেই অন্যদের নিয়ে ব্যস্ত,Abusive,Individual,Little to None,এই বক্তব্যে ব্যবহৃত ভাষা ও দৃষ্টিভঙ্গি একটি নির্দিষ্ট ব্যক্তির বিরুদ্ধে মৃদু বা গৌণ মাত্রার গালিগালাজমূলক মন্তব্য প্রকাশ করে।,rule-contextual,False,pending,
26743,চুরি কম করা যাবে কারণ লোক কম যাবে মনে বড় কষ্ট,Abusive,Individual,Little to None,মন্তব্যটির সামগ্রিক সুর ও ভাষা একটি নির্দিষ্ট ব্যক্তির বিরুদ্ধে মৃদু বা গৌণ মাত্রার আক্রমণাত্মক বক্তব্য নির্দেশ করে।,rule-contextual,False,pending,
25374,এটা কোন দেশের খবর,,,Little to None,মন্তব্যটি সাধারণ মতামত প্রকাশ করে এবং এতে কোনো ঘৃণা বা সহিংসতামূলক উপাদান নেই।,rule-based,False,pending,
24227,কাতার যে সুন্দর বিশ্বকাপ আয়োজন করেছে এবং ইসলাম কে বিশ্বের দরবার যেভাবে উপস্থাপন করছে আলহামদুলিল্লাহ্ সৌদি আরব পাক ভূমি হয়েও ইসলামের সুন্দর নষ্ট করতেছে দিন দিন,Abusive,Society,Mild,"এই বক্তব্যে সমাজ বা জাতিকে প্রতি ""নষ্ট"" এর মতো আপত্তিকর শব্দচয়ন এটিকে মাঝারি মাত্রার আক্রমণাত্মক মন্তব্য হিসেবে শ্রেণিবদ্ধ করে।",rule-contextual,False,pending,
30058,ফ্রি নাকি পরে সব সুদে আসলে উঠিয়ে নিবে,Abusive,Individual,Little to None,এই বক্তব্যে ব্যবহৃত ভাষা ও দৃষ্টিভঙ্গি একটি নির্দিষ্ট ব্যক্তির বিরুদ্ধে মৃদু বা গৌণ মাত্রার গালিগালাজমূলক মন্তব্য প্রকাশ করে।,rule-contextual,False,pending,
30640,তো তোরা তো খুব ভালো মানুষ তাইনা এজন্যই দেশে দুর্ভিক্ষ আসছে তোরা দুর্ভিক্ষ বুঝবি না পকেট তো গরম করেই রেখেছিস,Abusive,Community,Little to None,"এই মন্তব্যের ভাষা ও সুর আক্রমণাত্মক এবং অবমাননাকর, যা একটি সম্প্রদায় বা গোষ্ঠীর বিরুদ্ধে মৃদু বা গৌণ মাত্রার গালিগালাজমূলক বক্তব্য হিসেবে চিহ্নিত।",rule-contextual,False,pending,
33480,দুইজন ছাড়া এক হালায়ও ফিট না আন্তর্জাতিক টুর্নামেন্টের জন্য খারাপ লাগলেও কথা সত্যি,Abusive,Individual,Severe,"এই বক্তব্যে নির্দিষ্ট ব্যক্তিকে প্রতি ""খারাপ"" এর মতো আপত্তিকর শব্দচয়ন এটিকে তীব্র ও গুরুতর মাত্রার আক্রমণাত্মক মন্তব্য হিসেবে শ্রেণিবদ্ধ করে।",rule-contextual,False,pending,
622,ভালোবাসার আরেক নাম নোমান ভাই,,,Little to None,মন্তব্যকারী সাধারণ বিষয়ে মতামত দিয়েছেন এবং কোনো ঘৃণামূলক বক্তব্য প্রকাশ করেননি।,rule-based,False,pending,
35467,রোহিঙ্গা নামক শুয়োরের বাচ্চা গুলোকে জুতা দিয়ে পিটাতে পিটাতে মিয়ানমার পাঠানো হোক ওরা বাংলাদেশের জন্য হুমকি স্বরূপ ওরা মানুষরূপী জানোয়ার,Abusive,Community,Severe,"নির্দিষ্ট সম্প্রদায় বা গোষ্ঠীকে উদ্দেশ্যে ""শুয়োর"", ""গু"", ""জানোয়ার"" এর মতো চরম অশ্লীল ভাষা প্রয়োগ এই মন্তব্যকে তীব্র ও গুরুতর মাত্রার অশ্লীল বক্তব্য হিসেবে শ্রেণিবদ্ধ করে।",rule-contextual,False,pending,
1142,বিনা ভোটে সরকার বিনা দাওয়াতে মেহমান,Political Hate,Society,Little to None,"মন্তব্যকারী ""সরকার"", ""ভোট"" এর প্রসঙ্গে সমাজ বা জাতিকে সম্পর্কে মৃদু বা গৌণ মাত্রার রাজনৈতিক বিদ্বেষ ও ঘৃণা প্রকাশ করেছেন।",rule-contextual,False,pending,
9454,সিংগাপুরের চাইতে বেশি উন্নয়ন হইছে তাই এই অবস্হা,Abusive,Organization,Mild,"এই মন্তব্যের ভাষা ও সুর আক্রমণাত্মক এবং অবমাননাকর, যা একটি সংগঠন বা প্রতিষ্ঠানের বিরুদ্ধে মাঝারি মাত্রার গালিগালাজমূলক বক্তব্য হিসেবে চিহ্নিত।",rule-contextual,False,pending,
21726,এদের কোন দোষ নেই দোষ হলো বাংলাদেশের পাসপোর্ট অফিসের কর্মকর্তার এদের কষানি দিলে সব বেরিয়ে আসবে,Abusive,Community,Mild,মন্তব্যটির সামগ্রিক সুর ও ভাষা একটি সম্প্রদায় বা গোষ্ঠীর বিরুদ্ধে মাঝারি মাত্রার আক্রমণাত্মক বক্তব্য নির্দেশ করে।,rule-contextual,False,pending,
35157,সালাদের নুনু কেটে দেওয়ার জোর দাবি জানাচ্ছি,Abusive,Community,Severe,এই বক্তব্যে ব্যবহৃত অশ্লীল ভাষা একটি সম্প্রদায় বা গোষ্ঠীর বিরুদ্ধে তীব্র ও গুরুতর মাত্রার কুরুচিপূর্ণ মন্তব্য নির্দেশ করে।,rule-contextual,False,pending,
24897,এখন আওয়ামীলীগ এর চামুচ নিক্সন চৌধুরী কোথায়,Political Hate,Organization,Mild,"রাজনৈতিক প্রেক্ষাপটে ""লীগ"" ব্যবহার করে নির্দিষ্ট সংগঠন বা প্রতিষ্ঠানকে প্রতি বিদ্বেষ প্রকাশ এই মন্তব্যকে মাঝারি মাত্রার রাজনৈতিক ঘৃণামূলক বক্তব্য করে তোলে।",rule-contextual,False,pending,
14481,তার ফাশি চাই,Abusive,Individual,Severe,মন্তব্যটির সামগ্রিক সুর ও ভাষা একটি নির্দিষ্ট ব্যক্তির বিরুদ্ধে তীব্র ও গুরুতর মাত্রার আক্রমণাত্মক বক্তব্য নির্দেশ করে।,rule-contextual,False,pending,
12663,সাধারন মানুষের সাথে আর কত রংতামাশা করবেন আপনারা আপনারা রাতে বলবেন দাম কমার কথা সকালে উঠে শুনি দাম বারতি,,,Little to None,"মন্তব্যটিতে কোনো নির্দিষ্ট ব্যক্তি, গোষ্ঠী বা সম্প্রদায়ের বিরুদ্ধে ঘৃণা বা বিদ্বেষ প্রকাশ পায়নি।",rule-based,False,pending,
5872,বাজে উচ্চারণ আর ভুলে ভরা রিপোর্ট সময় টিভির লজ্জা হওয়া উচিত,Abusive,Organization,Severe,"মন্তব্যটিতে ""লজ্জা"" এর মতো আক্রমণাত্মক ভাষা ব্যবহার করে নির্দিষ্ট সংগঠন বা প্রতিষ্ঠানকে লক্ষ্য করা হয়েছে। এটি তীব্র ও গুরুতর মাত্রার গালিগালাজমূলক বক্তব্য।",rule-contextual,False,pending,
318,আপনার চেয়ারা আয়নাতে দেখছেন জান একটু আয়নাতে দেখে আসেন,Abusive,Individual,Little to None,এই বক্তব্যে ব্যবহৃত ভাষা ও দৃষ্টিভঙ্গি একটি নির্দিষ্ট ব্যক্তির বিরুদ্ধে মৃদু বা গৌণ মাত্রার গালিগালাজমূলক মন্তব্য প্রকাশ করে।,rule-contextual,False,pending,
14229,চোদু জনতার বাংলাদেশ এটা স্বাভাবিক বিষয়,Abusive,Organization,Severe,এই বক্তব্যে ব্যবহৃত অশ্লীল ভাষা একটি সংগঠন বা প্রতিষ্ঠানের বিরুদ্ধে তীব্র ও গুরুতর মাত্রার কুরুচিপূর্ণ মন্তব্য নির্দেশ করে।,rule-contextual,False,pending,
31646,হে আল্লাহ দখলদার ইসরায়েলকে তুমি ধ্বংস করে দাও তাদের হাত থেকে নির্যাতিত ফিলিস্তিনিদের রক্ষা করো,Abusive,Society,Severe,"এই মন্তব্যে ""ধ্বংস"" শব্দ ব্যবহার করে সমাজ বা জাতিকে অবমাননা করা হয়েছে, যা তীব্র ও গুরুতর মাত্রার আক্রমণাত্মক ভাষা নির্দেশ করে।",rule-contextual,False,pending,
12666,চামড়া বেচা সরকার,Political Hate,Individual,Little to None,"মন্তব্যকারী ""সরকার"" এর প্রসঙ্গে নির্দিষ্ট ব্যক্তিকে সম্পর্কে মৃদু বা গৌণ মাত্রার রাজনৈতিক বিদ্বেষ ও ঘৃণা প্রকাশ করেছেন।",rule-contextual,False,pending,
27027,এরা মারা গেলেও জাহান্নামী কারন তারা যুদ্ধ লাগিয়ে থাকে আর মানুষ হত্যা করে,Abusive,Community,Mild,"এই বক্তব্যে নির্দিষ্ট সম্প্রদায় বা গোষ্ঠীকে প্রতি ""মারা"" এর মতো আপত্তিকর শব্দচয়ন এটিকে মাঝারি মাত্রার আক্রমণাত্মক মন্তব্য হিসেবে শ্রেণিবদ্ধ করে।",rule-contextual,False,pending,
4227,বাহ্ কি সুন্দর কাজ খাল কেটে কুমির আনা বাঙ্গালী যখন কোনো কাজ পায় না তখন এটাই করে,Abusive,Community,Severe,"এই মন্তব্যের ভাষা ও সুর আক্রমণাত্মক এবং অবমাননাকর, যা একটি সম্প্রদায় বা গোষ্ঠীর বিরুদ্ধে তীব্র ও গুরুতর মাত্রার গালিগালাজমূলক বক্তব্য হিসেবে চিহ্নিত।",rule-contextual,False,pending,
19332,সব মিথ্যে ফাঁসানোর জন্য,Abusive,,Mild,এই বক্তব্যে ব্যবহৃত ভাষা ও দৃষ্টিভঙ্গি সাধারণভাবে মাঝারি মাত্রার গালিগালাজমূলক মন্তব্য প্রকাশ করে।,rule-contextual,False,pending,
20609,নির্বাচন কেমনে মানুষ না গেল বলে সুস্থ হয়েছে আওয়ামী লীগ,Political Hate,Organization,Little to None,"রাজনৈতিক প্রেক্ষাপটে ""আওয়ামী"", ""লীগ"", ""নির্বাচন"" ব্যবহার করে নির্দিষ্ট সংগঠন বা প্রতিষ্ঠানকে প্রতি বিদ্বেষ প্রকাশ এই মন্তব্যকে মৃদু বা গৌণ মাত্রার রাজনৈতিক ঘৃণামূলক বক্তব্য করে তোলে।",rule-contextual,False,pending,
5716,ছেলে নিয়ে জন্য ব্যবতা করেন,,,Little to None,মন্তব্যকারী সাধারণ বিষয়ে মতামত দিয়েছেন এবং কোনো ঘৃণামূলক বক্তব্য প্রকাশ করেননি।,rule-based,False,pending,
26000,আল্লহ জালিমদেরকে ধ্বংস করুক,Religious Hate,,Severe,"এই মন্তব্যে ""ধ্বংস"" সংক্রান্ত ধর্মীয় ঘৃণা প্রকাশ পেয়েছে যেখানে প্রকাশিত। তীব্রতা তীব্র ও গুরুতর মাত্রার।",rule-contextual,False,pending,
13880,একদম ভুতের মতো লাগে এই মেয়েকে পেত্নি একটু পানি দিয়ে মুখ ধোয়াতে হবে,Abusive,Individual,Severe,এই বক্তব্যে ব্যবহৃত ভাষা ও দৃষ্টিভঙ্গি একটি নির্দিষ্ট ব্যক্তির বিরুদ্ধে তীব্র ও গুরুতর মাত্রার গালিগালাজমূলক মন্তব্য প্রকাশ করে।,rule-contextual,False,pending,
17502,এটা কি অশনির অশনি সংকেত,,,Little to None,"মন্তব্যটিতে কোনো গালিগালাজ, বিদ্বেষ বা আপত্তিকর বিষয়বস্তু পাওয়া যায়নি বলে এটি নিরপেক্ষ মন্তব্য।",rule-based,False,pending,
13939,আমার অফিস এর বস আমেরিকার থাকতেন এক সময় তিনি বলছেন সাধারণ আমেরিকানরা বা খৃষ্টানরা ইয়াহুদিদের পছন্দ করে না তারা ইয়াহুদিদের ঘৃণা করেন,Religious Hate,Community,Mild,মন্তব্যটি ধর্মীয় বিষয়ে একটি সম্প্রদায় বা গোষ্ঠীর বিরুদ্ধে মাঝারি মাত্রার ঘৃণামূলক দৃষ্টিভঙ্গি প্রকাশ করে।,rule-contextual,False,pending,
25656,প্রধানমন্ত্রী যদি সব বকলে দেন কে কোন আসন থেকে মনোনয়ন কিনবেন তাহলে এটা কিসের ইলেকশন এটা ইলেকশন নয় এটাকে সিলেকশন বলে,Abusive,Organization,Severe,মন্তব্যটির সামগ্রিক সুর ও ভাষা একটি সংগঠন বা প্রতিষ্ঠানের বিরুদ্ধে তীব্র ও গুরুতর মাত্রার আক্রমণাত্মক বক্তব্য নির্দেশ করে।,rule-contextual,False,pending,
3828,ব্যাকগ্রাউন্ডে এত বাজে ভাবে কে নিঃশ্বাস নিচ্ছে মনে হচ্ছে এই বুঝি মরে যাবে কি বাজে মনমানসিকতার মিউজিক চয়েজ,Abusive,Individual,Little to None,"মন্তব্যটিতে ""নিচ"" এর মতো আক্রমণাত্মক ভাষা ব্যবহার করে নির্দিষ্ট ব্যক্তিকে লক্ষ্য করা হয়েছে। এটি মৃদু বা গৌণ মাত্রার গালিগালাজমূলক বক্তব্য।",rule-contextual,False,pending,
22599,লাস্টে ভালো লাগলো সাংবাদিকের নাম অন্যায় কর্মকার,,,Little to None,"এই মন্তব্যে কোনো আপত্তিকর, অশ্লীল বা ঘৃণাজনক বিষয়বস্তু নেই এবং এটি স্বাভাবিক আলোচনার অংশ।",rule-based,False,pending,
34139,তুইও আত্মহত্যা করে মরবি,Abusive,Individual,Severe,এই বক্তব্যে ব্যবহৃত ভাষা ও দৃষ্টিভঙ্গি একটি নির্দিষ্ট ব্যক্তির বিরুদ্ধে তীব্র ও গুরুতর মাত্রার গালিগালাজমূলক মন্তব্য প্রকাশ করে।,rule-contextual,False,pending,
7181,কারণ মুক্তি যুদ্ধের সময় রাশিয়া আমাদের কাছে ছিল সেইটা সবার মনে রাখা দরকার,Political Hate,Society,Little to None,এই মন্তব্যে রাজনৈতিক প্রেক্ষাপটে সামগ্রিকভাবে সমাজ বা জাতির বিরুদ্ধে মৃদু বা গৌণ মাত্রার বিদ্বেষ ও ঘৃণা প্রকাশ করা হয়েছে।,rule-contextual,False,pending,
29815,আমার গ্যারান্টি ড্রাইভার মদ গাঁজা খেয়েছিল না হলে মোবাইলে গল্প করছিল এটাই সত্য,Abusive,Individual,Mild,মন্তব্যটির সামগ্রিক সুর ও ভাষা একটি নির্দিষ্ট ব্যক্তির বিরুদ্ধে মাঝারি মাত্রার আক্রমণাত্মক বক্তব্য নির্দেশ করে।,rule-contextual,False,pending,
9886,প্রতিটি জেলার কারিগরি প্রশিক্ষণ ব্যবস্থা করা উচিৎ,,,Little to None,এই বাক্যে কোনো ঘৃণামূলক শব্দ বা আক্রমণাত্মক প্রকাশ নেই এবং এটি সাধারণ মতামত প্রকাশ করে।,rule-based,False,pending,
33456,যাক দেরিতে হলেও প্রমাণ হলো পুরো বিশ্ববিদ্যালয় ছাত্রলীগের আস্তানা,Political Hate,Community,Mild,"রাজনৈতিক প্রেক্ষাপটে ""লীগ"" ব্যবহার করে নির্দিষ্ট সম্প্রদায় বা গোষ্ঠীকে প্রতি বিদ্বেষ প্রকাশ এই মন্তব্যকে মাঝারি মাত্রার রাজনৈতিক ঘৃণামূলক বক্তব্য করে তোলে।",rule-contextual,False,pending,
35131,অসুস্থ হলে বাসায় থাকবে সমাবেশে যায় কেনো,,,Little to None,এই বাক্যে কোনো ঘৃণামূলক শব্দ বা আক্রমণাত্মক প্রকাশ নেই এবং এটি সাধারণ মতামত প্রকাশ করে।,rule-based,False,pending,
17243,ইয়া আল্লাহ কি শুরু হলো এই দেশে যৌবন তো আসবে এবং থাকবে ৫ বছরের বাচ্চাই বলি আর ৬০ বছরের বুড়ী মানুষ বলি কারো হেফাজত নেই এটা কেমন দেশ,Abusive,Society,Severe,মন্তব্যটির সামগ্রিক সুর ও ভাষা সামগ্রিকভাবে সমাজ বা জাতির বিরুদ্ধে তীব্র ও গুরুতর মাত্রার আক্রমণাত্মক বক্তব্য নির্দেশ করে।,rule-contextual,False,pending,
8145,রাশিয়ার উচিত বিশ্বকাপের টিশ্বকাপ উড়িয়ে দেওয়ার,,,Little to None,"মন্তব্যটিতে কোনো গালিগালাজ, বিদ্বেষ বা আপত্তিকর বিষয়বস্তু পাওয়া যায়নি বলে এটি নিরপেক্ষ মন্তব্য।",rule-based,False,pending,
13663,অভিনন্দন অভিনন্দন অভিনন্দন অভিনন্দন অভিনন্দন ধন্যবাদ জানাই মাননীয়া প্ৰধানমন্ত্ৰীকে আলহামদুলিল্লাহ,,,Little to None,"মন্তব্যটিতে কোনো নির্দিষ্ট ব্যক্তি, গোষ্ঠী বা সম্প্রদায়ের বিরুদ্ধে ঘৃণা বা বিদ্বেষ প্রকাশ পায়নি।",rule-based,False,pending,
6825,আমি হাসি এই পাগলের কিভাবে বোকা বানিয়ে বিপদে ফেলা তারা মজা লুঠে,Abusive,Individual,Little to None,"এই মন্তব্যে ""বোকা"", ""পাগল"" শব্দ ব্যবহার করে নির্দিষ্ট ব্যক্তিকে অবমাননা করা হয়েছে, যা মৃদু বা গৌণ মাত্রার আক্রমণাত্মক ভাষা নির্দেশ করে।",rule-contextual,False,pending,
12155,আশুগঞ্জে কারেন্ট নাই সব বাহাদুরি শেষ,Abusive,,Little to None,"এই মন্তব্যের ভাষা ও সুর আক্রমণাত্মক এবং অবমাননাকর, যা সাধারণভাবে মৃদু বা গৌণ মাত্রার গালিগালাজমূলক বক্তব্য হিসেবে চিহ্নিত।",rule-contextual,False,pending,
15908,আপনার কি মিডিয়া না কি পাগল ভোট গণনা না দেখিয়ে আজাইরা পেচাল পারেন ছাগলেরা,Abusive,Organization,Mild,"মন্তব্যটিতে ""পাগল"" এর মতো আক্রমণাত্মক ভাষা ব্যবহার করে নির্দিষ্ট সংগঠন বা প্রতিষ্ঠানকে লক্ষ্য করা হয়েছে। এটি মাঝারি মাত্রার গালিগালাজমূলক বক্তব্য।",rule-contextual,False,pending,
5405,এদের কষ্ট দেখে চোখে জল ধরে রাখতে পারলাম না,,,Little to None,এটি একটি নিরপেক্ষ মন্তব্য যেখানে কাউকে লক্ষ্য করে কোনো অবমাননাকর বা বৈষম্যমূলক ভাষা ব্যবহার করা হয়নি।,rule-based,False,pending,
8937,কুর্দি হচ্ছে এই যুগের সব থেকে বড় মুনাফেক,Religious Hate,Individual,Severe,মন্তব্যটি ধর্মীয় বিষয়ে একটি নির্দিষ্ট ব্যক্তির বিরুদ্ধে তীব্র ও গুরুতর মাত্রার ঘৃণামূলক দৃষ্টিভঙ্গি প্রকাশ করে।,rule-contextual,False,pending,
5193,কি বালডা ছিঁড়েছে যখন পড়াশুনার বয়স ছিলো,Abusive,Individual,Severe,"এই মন্তব্যে ""বাল"" জাতীয় অশ্লীল শব্দ ব্যবহার করে নির্দিষ্ট ব্যক্তিকে অবমাননা করা হয়েছে, যা তীব্র ও গুরুতর মাত্রার কুরুচিপূর্ণ ভাষা নির্দেশ করে।",rule-contextual,False,pending,
19739,এই খানখি জারজ হাছিনা,Abusive,Individual,Severe,এই বক্তব্যে ব্যবহৃত অশ্লীল ভাষা একটি নির্দিষ্ট ব্যক্তির বিরুদ্ধে তীব্র ও গুরুতর মাত্রার কুরুচিপূর্ণ মন্তব্য নির্দেশ করে।,rule-contextual,False,pending,
29553,পড়ালেখা করে কি হবে সবাই তো আপনার মত নায়িকা হতে পারবে না,,,Little to None,এই বাক্যে কোনো ঘৃণামূলক শব্দ বা আক্রমণাত্মক প্রকাশ নেই এবং এটি সাধারণ মতামত প্রকাশ করে।,rule-based,False,pending,
3009,এত চজাপাবাজ কেন আমাদের কুরিগ্রামের ভুরুমারি থানায় দেখে জান ২০০৬৭ যে রাস্তা হয়ে ছিল সেগুলা বেংেগ এখন ছুরমার হয়ে গেছে কইএক দিন আগে এক প্রেগ্নেত মহিলা কে হস্পিতালে নেওওয়ার সময় অটো র মাজে মারা জায়,Abusive,,Severe,"এই মন্তব্যে ""মারা"" শব্দ ব্যবহার করে অবমাননা করা হয়েছে, যা তীব্র ও গুরুতর মাত্রার আক্রমণাত্মক ভাষা নির্দেশ করে।",rule-contextual,False,pending,
6577,সময় টিভির অন্তরে অনেক জ্বালা,Abusive,Organization,Little to None,"মন্তব্যটিতে ""বাল"" এর মতো আক্রমণাত্মক ও গালিগালাজমূলক ভাষা ব্যবহার করা হয়েছে। এটি একটি সংগঠন বা প্রতিষ্ঠানের বিরুদ্ধে মৃদু বা গৌণ মাত্রার বক্তব্য।",rule-contextual,False,pending,
32548,আচ্চা এই সমস্ত দোষিদেরকে অনেক সময় পুলিশ ধরে কিনতু ওগোরে কি শাসতি দেয় সেটাতো আর পড়ে জানায় না,Political Hate,Society,Little to None,রাজনৈতিক বিষয়ে সামগ্রিকভাবে সমাজ বা জাতির বিরুদ্ধে মৃদু বা গৌণ মাত্রার বিদ্বেষপূর্ণ মনোভাব এই মন্তব্যে স্পষ্ট।,rule-contextual,False,pending,
34193,ওর আবার লজ্জা আছে,Abusive,Individual,Little to None,"এই বক্তব্যে নির্দিষ্ট ব্যক্তিকে প্রতি ""লজ্জা"" এর মতো আপত্তিকর শব্দচয়ন এটিকে মৃদু বা গৌণ মাত্রার আক্রমণাত্মক মন্তব্য হিসেবে শ্রেণিবদ্ধ করে।",rule-contextual,False,pending,
23261,গোয়ালা শাঁখারী পট্টির আড়াই হাত গলিতে নুকিয়ে ছেলো মুসলমানী দিয়ে দেও,,,Little to None,মন্তব্যকারী সাধারণ বিষয়ে মতামত দিয়েছেন এবং কোনো ঘৃণামূলক বক্তব্য প্রকাশ করেননি।,rule-based,False,pending,
2722,দুর হালার পো হালা,Abusive,Individual,Severe,"এই মন্তব্যে ""হালা"" জাতীয় অশ্লীল শব্দ ব্যবহার করে নির্দিষ্ট ব্যক্তিকে অবমাননা করা হয়েছে, যা তীব্র ও গুরুতর মাত্রার কুরুচিপূর্ণ ভাষা নির্দেশ করে।",rule-contextual,False,pending,
17745,ফাঁকা মাঠে গোল দাও জতো বার পার কখনো জাবে না আওয়ামী লীগের এক্কো নির্বাচনে,Political Hate,Organization,Little to None,"মন্তব্যকারী ""লীগ"", ""নির্বাচন"" এর প্রসঙ্গে নির্দিষ্ট সংগঠন বা প্রতিষ্ঠানকে সম্পর্কে মৃদু বা গৌণ মাত্রার রাজনৈতিক বিদ্বেষ ও ঘৃণা প্রকাশ করেছেন।",rule-contextual,False,pending,
16529,দেশের প্রতিটি জেলায় একটি করে নারী ক্রিকেট স্টেডিয়াম বানানোর মেগা প্রজেক্ট নেওয়া হোক,,,Little to None,"এই মন্তব্যে কোনো আপত্তিকর, অশ্লীল বা ঘৃণাজনক বিষয়বস্তু নেই এবং এটি স্বাভাবিক আলোচনার অংশ।",rule-based,False,pending,
22240,মেয়েরাই খারাপ বেশি যার ফলে এমন হচ্ছে,,,Little to None,এই বাক্যে কোনো ঘৃণামূলক শব্দ বা আক্রমণাত্মক প্রকাশ নেই এবং এটি সাধারণ মতামত প্রকাশ করে।,rule-based,False,pending,
20015,ডিবি হারুন তোমার রক্ষা হবে না তুমি নিজেই পুলিশ হত্যার মূল হোতা,Abusive,Individual,Severe,এই বক্তব্যে ব্যবহৃত ভাষা ও দৃষ্টিভঙ্গি একটি নির্দিষ্ট ব্যক্তির বিরুদ্ধে তীব্র ও গুরুতর মাত্রার গালিগালাজমূলক মন্তব্য প্রকাশ করে।,rule-contextual,False,pending,
9884,বুরো জিন বাইডেন পাগল হয়ে গেছে,Abusive,Individual,Mild,"নির্দিষ্ট ব্যক্তিকে উদ্দেশ্যে ""পাগল"" এর মতো অবমাননাকর শব্দ ব্যবহার এই মন্তব্যকে মাঝারি মাত্রার গালিগালাজ হিসেবে চিহ্নিত করে।",rule-contextual,False,pending,
27701,কি আজব দেশে মানুষ জে ফিল্মে বেহায়া বেশরম মত নাচ করে খারাপ ফিল্ম করে তাকে দিচে নমিশন বাহ হাচিনা বাহ ছি ছি,Abusive,Organization,Mild,"মন্তব্যকারী ""খারাপ"" ব্যবহার করে নির্দিষ্ট সংগঠন বা প্রতিষ্ঠানকে আক্রমণ করেছেন। ভাষার তীব্রতা মাঝারি মাত্রার বলে প্রতীয়মান।",rule-contextual,False,pending,
4386,গাজায় ইসরায়েলের বর্বর গণহত্যায় সহযোগিতাকারী যুক্তরাষ্টের মুখে মানবতা আর গণতন্ত্রের কথা ভুতের মুখে রামনামের মত বা তার চেয়েও নিকৃষ্ট ভণ্ডামী শয়তানী কলাকৌশল নিষ্ঠুরতা আর ভীতি প্রদর্শন যাদের বিদেশনীতির অঙ্গ তারা আবার অন্য দেশকে সবক দেয় মানবতা ও গণতন্ত্র রক্ষার জন্য এ এক নিষ্ঠুর ও নিকৃষ্টতম প্রতারণা,Political Hate,Society,Severe,"সমাজ বা জাতিকে বিরুদ্ধে ""গণতন্ত্র"", ""ভণ্ড"" এর মতো রাজনৈতিক বিদ্বেষমূলক শব্দ ব্যবহার করা হয়েছে। এটি তীব্র ও গুরুতর মাত্রার রাজনৈতিক ঘৃণা প্রকাশ করে।",rule-contextual,False,pending,
15746,বডুয়া এটা কি ধরনের বেপাস মন্তব্য হলো একটু বলবেন বরং আপনার মন্তব্যটাই বেপাস হলো ফাউল রিপোর্টার,Abusive,Individual,Mild,মন্তব্যটির সামগ্রিক সুর ও ভাষা একটি নির্দিষ্ট ব্যক্তির বিরুদ্ধে মাঝারি মাত্রার আক্রমণাত্মক বক্তব্য নির্দেশ করে।,rule-contextual,False,pending,
25042,পতিতাদের স্বামী বা বডিগার্ড বেশী থাকে,Abusive,Community,Little to None,মন্তব্যটির সামগ্রিক সুর ও ভাষা একটি সম্প্রদায় বা গোষ্ঠীর বিরুদ্ধে মৃদু বা গৌণ মাত্রার আক্রমণাত্মক বক্তব্য নির্দেশ করে।,rule-contextual,False,pending,
17126,পুতিন বা কেজিবি আর যাই করুক বিশ্বাসঘাতককে কখনও ক্ষমা করবে নাএটা একেবারে নিশ্চিত,Political Hate,Individual,Little to None,"রাজনৈতিক প্রেক্ষাপটে ""বিশ্বাসঘাতক"" ব্যবহার করে নির্দিষ্ট ব্যক্তিকে প্রতি বিদ্বেষ প্রকাশ এই মন্তব্যকে মৃদু বা গৌণ মাত্রার রাজনৈতিক ঘৃণামূলক বক্তব্য করে তোলে।",rule-contextual,False,pending,
13779,ফজল সাহেব সত্য কথা তুলে ধরেন,,,Little to None,এই বাক্যে কোনো ঘৃণামূলক শব্দ বা আক্রমণাত্মক প্রকাশ নেই এবং এটি সাধারণ মতামত প্রকাশ করে।,rule-based,False,pending,
31111,আরে মাগি হাসিনা তোর আশেপাশের চোর বাটপারগুলা জনগনের টাকা মাইরা দালান বানাইতাছে,Abusive,Individual,Severe,"মন্তব্যটিতে ""গু"", ""চোর"", ""বাটপার"" এর মতো অশ্লীল ও কুরুচিপূর্ণ ভাষা ব্যবহার করে নির্দিষ্ট ব্যক্তিকে আক্রমণ করা হয়েছে। এটি তীব্র ও গুরুতর মাত্রার অশ্লীল বক্তব্য।",rule-contextual,False,pending,
15298,আলহামদুলিল্লাহ অসুস্থ ছিলাম তার পরও প্রোগ্রামে ছিলাৃ্ম,,,Little to None,মন্তব্যটি সাধারণ মতামত প্রকাশ করে এবং এতে কোনো ঘৃণা বা সহিংসতামূলক উপাদান নেই।,rule-based,False,pending,
10291,কেঁন্দে না কেঁদে হবে,,,Little to None,মন্তব্যটি সাধারণ মতামত প্রকাশ করে এবং এতে কোনো ঘৃণা বা সহিংসতামূলক উপাদান নেই।,rule-based,False,pending,
20925,যারা হুন্ডিতে টাকা পাঠায় তাদের মানি লন্ডারিংয়ের মামলার আওতায় আনতে হবে কারণ দেশ থেকে টাকা হুন্ডির মাধ্যমেই পাচার হয় আর প্রবাসীরাই পাচারকারীদের সাহায্য করে,Abusive,Community,Mild,মন্তব্যটির সামগ্রিক সুর ও ভাষা একটি সম্প্রদায় বা গোষ্ঠীর বিরুদ্ধে মাঝারি মাত্রার আক্রমণাত্মক বক্তব্য নির্দেশ করে।,rule-contextual,False,pending,
23902,সমাবেশের সময় গাড়ি বন্ধ থাকে আর হরতালের সময় গাড়ি চলে বাহ হাস্যকর ব্যাপার,,,Little to None,"মন্তব্যটিতে কোনো নির্দিষ্ট ব্যক্তি, গোষ্ঠী বা সম্প্রদায়ের বিরুদ্ধে ঘৃণা বা বিদ্বেষ প্রকাশ পায়নি।",rule-based,False,pending,
4028,বিএনপি জামাত যে করেছে এটা কি সত্য প্রমাণ আপনারা দিতে পারবেন শামীম ওসমান,,,Little to None,মন্তব্যকারী সাধারণ বিষয়ে মতামত দিয়েছেন এবং কোনো ঘৃণামূলক বক্তব্য প্রকাশ করেননি।,rule-based,False,pending,
11809,আলহামদুলিল্লাহ ছুম্মা আলহামদুলিল্লাহ আমেরিকা তেল চোরদের শিক্ষা দেওয়া উচিত আমেরিকা তেল চুরির আরো ধান্দা করিতেছে,Abusive,Society,Little to None,"মন্তব্যটিতে ""চোর"" এর মতো আক্রমণাত্মক ভাষা ব্যবহার করে সমাজ বা জাতিকে লক্ষ্য করা হয়েছে। এটি মৃদু বা গৌণ মাত্রার গালিগালাজমূলক বক্তব্য।",rule-contextual,False,pending,
1638,জাতীয় পার্টির কিছু নেতার স্বার্থ অপকৌশল অদক্ষতায় ও ব্যক্তিত্বহীনতায় দল মহাবিপদে,Political Hate,Organization,Mild,মন্তব্যটি রাজনৈতিক ব্যক্তি বা দলের প্রতি একটি সংগঠন বা প্রতিষ্ঠানের বিরুদ্ধে মাঝারি মাত্রার ঘৃণামূলক দৃষ্টিভঙ্গি প্রকাশ করে।,rule-contextual,False,pending,
21348,বাঙালির হাতে তৈরী এই জাহাজ,,,Little to None,মন্তব্যকারী সাধারণ বিষয়ে মতামত দিয়েছেন এবং কোনো ঘৃণামূলক বক্তব্য প্রকাশ করেননি।,rule-based,False,pending,
18674,দালাল টিভি চ্যানেল দালাল সাংবাদিক,Abusive,Organization,Mild,"মন্তব্যকারী ""দালাল"" ব্যবহার করে নির্দিষ্ট সংগঠন বা প্রতিষ্ঠানকে আক্রমণ করেছেন। ভাষার তীব্রতা মাঝারি মাত্রার বলে প্রতীয়মান।",rule-contextual,False,pending,
7035,ভেড়িভাধ কি সাংবাদিক ভাই,,,Little to None,এই বাক্যে কোনো ঘৃণামূলক শব্দ বা আক্রমণাত্মক প্রকাশ নেই এবং এটি সাধারণ মতামত প্রকাশ করে।,rule-based,False,pending,
5961,আমার মতে সাকিবকে অধিনায়ক থেকে বাদ দিতে হবে তাহলে কোন কিছু কঠিন হবে না,Abusive,Individual,Mild,এই বক্তব্যে ব্যবহৃত ভাষা ও দৃষ্টিভঙ্গি একটি নির্দিষ্ট ব্যক্তির বিরুদ্ধে মাঝারি মাত্রার গালিগালাজমূলক মন্তব্য প্রকাশ করে।,rule-contextual,False,pending,
31584,যে দেশের দিকে বাঙালিরা নজর দেয় ওই দেশে ধ্বংস হয়ে যায় ইরান উত্তর কোরিয়ার পাকিস্তান তুর্কী এখন পালা রাশিয়ার,Abusive,Society,Mild,"মন্তব্যকারী ""ধ্বংস"" ব্যবহার করে সমাজ বা জাতিকে আক্রমণ করেছেন। ভাষার তীব্রতা মাঝারি মাত্রার বলে প্রতীয়মান।",rule-contextual,False,pending,
4711,পশ্চিমারা যেকোনো মুহূর্তে বেইমানি করতে পারে বাংলাদেশের সাথে মধ্যপ্রাচ্য করবেনা কারন তারা আমাদের জাতী ভাই,,,Little to None,মন্তব্যকারী সাধারণ বিষয়ে মতামত দিয়েছেন এবং কোনো ঘৃণামূলক বক্তব্য প্রকাশ করেননি।,rule-based,False,pending,
9474,পারফরম্যান্স আর ভালো করতে হবে সবাইকে,,,Little to None,এটি একটি নিরপেক্ষ মন্তব্য যেখানে কাউকে লক্ষ্য করে কোনো অবমাননাকর বা বৈষম্যমূলক ভাষা ব্যবহার করা হয়নি।,rule-based,False,pending,
10809,বিশ্বাস করিনা এইদেশে দূর্নীতি বাজদের শাস্তি হবে,Abusive,Society,Mild,"এই মন্তব্যের ভাষা ও সুর আক্রমণাত্মক এবং অবমাননাকর, যা সামগ্রিকভাবে সমাজ বা জাতির বিরুদ্ধে মাঝারি মাত্রার গালিগালাজমূলক বক্তব্য হিসেবে চিহ্নিত।",rule-contextual,False,pending,
34324,যদি চিনির দাম বাড়ে এজন্য সরকারের পদক্ষেপ নিতে হবে,Political Hate,Organization,Mild,"রাজনৈতিক প্রেক্ষাপটে ""সরকার"" ব্যবহার করে নির্দিষ্ট সংগঠন বা প্রতিষ্ঠানকে প্রতি বিদ্বেষ প্রকাশ এই মন্তব্যকে মাঝারি মাত্রার রাজনৈতিক ঘৃণামূলক বক্তব্য করে তোলে।",rule-contextual,False,pending,
7684,তুই আবার বি এন পির নেতা ছিলে কবে,Abusive,Individual,Little to None,এই বক্তব্যে ব্যবহৃত ভাষা ও দৃষ্টিভঙ্গি একটি নির্দিষ্ট ব্যক্তির বিরুদ্ধে মৃদু বা গৌণ মাত্রার গালিগালাজমূলক মন্তব্য প্রকাশ করে।,rule-contextual,False,pending,
19222,বাংলাদেশের পেলাক কৈই ঐখানে,,,Little to None,এই বাক্যে কোনো ঘৃণামূলক শব্দ বা আক্রমণাত্মক প্রকাশ নেই এবং এটি সাধারণ মতামত প্রকাশ করে।,rule-based,False,pending,
14452,ওনি রিডিং পড়তেছে,,,Little to None,"এই মন্তব্যে কোনো আপত্তিকর, অশ্লীল বা ঘৃণাজনক বিষয়বস্তু নেই এবং এটি স্বাভাবিক আলোচনার অংশ।",rule-based,False,pending,
5722,বাংলাদেশের পুরুষরা মহিলা কারণ পুরুষরা মহিলার কথায় চলে বরং পূজা করে হায় আমার সোনার বাংলাদেশ,,,Little to None,মন্তব্যকারী সাধারণ বিষয়ে মতামত দিয়েছেন এবং কোনো ঘৃণামূলক বক্তব্য প্রকাশ করেননি।,rule-based,False,pending,
22330,কোয়ার্টার ফাইনাল জিতলে তো সেমিফাইনাল কোয়ার্টার ফাইনালে হেরেই বাদ হবে,Abusive,Organization,Mild,মন্তব্যটির সামগ্রিক সুর ও ভাষা একটি সংগঠন বা প্রতিষ্ঠানের বিরুদ্ধে মাঝারি মাত্রার আক্রমণাত্মক বক্তব্য নির্দেশ করে।,rule-contextual,False,pending,
9407,একজন ডক্টর হয়েও মনে এত রঙ আসে কোথ থেকে,Abusive,Individual,Little to None,এই বক্তব্যে ব্যবহৃত ভাষা ও দৃষ্টিভঙ্গি একটি নির্দিষ্ট ব্যক্তির বিরুদ্ধে মৃদু বা গৌণ মাত্রার গালিগালাজমূলক মন্তব্য প্রকাশ করে।,rule-contextual,False,pending,
24967,নির্বাচন নিয়ে বেহায়া পন্থা অবলম্বন করছে হিজরা মিডিয়া,Abusive,Organization,Severe,"মন্তব্যটিতে ""নির্বাচন"", ""নিয়ে"" এর মতো আক্রমণাত্মক ভাষা ব্যবহার করে নির্দিষ্ট সংগঠন বা প্রতিষ্ঠানকে লক্ষ্য করা হয়েছে। এটি তীব্র ও গুরুতর মাত্রার গালিগালাজমূলক বক্তব্য।",rule-contextual,False,pending,
30918,খাম্বা চোর ও হাওয়া ভবনের মালিক খুনি তারেক কথা জনগণ ভুলে যায়নি বিএনপি সন্ত্রাসী দের বাংলাদেশ জনগণ ঘৃণা করে,Political Hate,Individual,Severe,"নির্দিষ্ট ব্যক্তিকে বিরুদ্ধে ""বিএনপি"", ""চোর"" এর মতো রাজনৈতিক বিদ্বেষমূলক শব্দ ব্যবহার করা হয়েছে। এটি তীব্র ও গুরুতর মাত্রার রাজনৈতিক ঘৃণা প্রকাশ করে।",rule-contextual,False,pending,
18132,হায়রে সোনা বিহীন বাংলার চদু জনতা তোদের কে দেখে আমার লজ্জা হয় তোরা খালেদা আর হাসিনা ছাড়া আর কারও মাঝে কি সোনা দেখতে পাওনা হায়রে আমাদের জাতির দুর্ভাগ্য যে ২০ কোটি জনতার নেতৃত্ব দিতে একজন ধোন ওয়ালা পুরুষ নাই,Political Hate,,Mild,"বিরুদ্ধে ""হাসিনা"", ""খালেদা"", ""লজ্জা"" এর মতো রাজনৈতিক বিদ্বেষমূলক শব্দ ব্যবহার করা হয়েছে। এটি মাঝারি মাত্রার রাজনৈতিক ঘৃণা প্রকাশ করে।",rule-contextual,False,pending,
14502,বাংলাদেশ থেকে আরও বেশি করে উদ্ধারকর্মীদের পাঠানো দরকার ছিলো,,,Little to None,"এই মন্তব্যে কোনো আপত্তিকর, অশ্লীল বা ঘৃণাজনক বিষয়বস্তু নেই এবং এটি স্বাভাবিক আলোচনার অংশ।",rule-based,False,pending,
25764,এরা কি পাগল টাগল নাকি তেল কি ফিলিস্তিন আর ইসরায়িল থেকে আসে নাকি আল্লাহয় জানে আরও কত কি দেখতে হবে ইয়ামাবুদ একটা সঠিক দেশ পরিচালনা কারীকে বাংলাদেশে পাঠান আমিন,Political Hate,Community,Mild,"নির্দিষ্ট সম্প্রদায় বা গোষ্ঠীকে বিরুদ্ধে ""পাগল"" এর মতো রাজনৈতিক বিদ্বেষমূলক শব্দ ব্যবহার করা হয়েছে। এটি মাঝারি মাত্রার রাজনৈতিক ঘৃণা প্রকাশ করে।",rule-contextual,False,pending,
5874,রাশিয়াউকেরেনআমিরিকা সব গুলো শয়তান উপর ওলা শয়তান দিয়ে শয়তান মারছে,Abusive,Society,Severe,"এই মন্তব্যের ভাষা ও সুর আক্রমণাত্মক এবং অবমাননাকর, যা সামগ্রিকভাবে সমাজ বা জাতির বিরুদ্ধে তীব্র ও গুরুতর মাত্রার গালিগালাজমূলক বক্তব্য হিসেবে চিহ্নিত।",rule-contextual,False,pending,
29898,বাল আমেরিকা জাপানে বোমা মেরেছিল বর্বরতা ছিল না আমেরিকান বর্বর জাতি আমেরিকা দনশো হয়ে যাক,Abusive,Society,Severe,"এই মন্তব্যে ""বাল"" জাতীয় অশ্লীল শব্দ ব্যবহার করে সমাজ বা জাতিকে অবমাননা করা হয়েছে, যা তীব্র ও গুরুতর মাত্রার কুরুচিপূর্ণ ভাষা নির্দেশ করে।",rule-contextual,False,pending,
19353,আওয়ামী লীগ সরকার জুতাপিটা করা দরকার,Political Hate,Organization,Mild,"এই মন্তব্যে ""সরকার"", ""লীগ"" সম্পর্কিত রাজনৈতিক ঘৃণা প্রকাশ পেয়েছে যেখানে নির্দিষ্ট সংগঠন বা প্রতিষ্ঠানকে আক্রমণের লক্ষ্যবস্তু। তীব্রতা মাঝারি মাত্রার।",rule-contextual,False,pending,
21421,পুমার মত আরো যে সকল কোম্পানি ইসরাইয়েলি কুলাঙ্গার দের সাথে চুক্তি আছে তাদের ও চুক্তি বাতিল করা দরকার,Abusive,Organization,Mild,এই বক্তব্যে ব্যবহৃত ভাষা ও দৃষ্টিভঙ্গি একটি সংগঠন বা প্রতিষ্ঠানের বিরুদ্ধে মাঝারি মাত্রার গালিগালাজমূলক মন্তব্য প্রকাশ করে।,rule-contextual,False,pending,
10191,কোন লাভ হবে না যতদিন পর্যন্ত অন্য কোন দেশের গ্রাউন্ড হ্যান্ডেলিং কোম্পানিকে কাজ না দেওয়া হবে বিশ্বমানের সেবা দেওয়ার জন্য অবশ্যই জাপানি কোম্পানি অথবা ডানাটা কোম্পানিকে দেওয়া উচিত,,,Little to None,এটি একটি নিরপেক্ষ মন্তব্য যেখানে কাউকে লক্ষ্য করে কোনো অবমাননাকর বা বৈষম্যমূলক ভাষা ব্যবহার করা হয়নি।,rule-based,False,pending,
13127,আবার সেই কাটুক কমল দে মন চাই জুতা মারি,Abusive,Individual,Little to None,"এই মন্তব্যের ভাষা ও সুর আক্রমণাত্মক এবং অবমাননাকর, যা একটি নির্দিষ্ট ব্যক্তির বিরুদ্ধে মৃদু বা গৌণ মাত্রার গালিগালাজমূলক বক্তব্য হিসেবে চিহ্নিত।",rule-contextual,False,pending,
19990,মেয়েদের ক্ষেত্রে খালি প্রবলেম,Gender Hate,Community,Mild,"নির্দিষ্ট সম্প্রদায় বা গোষ্ঠীকে প্রতি ""মেয়ে"" ব্যবহার করে লিঙ্গ বৈষম্যমূলক মনোভাব প্রকাশ করা হয়েছে, যা মাঝারি মাত্রার যৌনতাবাদী ঘৃণামূলক বক্তব্য।",rule-contextual,False,pending,
556,অযোগ্য মহিলাদের হাতে ক্ষমতা দিয়ে দেশকে রষাতলে ফেলার আগ্রহ দেশবাসীর নাই খোদ আমেরিকায় ও এখনও কোন নারী প্রেসিডেন্ট হয়নি মমতাজ এতদিন ভিন্নদলের স্বতন্ত্র প্রার্থীর সাথে জিতেছে নিজদলের সাথে পরলে বাঁশ খেতো প্রথম দিকে,Gender Hate,Individual,Severe,"মন্তব্যকারী ""নারী"", ""মহিলা"", ""অযোগ্য"" এর প্রসঙ্গে নির্দিষ্ট ব্যক্তিকে সম্পর্কে তীব্র ও গুরুতর মাত্রার লিঙ্গ বৈষম্যমূলক ঘৃণা প্রকাশ করেছেন।",rule-contextual,False,pending,
8766,সাংবাদিক বাইকে বলছি সরকারের গোলামী করা ছেড়ে দেন দেশে মানুষ খুবই কষ্ট আছে দেশ উন্নয়নের নামে দেউলিয়া করে দিছে,Abusive,Individual,Mild,"মন্তব্যটিতে ""সরকার"" এর মতো আক্রমণাত্মক ও গালিগালাজমূলক ভাষা ব্যবহার করা হয়েছে। এটি একটি নির্দিষ্ট ব্যক্তির বিরুদ্ধে মাঝারি মাত্রার বক্তব্য।",rule-contextual,False,pending,
5343,আমরাতো এমবিএ দিয়ে ভিডিও দেখি তাহলে কেন এড দেন,,,Little to None,এই বাক্যে কোনো ঘৃণামূলক শব্দ বা আক্রমণাত্মক প্রকাশ নেই এবং এটি সাধারণ মতামত প্রকাশ করে।,rule-based,False,pending,
19165,গ্যাস নাই কারেন্ট নাই কিছুদিন পরে দেশটাই থাকবে না সাধারণ মানুষের কষ্ট যদি বুজতো তাহলে এমন হতো না যতোসব ফাইজলামি শুরু করছে,,,Little to None,এটি একটি নিরপেক্ষ মন্তব্য যেখানে কাউকে লক্ষ্য করে কোনো অবমাননাকর বা বৈষম্যমূলক ভাষা ব্যবহার করা হয়নি।,rule-based,False,pending,
7946,আগে নিউজের ফাকে এড দেখতাম আর এখন নগদের জ্বালায় এডের ফাকে নিউজ দেখিহিসাব মিলেনা দয়াল,Abusive,Organization,Little to None,"মন্তব্যটিতে ""বাল"" এর মতো আক্রমণাত্মক ও গালিগালাজমূলক ভাষা ব্যবহার করা হয়েছে। এটি একটি সংগঠন বা প্রতিষ্ঠানের বিরুদ্ধে মৃদু বা গৌণ মাত্রার বক্তব্য।",rule-contextual,False,pending,
27156,ছিজাতীয় বেঈমান পাটি,Political Hate,Organization,Mild,মন্তব্যটি রাজনৈতিক ব্যক্তি বা দলের প্রতি একটি সংগঠন বা প্রতিষ্ঠানের বিরুদ্ধে মাঝারি মাত্রার ঘৃণামূলক দৃষ্টিভঙ্গি প্রকাশ করে।,rule-contextual,False,pending,
32569,১৪ ১৮ সালের ভোট চোরেরা জেলের বাহিরে কেনো চোর থাকবে জেলের ভিতরে রাইট পুলিশ অপরাধ অপকর্ম অনিয়ম এর সাথে জড়িত,Political Hate,Organization,Mild,"মন্তব্যকারী ""ভোট"", ""পুলিশ"", ""চোর"" এর প্রসঙ্গে নির্দিষ্ট সংগঠন বা প্রতিষ্ঠানকে সম্পর্কে মাঝারি মাত্রার রাজনৈতিক বিদ্বেষ ও ঘৃণা প্রকাশ করেছেন।",rule-contextual,False,pending,
11261,ছি ছোটলোক গুলারে শিল্পী কিংবা সেলিব্রিটি বলে কে শিপ্লী সেলিব্রিটিরা এসব নোংরামি করে না বাংলাদেশে গুনি শিল্পী সেলিব্রিটি একসময় ছিলেন এখন আর নাই এদের নোংরামির কারণে দিন দিন কিছুটা অভিমান নিয়েই নিজেকে গুটিয়ে নিয়েছেন এরা নেশাখোর চামড়া শিপ্লের সাথে জড়িত,Abusive,Community,Severe,"এই বক্তব্যে নির্দিষ্ট সম্প্রদায় বা গোষ্ঠীকে প্রতি ""নোংরা"" এর মতো আপত্তিকর শব্দচয়ন এটিকে তীব্র ও গুরুতর মাত্রার আক্রমণাত্মক মন্তব্য হিসেবে শ্রেণিবদ্ধ করে।",rule-contextual,False,pending,
32728,ভাই এত কথা না বলে সাকিব কে ফাঁসি দিয়ে দেন আপনারা যা শুরু করছেন,Abusive,Individual,Severe,"মন্তব্যকারী ""ফাঁসি"" ব্যবহার করে নির্দিষ্ট ব্যক্তিকে আক্রমণ করেছেন। ভাষার তীব্রতা তীব্র ও গুরুতর মাত্রার বলে প্রতীয়মান।",rule-contextual,False,pending,
377,নিক্সন জনমানুষের লোকনিক্সন ভাই ফরিদপুর ৪ এর সবার ভালোবাসার লোক,,,Little to None,"মন্তব্যটিতে কোনো গালিগালাজ, বিদ্বেষ বা আপত্তিকর বিষয়বস্তু পাওয়া যায়নি বলে এটি নিরপেক্ষ মন্তব্য।",rule-based,False,pending,
31393,আপনার কথা গুলো অনেক অনেক গুরুত্বপূর্ণএবং প্রতিটি সংসারে প্রযেজ্য,,,Little to None,এটি একটি নিরপেক্ষ মন্তব্য যেখানে কাউকে লক্ষ্য করে কোনো অবমাননাকর বা বৈষম্যমূলক ভাষা ব্যবহার করা হয়নি।,rule-based,False,pending,
30074,হ হালার ঘরে হালা তুরা কি বাল হেলাবি যানি,Abusive,Individual,Severe,"নির্দিষ্ট ব্যক্তিকে উদ্দেশ্যে ""বাল"", ""হালা"" এর মতো চরম অশ্লীল ভাষা প্রয়োগ এই মন্তব্যকে তীব্র ও গুরুতর মাত্রার অশ্লীল বক্তব্য হিসেবে শ্রেণিবদ্ধ করে।",rule-contextual,False,pending,
6207,হা হা হা গত দুইদিন আগের রিপোর্ট তেলবাজ দেরকে চিন্হিত করা হচ্ছে,,,Little to None,"মন্তব্যটিতে কোনো নির্দিষ্ট ব্যক্তি, গোষ্ঠী বা সম্প্রদায়ের বিরুদ্ধে ঘৃণা বা বিদ্বেষ প্রকাশ পায়নি।",rule-based,False,pending,
34594,পুলিশ মরলে এজন্য মানুষ এতটা খুশি হয়ে থাকে,Abusive,,Mild,এই বক্তব্যে ব্যবহৃত ভাষা ও দৃষ্টিভঙ্গি সাধারণভাবে মাঝারি মাত্রার গালিগালাজমূলক মন্তব্য প্রকাশ করে।,rule-contextual,False,pending,
20038,নতুন যারা দলে আসছে এদের যোগ্যতা প্রশ্নবিদ্ধ সোহান ব্যাটিং পারেনা বললেই চলে শুধু কিপিং এর জন্য এই খেলোয়াড় দলে থাকে,,,Little to None,"এই মন্তব্যে কোনো আপত্তিকর, অশ্লীল বা ঘৃণাজনক বিষয়বস্তু নেই এবং এটি স্বাভাবিক আলোচনার অংশ।",rule-based,False,pending,
5403,জনগন তোকে এবার পিটিয়ে নামাবে পুলিশ হিজরা আওয়ামিলীগ,Abusive,Individual,Severe,"মন্তব্যটিতে ""লীগ"" এর মতো আক্রমণাত্মক ও গালিগালাজমূলক ভাষা ব্যবহার করা হয়েছে। এটি একটি নির্দিষ্ট ব্যক্তির বিরুদ্ধে তীব্র ও গুরুতর মাত্রার বক্তব্য।",rule-contextual,False,pending,
25410,গালি দিতে চাই না তার পরেও বলি শান্ত একটা নির্লজ্জ খানকির পোলা,Abusive,Individual,Severe,"নির্দিষ্ট ব্যক্তিকে উদ্দেশ্যে ""খানকি"", ""গালি"" এর মতো চরম অশ্লীল ভাষা প্রয়োগ এই মন্তব্যকে তীব্র ও গুরুতর মাত্রার অশ্লীল বক্তব্য হিসেবে শ্রেণিবদ্ধ করে।",rule-contextual,False,pending,
4467,দুর্নীতি বাজ কসাইদের কে আইনের আওতায় আনা উচিত,Abusive,Individual,Mild,"নির্দিষ্ট ব্যক্তিকে উদ্দেশ্যে ""দুর্নীতি"", ""কসাই"" এর মতো অবমাননাকর শব্দ ব্যবহার এই মন্তব্যকে মাঝারি মাত্রার গালিগালাজ হিসেবে চিহ্নিত করে।",rule-contextual,False,pending,
31967,তোমাকে তো চুদেই ছিলাম,Abusive,Individual,Severe,এই বক্তব্যে ব্যবহৃত অশ্লীল ভাষা একটি নির্দিষ্ট ব্যক্তির বিরুদ্ধে তীব্র ও গুরুতর মাত্রার কুরুচিপূর্ণ মন্তব্য নির্দেশ করে।,rule-contextual,False,pending,
24373,জীবনে আশা করিনি এরকম একটা রাষ্ট্রপতি বাংলাদেশ দেখতে পারবো যার মুখে শুধু বঙ্গবন্ধ জনগণের কথা বলবে না শুধু খালি বঙ্গবন্ধু পাগল ছাগল আইছে পাবনা থেকে,Abusive,,Mild,"এই মন্তব্যে ""পাগল"", ""বন্ধ"" শব্দ ব্যবহার করে অবমাননা করা হয়েছে, যা মাঝারি মাত্রার আক্রমণাত্মক ভাষা নির্দেশ করে।",rule-contextual,False,pending,
25931,শিক্ষা জাতির মেরুদন্ড সেই শিক্ষা নষ্ট হয়ে গেছে,Abusive,Society,Severe,"সমাজ বা জাতিকে উদ্দেশ্যে ""নষ্ট"" এর মতো অবমাননাকর শব্দ ব্যবহার এই মন্তব্যকে তীব্র ও গুরুতর মাত্রার গালিগালাজ হিসেবে চিহ্নিত করে।",rule-contextual,False,pending,
30745,থাকিস তো তোরা বিদেশে দেশের মানুষের কি হাল করেছে তোদের এই নেত্রী তা শুধু দেশের মানুষই জানে,Political Hate,Community,Severe,রাজনৈতিক বিষয়ে একটি সম্প্রদায় বা গোষ্ঠীর বিরুদ্ধে তীব্র ও গুরুতর মাত্রার বিদ্বেষপূর্ণ মনোভাব এই মন্তব্যে স্পষ্ট।,rule-contextual,False,pending,
16424,তোরা হইলি বড় চোর,Abusive,Community,Severe,"মন্তব্যকারী ""চোর"" ব্যবহার করে নির্দিষ্ট সম্প্রদায় বা গোষ্ঠীকে আক্রমণ করেছেন। ভাষার তীব্রতা তীব্র ও গুরুতর মাত্রার বলে প্রতীয়মান।",rule-contextual,False,pending,
22298,সময় টিভিকে এ নিওজ দেখানোর জন্য ধন্যবাদ,,,Little to None,"এই মন্তব্যে কোনো ঘৃণামূলক, আক্রমণাত্মক বা বৈষম্যমূলক ভাষা নেই, তাই এটি স্বাভাবিক মন্তব্য হিসেবে শ্রেণিবদ্ধ।",rule-based,False,pending,
32365,আওয়ামী লীগের বাটপাটা তোদের কি জনগণ ভোট দিবে রে টাকা পাইয়ে ভোট নিয়ে এত নাচানাচি,Political Hate,Organization,Severe,"এই মন্তব্যে ""আওয়ামী"", ""লীগ"", ""ভোট"" সম্পর্কিত রাজনৈতিক ঘৃণা প্রকাশ পেয়েছে যেখানে নির্দিষ্ট সংগঠন বা প্রতিষ্ঠানকে আক্রমণের লক্ষ্যবস্তু। তীব্রতা তীব্র ও গুরুতর মাত্রার।",rule-contextual,False,pending,
22250,আমাদের দেশের শুয়ার গুলো খেয়ে খেয়ে বিদেশে মাগিপাড়া তৈরি করছে,Abusive,Community,Mild,এই বক্তব্যে ব্যবহৃত অশ্লীল ভাষা একটি সম্প্রদায় বা গোষ্ঠীর বিরুদ্ধে মাঝারি মাত্রার কুরুচিপূর্ণ মন্তব্য নির্দেশ করে।,rule-contextual,False,pending,
12283,ডিজিটাল বাংলাদেশের কাজ শেষ এখন শুরু হলো স্মার্ট বাংলাদেশ আন্দোলন এমন বড় আন্দোলনে বক্তৃতার মঞ্চ পর্যন্ত থাকবে না,,,Little to None,"এই মন্তব্যে কোনো আপত্তিকর, অশ্লীল বা ঘৃণাজনক বিষয়বস্তু নেই এবং এটি স্বাভাবিক আলোচনার অংশ।",rule-based,False,pending,
13773,বালের নিউজ চ্যানালফকিন্নি চোদানিউজ দেখার আগে কতগুলা,Abusive,Organization,Severe,"মন্তব্যকারী ""বাল"", ""গু"" ব্যবহার করে নির্দিষ্ট সংগঠন বা প্রতিষ্ঠানকে অশ্লীলভাবে আক্রমণ করেছেন। ভাষার মাত্রা তীব্র ও গুরুতর মাত্রার অশ্লীলতা নির্দেশ করে।",rule-contextual,False,pending,
3233,হারাম জাদারা ফিলিস্তিনের সমালোচনা আর ইজরায়েলের সহানুভূতি এ কেমন কথা আল্লাহ পাক তোদের উপর গজব নাজিল করুন,Abusive,Community,Little to None,মন্তব্যটিতে একটি সম্প্রদায় বা গোষ্ঠীর বিরুদ্ধে মৃদু বা গৌণ মাত্রার অশ্লীল শব্দচয়ন ও কুরুচিপূর্ণ ভাষা ব্যবহার করা হয়েছে।,rule-contextual,False,pending,
25098,আমি যাবনা ভাই বিয়ে খেতে তবে দুয়া করি সুখি হয়েন আপু,,,Little to None,"মন্তব্যটিতে কোনো গালিগালাজ, বিদ্বেষ বা আপত্তিকর বিষয়বস্তু পাওয়া যায়নি বলে এটি নিরপেক্ষ মন্তব্য।",rule-based,False,pending,
29555,মরিচ খেতে সুস্বাদু এই প্রথম জানলাম রে চুতিয়া,Abusive,Individual,Mild,এই মন্তব্যে অশ্লীল ও কুরুচিপূর্ণ ভাষা ব্যবহার করে একটি নির্দিষ্ট ব্যক্তির বিরুদ্ধে মাঝারি মাত্রার আপত্তিকর বক্তব্য প্রকাশ করা হয়েছে।,rule-contextual,False,pending,
21508,বিশিষ্ট সুদখুর ডা ইউনুস,Abusive,Individual,Little to None,"এই মন্তব্যের ভাষা ও সুর আক্রমণাত্মক এবং অবমাননাকর, যা একটি নির্দিষ্ট ব্যক্তির বিরুদ্ধে মৃদু বা গৌণ মাত্রার গালিগালাজমূলক বক্তব্য হিসেবে চিহ্নিত।",rule-contextual,False,pending,
32777,নিক্সনের সামনে দাঁড়ানোর কোন শক্তি নাই আমি নিরপেক্ষভাবে নিক্সন এর অঞ্চলের লোক কাজী জাফর উল্লাহ পারবে না,Political Hate,Individual,Little to None,রাজনৈতিক বিষয়ে একটি নির্দিষ্ট ব্যক্তির বিরুদ্ধে মৃদু বা গৌণ মাত্রার বিদ্বেষপূর্ণ মনোভাব এই মন্তব্যে স্পষ্ট।,rule-contextual,False,pending,
34061,তাহলে কারবালায় নবীজির পুরো ফ্যামিলিকে হত্যা করেছিল মুসলিমরা কোন সিরিয়াল দেখে ইসলাম টিকে রয়েছে নিশংসতা ও খুনের উপর রাজনীতির উপর জোর ও বল পূর্বক গেলানোর উপর মিথ্যার উপর পৃথিবীতে মদ হারাম কিন্তু জান্নাতে জায়েজ কত বড় মিথ্যা সেই মিথ্যার ভিত একদিন ভেঙে পড়বেই,Religious Hate,,Severe,"ধর্মীয় প্রেক্ষাপটে ""মুসলিম"", ""ইসলাম"" ব্যবহার করে প্রতি সাম্প্রদায়িক বিদ্বেষ প্রকাশ এটিকে তীব্র ও গুরুতর মাত্রার ধর্মীয় ঘৃণামূলক বক্তব্য হিসেবে চিহ্নিত করে।",rule-contextual,False,pending,
35135,ভালোই করেছো পুতিন,,,Little to None,"এই মন্তব্যে কোনো আপত্তিকর, অশ্লীল বা ঘৃণাজনক বিষয়বস্তু নেই এবং এটি স্বাভাবিক আলোচনার অংশ।",rule-based,False,pending,
15169,মূর্খতার পরিচয় দিচ্ছেন কেন,Abusive,Individual,Mild,"মন্তব্যকারী ""মূর্খ"" ব্যবহার করে নির্দিষ্ট ব্যক্তিকে আক্রমণ করেছেন। ভাষার তীব্রতা মাঝারি মাত্রার বলে প্রতীয়মান।",rule-contextual,False,pending,
22128,জনাব ওবায়দুল কাক্কু সাহেব ভোট জনগণ যেহেতু ভোট দিতে অনাগ্রহী সেহেতু কত দিন টানা খমতা থাকলে আপনার মন খুশি হবে,Political Hate,Individual,Mild,"এই মন্তব্যে ""ভোট"" সম্পর্কিত রাজনৈতিক ঘৃণা প্রকাশ পেয়েছে যেখানে নির্দিষ্ট ব্যক্তিকে আক্রমণের লক্ষ্যবস্তু। তীব্রতা মাঝারি মাত্রার।",rule-contextual,False,pending,
21356,যেগুলা আলোচনা করছে সব গুলা এ ভন্ড,Abusive,Community,Mild,মন্তব্যটির সামগ্রিক সুর ও ভাষা একটি সম্প্রদায় বা গোষ্ঠীর বিরুদ্ধে মাঝারি মাত্রার আক্রমণাত্মক বক্তব্য নির্দেশ করে।,rule-contextual,False,pending,
12639,কে শিক্ষিত কথা শুনলেই বুঝা যায়,,,Little to None,"এই মন্তব্যে কোনো আপত্তিকর, অশ্লীল বা ঘৃণাজনক বিষয়বস্তু নেই এবং এটি স্বাভাবিক আলোচনার অংশ।",rule-based,False,pending,
9233,ওটা নাকি রাশিয়ার ডিপো বলছেন আমেরিকার পুতুল জেলে,Political Hate,,Mild,এই মন্তব্যে রাজনৈতিক প্রেক্ষাপটে সাধারণভাবে মাঝারি মাত্রার বিদ্বেষ ও ঘৃণা প্রকাশ করা হয়েছে।,rule-contextual,False,pending,
6625,মরে যাচ্ছে তারপর সিগারেটের কথা বলে নাই হায়রে মানুষ,Abusive,,Mild,"এই মন্তব্যের ভাষা ও সুর আক্রমণাত্মক এবং অবমাননাকর, যা সাধারণভাবে মাঝারি মাত্রার গালিগালাজমূলক বক্তব্য হিসেবে চিহ্নিত।",rule-contextual,False,pending,
8210,বারা একটাকে নিয়ে কারাকারি আর আমরা আঙুল চুষি বাহ আমাদের ত কেউ পছন্দ করে না করভে কি ভাবে আমারাতো আর গাঁজা খাইনা,Abusive,Individual,Severe,"মন্তব্যকারী ""মারা"" ব্যবহার করে নির্দিষ্ট ব্যক্তিকে অশ্লীলভাবে আক্রমণ করেছেন। ভাষার মাত্রা তীব্র ও গুরুতর মাত্রার অশ্লীলতা নির্দেশ করে।",rule-contextual,False,pending,
13855,মানুষ হত্যা একন নিত্য দিনের আলু বত্তা মতো হয়ে গেছে যে যাকে যে দিকে পাচ্ছে হত্যা করতেছে এগুলোর জন্য দায়ী দেশের বিচার বিভাগ,,,Little to None,মন্তব্যকারী সাধারণ বিষয়ে মতামত দিয়েছেন এবং কোনো ঘৃণামূলক বক্তব্য প্রকাশ করেননি।,rule-based,False,pending,
6329,দুদকের আইনজীবী কর্মকর্তা বসর বসে বসে আ্নগুল চুসছে মিথ্যা বানোয়াট মামলা,Abusive,Organization,Little to None,"এই মন্তব্যের ভাষা ও সুর আক্রমণাত্মক এবং অবমাননাকর, যা একটি সংগঠন বা প্রতিষ্ঠানের বিরুদ্ধে মৃদু বা গৌণ মাত্রার গালিগালাজমূলক বক্তব্য হিসেবে চিহ্নিত।",rule-contextual,False,pending,
17062,যে দেশে হাজারও বেকার যুবক ঘুরছে খালি পায়ে সে দেশ এ ইহুদিদের পিছনে টাকা ব্যায় বিলাসিতা ছাড়া কিছু নয়,Political Hate,Community,Severe,এই মন্তব্যে রাজনৈতিক প্রেক্ষাপটে একটি সম্প্রদায় বা গোষ্ঠীর বিরুদ্ধে তীব্র ও গুরুতর মাত্রার বিদ্বেষ ও ঘৃণা প্রকাশ করা হয়েছে।,rule-contextual,False,pending,
22791,বুয়া ভোট বুয়া নির্বাচন ভুয়া কমিশন,Political Hate,,Severe,"মন্তব্যকারী ""ভোট"", ""নির্বাচন"" এর প্রসঙ্গে সম্পর্কে তীব্র ও গুরুতর মাত্রার রাজনৈতিক বিদ্বেষ ও ঘৃণা প্রকাশ করেছেন।",rule-contextual,False,pending,
156,সময় টিভি সবসময় অস্বাভাবিক আমরা জানি হালুয়া রুটির গল্প,Abusive,Organization,Little to None,"এই মন্তব্যের ভাষা ও সুর আক্রমণাত্মক এবং অবমাননাকর, যা একটি সংগঠন বা প্রতিষ্ঠানের বিরুদ্ধে মৃদু বা গৌণ মাত্রার গালিগালাজমূলক বক্তব্য হিসেবে চিহ্নিত।",rule-contextual,False,pending,
33506,গৃহ পালিত মেয়র,Abusive,Individual,Little to None,"এই মন্তব্যের ভাষা ও সুর আক্রমণাত্মক এবং অবমাননাকর, যা একটি নির্দিষ্ট ব্যক্তির বিরুদ্ধে মৃদু বা গৌণ মাত্রার গালিগালাজমূলক বক্তব্য হিসেবে চিহ্নিত।",rule-contextual,False,pending,
21529,এম আর টি পাচে আরো ডিসকাউন্ট দিতে হবে তা হলে মানুষ উৎসাহিত হবে,,,Little to None,"মন্তব্যটিতে কোনো গালিগালাজ, বিদ্বেষ বা আপত্তিকর বিষয়বস্তু পাওয়া যায়নি বলে এটি নিরপেক্ষ মন্তব্য।",rule-based,False,pending,
14206,সুবহানআললাহ স্যার আপনার জন্য অনেক অনেক দোওয়া ও ভালবাসা রইল,,,Little to None,মন্তব্যটি সাধারণ মতামত প্রকাশ করে এবং এতে কোনো ঘৃণা বা সহিংসতামূলক উপাদান নেই।,rule-based,False,pending,
19317,দিলাম দোয়া করে আসবি জয় বাংলা হয়ে কুকুর লীগের সম্পদ দালাল পাপন নানু সহ সবাই কে ফুট পাতের ছিরা জুতা পরিয়ে গনভবনে পাঠিয়ে দাও কুকুর লীগের সম্পদ দালাল,Political Hate,Organization,Severe,"রাজনৈতিক প্রেক্ষাপটে ""লীগ"", ""দালাল"" ব্যবহার করে নির্দিষ্ট সংগঠন বা প্রতিষ্ঠানকে প্রতি বিদ্বেষ প্রকাশ এই মন্তব্যকে তীব্র ও গুরুতর মাত্রার রাজনৈতিক ঘৃণামূলক বক্তব্য করে তোলে।",rule-contextual,False,pending,
4560,ইভিএম ভোট কারচুপির মেশিন,Political Hate,Organization,Little to None,"রাজনৈতিক প্রেক্ষাপটে ""ভোট"" ব্যবহার করে নির্দিষ্ট সংগঠন বা প্রতিষ্ঠানকে প্রতি বিদ্বেষ প্রকাশ এই মন্তব্যকে মৃদু বা গৌণ মাত্রার রাজনৈতিক ঘৃণামূলক বক্তব্য করে তোলে।",rule-contextual,False,pending,
28702,বিভিন্ন জায়গায় মুসলমানের উপর খুব অত্যাচার চলতেছে কলকাতা ইফতার আয়োজনের মানে কি ভাই,Abusive,Society,Severe,"মন্তব্যটিতে ""মুসলমান"" এর মতো আক্রমণাত্মক ও গালিগালাজমূলক ভাষা ব্যবহার করা হয়েছে। এটি সামগ্রিকভাবে সমাজ বা জাতির বিরুদ্ধে তীব্র ও গুরুতর মাত্রার বক্তব্য।",rule-contextual,False,pending,
8782,শেষ জামানার পরিস্থিতি এমন ই হবে এটা তো আমার নবি কতো আগে ই বলে গেছে,,,Little to None,"এই মন্তব্যে কোনো ঘৃণামূলক, আক্রমণাত্মক বা বৈষম্যমূলক ভাষা নেই, তাই এটি স্বাভাবিক মন্তব্য হিসেবে শ্রেণিবদ্ধ।",rule-based,False,pending,
24491,কথাটা সত্যি বলছেন কাদের কাকু,,,Little to None,মন্তব্যটি সাধারণ মতামত প্রকাশ করে এবং এতে কোনো ঘৃণা বা সহিংসতামূলক উপাদান নেই।,rule-based,False,pending,
9629,আপনার যন্তনায় বেঁচে থাকাই অসম্ভবআপনি একটি বাদ্যাইমা মহিলাএকটি বানর আপনার কথা বিশ্বাস করে না,Abusive,Individual,Severe,"মন্তব্যটিতে ""মহিলা"" এর মতো অশ্লীল ও কুরুচিপূর্ণ ভাষা ব্যবহার করা হয়েছে। এটি একটি নির্দিষ্ট ব্যক্তির বিরুদ্ধে তীব্র ও গুরুতর মাত্রার বক্তব্য।",rule-contextual,False,pending,
16335,ভালো কথা কাজে যেতে মিল থাকে,,,Little to None,"মন্তব্যটিতে কোনো গালিগালাজ, বিদ্বেষ বা আপত্তিকর বিষয়বস্তু পাওয়া যায়নি বলে এটি নিরপেক্ষ মন্তব্য।",rule-based,False,pending,
17960,কোনো বয়টক নাই ওরে মারা চারা বইটক হবে না ওর কারনে কোতো আরমি মরলো নিরদোস মানুষ মরলো ওরে কুওা দিয়ে চোদাও,Abusive,Individual,Severe,"মন্তব্যটিতে ""মারা"" এর মতো অশ্লীল ও কুরুচিপূর্ণ ভাষা ব্যবহার করে নির্দিষ্ট ব্যক্তিকে আক্রমণ করা হয়েছে। এটি তীব্র ও গুরুতর মাত্রার অশ্লীল বক্তব্য।",rule-contextual,False,pending,
7896,কে হা হা রিয়েক্ট এড করার জোর দাবি জানাই,,,Little to None,এই বাক্যে কোনো ঘৃণামূলক শব্দ বা আক্রমণাত্মক প্রকাশ নেই এবং এটি সাধারণ মতামত প্রকাশ করে।,rule-based,False,pending,
7900,এইটা কোন ব্যাপার না দেশ শাসনের জন্য পুতুল সরকার আছে,Political Hate,Organization,Severe,"রাজনৈতিক প্রেক্ষাপটে ""সরকার"", ""শাসন"" ব্যবহার করে নির্দিষ্ট সংগঠন বা প্রতিষ্ঠানকে প্রতি বিদ্বেষ প্রকাশ এই মন্তব্যকে তীব্র ও গুরুতর মাত্রার রাজনৈতিক ঘৃণামূলক বক্তব্য করে তোলে।",rule-contextual,False,pending,
2106,জনগন সন্ত্রাসবাদ পছন্দ করেনা ঠিক আছেকিন্তু সৈরাচার বজায় রাখার জন্য সন্ত্রাসবাদ তো আপনারাই করছেন,Political Hate,Society,Mild,মন্তব্যটি রাজনৈতিক ব্যক্তি বা দলের প্রতি সামগ্রিকভাবে সমাজ বা জাতির বিরুদ্ধে মাঝারি মাত্রার ঘৃণামূলক দৃষ্টিভঙ্গি প্রকাশ করে।,rule-contextual,False,pending,
34683,সত্যের বিপক্ষে রিপোর্ট করা আমাদের মিডিয়া গুলোর বর্তমান পেশা,Abusive,Organization,Mild,এই বক্তব্যে ব্যবহৃত ভাষা ও দৃষ্টিভঙ্গি একটি সংগঠন বা প্রতিষ্ঠানের বিরুদ্ধে মাঝারি মাত্রার গালিগালাজমূলক মন্তব্য প্রকাশ করে।,rule-contextual,False,pending,
24177,এটা নিতান্তই জঘন্য অমানবিকতা সরকারে যদি কোন বিবেকবান মানুষ থাকে তবে এই দুখি জনগোষ্ঠীকে সহায়তার হাত বাড়ানো উচিৎ এরা তো মানুষ,Abusive,Community,Severe,"মন্তব্যকারী ""জঘন্য"" ব্যবহার করে নির্দিষ্ট সম্প্রদায় বা গোষ্ঠীকে আক্রমণ করেছেন। ভাষার তীব্রতা তীব্র ও গুরুতর মাত্রার বলে প্রতীয়মান।",rule-contextual,False,pending,
24559,বাবা তুমার দরবারে সব পাগরে খেলা,Abusive,,Mild,"এই মন্তব্যের ভাষা ও সুর আক্রমণাত্মক এবং অবমাননাকর, যা সাধারণভাবে মাঝারি মাত্রার গালিগালাজমূলক বক্তব্য হিসেবে চিহ্নিত।",rule-contextual,False,pending,
8279,আমেরিকা আপনি আর পৃথিবীতে কত দেশকে কত রকমের কত ধরনের নিষেধাজ্ঞা দেবেন আল্লাহ সুবাহানাতালা ভালো জানেন এর কিন্তু শেষ আছে দেখতে হবে আমরা দেখতে চাই,Political Hate,Society,Little to None,মন্তব্যটি রাজনৈতিক ব্যক্তি বা দলের প্রতি সামগ্রিকভাবে সমাজ বা জাতির বিরুদ্ধে মৃদু বা গৌণ মাত্রার ঘৃণামূলক দৃষ্টিভঙ্গি প্রকাশ করে।,rule-contextual,False,pending,
1629,মিয়ানমারের আর্মিদেরকে ঢুকতে দেওয়াই উচিত হয়নি এবং তাদেরকে আরাকান আর্মিদের হাতে মরতে দেয়া উচিত ছিল কেননা তারা অনেক নির্যাতন করেছে আরাকানদেরসেখানে উল্টো তাদেরকে সেবা যত্ন করা হচ্ছে,Political Hate,Society,Mild,মন্তব্যটি রাজনৈতিক ব্যক্তি বা দলের প্রতি সামগ্রিকভাবে সমাজ বা জাতির বিরুদ্ধে মাঝারি মাত্রার ঘৃণামূলক দৃষ্টিভঙ্গি প্রকাশ করে।,rule-contextual,False,pending,
23812,পাওয়ার পেলান্ড় গুলোর চুক্তির মেয়াদ মনে হয় ফুরিয়ে আসছে,,,Little to None,মন্তব্যটি সাধারণ মতামত প্রকাশ করে এবং এতে কোনো ঘৃণা বা সহিংসতামূলক উপাদান নেই।,rule-based,False,pending,
3080,সব শেষে টাকা যার বেশি সেই জয়ি হবে,,,Little to None,এই বাক্যে কোনো ঘৃণামূলক শব্দ বা আক্রমণাত্মক প্রকাশ নেই এবং এটি সাধারণ মতামত প্রকাশ করে।,rule-based,False,pending,
32111,জামায়াত শিবির পিলার ধরে নাড়াচাড়া করতে পারে বিধায় সতর্ক দৃষ্টি রাখতে হবে,Political Hate,Organization,Little to None,রাজনৈতিক বিষয়ে একটি সংগঠন বা প্রতিষ্ঠানের বিরুদ্ধে মৃদু বা গৌণ মাত্রার বিদ্বেষপূর্ণ মনোভাব এই মন্তব্যে স্পষ্ট।,rule-contextual,False,pending,
8093,সময় টিভাকে বয়কট করো,Abusive,Organization,Mild,এই বক্তব্যে ব্যবহৃত ভাষা ও দৃষ্টিভঙ্গি একটি সংগঠন বা প্রতিষ্ঠানের বিরুদ্ধে মাঝারি মাত্রার গালিগালাজমূলক মন্তব্য প্রকাশ করে।,rule-contextual,False,pending,
14491,এই মহিলা শুধু জিয়াউর রহমানের দোষ জিয়াউর রহমানের দোষ আল্লাহই মহিলাকে যেন হেদায়েত করে আল্লাহ যদি হেদায়েত না থাকে এই মহিলাকে ধ্বংস করে দেওয়ার না ধ্বংস করে দাও ধ্বংস করে দাও একটা ফালতু মহিলা আমরা প্রধানমন্ত্রী বানাইছি একটা বাজে মহিলা শুধু মানুষের দোষ ধরে বাজে মহিলা এই মহিলার চেহারা দেখলে শয়তানের চেহারা মনে হয়,Abusive,Individual,Severe,"মন্তব্যকারী ""ধ্বংস"" ব্যবহার করে নির্দিষ্ট ব্যক্তিকে আক্রমণ করেছেন। ভাষার তীব্রতা তীব্র ও গুরুতর মাত্রার বলে প্রতীয়মান।",rule-contextual,False,pending,
6327,চাকরি যোগ্যতার ভিত্তিতে ই হবে ঘুষ ছাড়া চাকরি হয়েছে বিষয় যখন মিডিয়ায় আসছে তার মানে পূর্বে নিয়োগে ঘুষ নিয়েছে এজন্য ই পুলিশ ঘৃণিত ও অভিশপ্ত,Abusive,Community,Severe,"এই মন্তব্যের ভাষা ও সুর আক্রমণাত্মক এবং অবমাননাকর, যা একটি সম্প্রদায় বা গোষ্ঠীর বিরুদ্ধে তীব্র ও গুরুতর মাত্রার গালিগালাজমূলক বক্তব্য হিসেবে চিহ্নিত।",rule-contextual,False,pending,
28438,চুন্নূ আওয়ামী দালাল,Political Hate,Individual,Mild,"রাজনৈতিক প্রেক্ষাপটে ""দালাল"" ব্যবহার করে নির্দিষ্ট ব্যক্তিকে প্রতি বিদ্বেষ প্রকাশ এই মন্তব্যকে মাঝারি মাত্রার রাজনৈতিক ঘৃণামূলক বক্তব্য করে তোলে।",rule-contextual,False,pending,
1963,সব ঠিক হবে ইনশাআল্লাহ স্যার হশাত হবেন সাধারণ মানুষ আপনদের পাশে আছে,,,Little to None,মন্তব্যটি সাধারণ মতামত প্রকাশ করে এবং এতে কোনো ঘৃণা বা সহিংসতামূলক উপাদান নেই।,rule-based,False,pending,
2276,চাঁদ দেখার কথা হাদিসে থাকতে হবে কেন কুরআনেই আছে তোমাদের মধ্য থেকে যে মাসচাঁদ দেখবে সে যেন রোজা রাখেবাকারা১৮৫,,,Little to None,"মন্তব্যটিতে কোনো নির্দিষ্ট ব্যক্তি, গোষ্ঠী বা সম্প্রদায়ের বিরুদ্ধে ঘৃণা বা বিদ্বেষ প্রকাশ পায়নি।",rule-based,False,pending,
17114,কেউ নেই আমার কেউ আমার বন্ধু হবে,,,Little to None,মন্তব্যটি সাধারণ মতামত প্রকাশ করে এবং এতে কোনো ঘৃণা বা সহিংসতামূলক উপাদান নেই।,rule-based,False,pending,
31313,সেখ হাসিনা সরকার বারবার দরকার জয় বাংলা জয় বঙ্গবন্ধু জয় হোক শেখ হাসিনার,,,Little to None,এই বাক্যে কোনো ঘৃণামূলক শব্দ বা আক্রমণাত্মক প্রকাশ নেই এবং এটি সাধারণ মতামত প্রকাশ করে।,rule-based,False,pending,
14471,বাংলাদেশ প্রতিটা ম্যাচ হেরে যাক মন থেকে চায় বাংলাদেশ ক্রিকেট বয়কট করলাম,Abusive,Community,Mild,এই বক্তব্যে ব্যবহৃত ভাষা ও দৃষ্টিভঙ্গি একটি সম্প্রদায় বা গোষ্ঠীর বিরুদ্ধে মাঝারি মাত্রার গালিগালাজমূলক মন্তব্য প্রকাশ করে।,rule-contextual,False,pending,
32312,তা অবশ্যই আমরা চাই আপনি আপনার এলাকার নাম পাল্টে দিবেন এখনো চুনারুঘাট নাম শুনলে মানুষ ভয় পায় আপনি শিক্ষিত মানুষ কোনো এলাকার নাম শুনে ভয় পাওয়া মানে ওই এলাকার সুনাম নয়,,,Little to None,এই বাক্যে কোনো ঘৃণামূলক শব্দ বা আক্রমণাত্মক প্রকাশ নেই এবং এটি সাধারণ মতামত প্রকাশ করে।,rule-based,False,pending,
14629,ঝুকি পুরণ মারকেট ভবন অভাব নাই ঢাকার শহর এসব ভবন মানুষ মারা গেলে খবর দেখায়,Abusive,Society,Mild,"মন্তব্যকারী ""মারা"" ব্যবহার করে সমাজ বা জাতিকে আক্রমণ করেছেন। ভাষার তীব্রতা মাঝারি মাত্রার বলে প্রতীয়মান।",rule-contextual,False,pending,
31415,যে তেল মাকছে হাসিনার ভোদার মধ্যে ধোন পাঁচটা একবারে যাবে,Abusive,Individual,Severe,"মন্তব্যটিতে ""হাসিনা"" এর মতো অশ্লীল ও কুরুচিপূর্ণ ভাষা ব্যবহার করা হয়েছে। এটি একটি নির্দিষ্ট ব্যক্তির বিরুদ্ধে তীব্র ও গুরুতর মাত্রার বক্তব্য।",rule-contextual,False,pending,
5461,কুলাঙ্গার নোয়াখালীর মাটিতে আছে,Abusive,Individual,Severe,এই বক্তব্যে ব্যবহৃত ভাষা ও দৃষ্টিভঙ্গি একটি নির্দিষ্ট ব্যক্তির বিরুদ্ধে তীব্র ও গুরুতর মাত্রার গালিগালাজমূলক মন্তব্য প্রকাশ করে।,rule-contextual,False,pending,
15541,ভদ্রতা কাকে বলে বাংলাদেশ পুলিশকে শেখানো দরকার,Abusive,Organization,Little to None,মন্তব্যটির সামগ্রিক সুর ও ভাষা একটি সংগঠন বা প্রতিষ্ঠানের বিরুদ্ধে মৃদু বা গৌণ মাত্রার আক্রমণাত্মক বক্তব্য নির্দেশ করে।,rule-contextual,False,pending,
12269,ইউরোপ অনেক সমৃদ্ধ হয়েছে এখন এশিয়ার পালা তারপর আফ্রিকা ইউরোপ এতো সমৃদ্ধ ও শিক্ষিত হয়ে কি লাভ দিল পরিশেষে যুদ্ধকেই বেছে নেয়,Political Hate,Society,Mild,মন্তব্যটি রাজনৈতিক ব্যক্তি বা দলের প্রতি সামগ্রিকভাবে সমাজ বা জাতির বিরুদ্ধে মাঝারি মাত্রার ঘৃণামূলক দৃষ্টিভঙ্গি প্রকাশ করে।,rule-contextual,False,pending,
23393,সময় টিভি বেশ্যা চুরা খুনি হাসিনার দালাল,Abusive,Organization,Severe,"এই বক্তব্যে নির্দিষ্ট সংগঠন বা প্রতিষ্ঠানকে প্রতি ""বেশ্যা"", ""দালাল"" এর মতো অশ্লীল শব্দচয়ন এটিকে তীব্র ও গুরুতর মাত্রার কুরুচিপূর্ণ মন্তব্য হিসেবে চিহ্নিত করে।",rule-contextual,False,pending,
7910,ছাত্রলীগের কোনো ব্যক্তি জন্ম হয়নি যারা পুলিশ ছাড়া মাঠে নামবেযদি নামে মনে হয় একটাও আর বাড়ি ফিরবে না,Political Hate,Organization,Little to None,"এই মন্তব্যে ""লীগ"", ""পুলিশ"" সম্পর্কিত রাজনৈতিক ঘৃণা প্রকাশ পেয়েছে যেখানে নির্দিষ্ট সংগঠন বা প্রতিষ্ঠানকে আক্রমণের লক্ষ্যবস্তু। তীব্রতা মৃদু বা গৌণ মাত্রার।",rule-contextual,False,pending,
10428,শেখ হাসিনা তুমি আর কত জাতীরে পাম দিবা সি সি হাসিনা লজ্জা বাসিনা,Political Hate,Individual,Mild,"মন্তব্যকারী ""হাসিনা"", ""লজ্জা"" এর প্রসঙ্গে নির্দিষ্ট ব্যক্তিকে সম্পর্কে মাঝারি মাত্রার রাজনৈতিক বিদ্বেষ ও ঘৃণা প্রকাশ করেছেন।",rule-contextual,False,pending,
33082,আমার বাড়ি ভৈরব স্যার বাড়িতে আমি অনেক বার গিয়েছিলাম বতমান স্যার এলাকায় অনেক সুন্দুর,Abusive,Individual,Mild,মন্তব্যটির সামগ্রিক সুর ও ভাষা একটি নির্দিষ্ট ব্যক্তির বিরুদ্ধে মাঝারি মাত্রার আক্রমণাত্মক বক্তব্য নির্দেশ করে।,rule-contextual,False,pending,
21990,পারাইয়া মাইরা ফালামু কিন্তু,Abusive,Individual,Severe,"এই মন্তব্যের ভাষা ও সুর আক্রমণাত্মক এবং অবমাননাকর, যা একটি নির্দিষ্ট ব্যক্তির বিরুদ্ধে তীব্র ও গুরুতর মাত্রার গালিগালাজমূলক বক্তব্য হিসেবে চিহ্নিত।",rule-contextual,False,pending,
17002,যে কিনা নিজের দেশেই পাত্তা পায় না সে বাংলাদেশের প্রদান কোচ ৷৷ আমি মনে করি হাথুরুর চেয়ে হাজার গুন ভালো আমাদের কোচ সালাউদ্দিন তাকে বিসিবি দেখেনা৷৷ আবার বলে আমরা অনেক বার বলছি যে সালাউদ্দিনকে কোচ হওয়ার জন্য ছাগলের মতো কথা বলে৷ আরে ভাই যা বেতনে অফার করছে তা তো বাহিরের দেশের মাঠ কর্মিরাও পায় আরো বেশি পায়,,,Little to None,"মন্তব্যটিতে কোনো গালিগালাজ, বিদ্বেষ বা আপত্তিকর বিষয়বস্তু পাওয়া যায়নি বলে এটি নিরপেক্ষ মন্তব্য।",rule-based,False,pending,
33818,নতুন কিছু বলুন এটা কয়েক মাস থেকে চলছে,,,Little to None,"মন্তব্যটিতে কোনো নির্দিষ্ট ব্যক্তি, গোষ্ঠী বা সম্প্রদায়ের বিরুদ্ধে ঘৃণা বা বিদ্বেষ প্রকাশ পায়নি।",rule-based,False,pending,
29272,শেখ মুজিবের দুই গালে জুতা মাৱো তালে তালে মজিব একটি কুত্তার বাচ্চা মজিব একটি কুলাঙ্গার মজিব একটি জাতীৱ গজব,Political Hate,Individual,Severe,"মন্তব্যকারী ""মুজিব"", ""কুত্তা"" এর প্রসঙ্গে নির্দিষ্ট ব্যক্তিকে সম্পর্কে তীব্র ও গুরুতর মাত্রার রাজনৈতিক বিদ্বেষ ও ঘৃণা প্রকাশ করেছেন।",rule-contextual,False,pending,
12220,কোটটা খুলে একবার বাইরে বের হও মনা বুঝতে পারবা এল নিনো কারে কয়,,,Little to None,এটি একটি নিরপেক্ষ মন্তব্য যেখানে কাউকে লক্ষ্য করে কোনো অবমাননাকর বা বৈষম্যমূলক ভাষা ব্যবহার করা হয়নি।,rule-based,False,pending,
1299,বিয়ে দেওয়া উচিত এই জন্য তারাতারি,,,Little to None,"মন্তব্যটিতে কোনো নির্দিষ্ট ব্যক্তি, গোষ্ঠী বা সম্প্রদায়ের বিরুদ্ধে ঘৃণা বা বিদ্বেষ প্রকাশ পায়নি।",rule-based,False,pending,
20336,আল হামদুলিল্লাহ্প্রিয় ভিউয়ার্স আপনাদের ভালবাসায় ইসলামিক চ্যানেলটি এগিয়ে যাচ্ছেআপনাদের একান্ত সাপোর্ট ও আল্লাহর রহমত নিয়ে অনেক দূর এগিয়ে যাবো ইনশা আল্লাহ্,,,Little to None,"এই মন্তব্যে কোনো ঘৃণামূলক, আক্রমণাত্মক বা বৈষম্যমূলক ভাষা নেই, তাই এটি স্বাভাবিক মন্তব্য হিসেবে শ্রেণিবদ্ধ।",rule-based,False,pending,
10956,কুকুর জতোয় এরবারি ওর বাড়ি যাক প্রভু কয়টা ভাত ছিটিয়ে আতু বলে ডাকলেই কুকুর তার প্রভুর বাড়ি ফিরে যায়,,,Little to None,"মন্তব্যটিতে কোনো নির্দিষ্ট ব্যক্তি, গোষ্ঠী বা সম্প্রদায়ের বিরুদ্ধে ঘৃণা বা বিদ্বেষ প্রকাশ পায়নি।",rule-based,False,pending,
4231,জুতা মার হালারে মাতা পতি ২ লাখ টাকা রিন আর বলে জিডিপি কুত্তার বাচ্চারা,Abusive,Individual,Severe,"এই বক্তব্যে নির্দিষ্ট ব্যক্তিকে প্রতি ""কুত্তা"", ""হালা"", ""কুত্তার"" এর মতো অশ্লীল শব্দচয়ন এটিকে তীব্র ও গুরুতর মাত্রার কুরুচিপূর্ণ মন্তব্য হিসেবে চিহ্নিত করে।",rule-contextual,False,pending,
14665,এইভাবে মিউজিক দেওয়া উচিত হয়নি প্রত্যেক মুসলিমের জানার দরকার যে মিউজিক হারাম,Religious Hate,Community,Little to None,"নির্দিষ্ট সম্প্রদায় বা গোষ্ঠীকে বিরুদ্ধে ""মুসলিম"" এর মতো সাম্প্রদায়িক শব্দ ব্যবহার করা হয়েছে, যা মৃদু বা গৌণ মাত্রার ধর্মীয় বিদ্বেষ নির্দেশ করে।",rule-contextual,False,pending,
724,ওবায়দুল কাদির তোর ওই মিষ্টি কথার মাসের বুক ভেজাইনা তুই সন্ত্রাসী বেলা মানুষ,Abusive,Individual,Mild,"এই মন্তব্যের ভাষা ও সুর আক্রমণাত্মক এবং অবমাননাকর, যা একটি নির্দিষ্ট ব্যক্তির বিরুদ্ধে মাঝারি মাত্রার গালিগালাজমূলক বক্তব্য হিসেবে চিহ্নিত।",rule-contextual,False,pending,
15964,সময় টিভি জালিমের পক্ষে জুলুমকারীর পক্ষে দালালি করে,Abusive,Organization,Severe,"এই বক্তব্যে নির্দিষ্ট সংগঠন বা প্রতিষ্ঠানকে প্রতি ""দালাল"" এর মতো আপত্তিকর শব্দচয়ন এটিকে তীব্র ও গুরুতর মাত্রার আক্রমণাত্মক মন্তব্য হিসেবে শ্রেণিবদ্ধ করে।",rule-contextual,False,pending,
22017,বাহরাইন কোনো গ্যাস লাইন নাইসব বোতল জাত ভাবে দেওয়া হয়আমার জানা মতে মধ্য প্রাচ্যের বেশিরভাগ ঐ বোতল জাততাতে সব চুরি বন্ধ হবে,Abusive,Society,Severe,এই বক্তব্যে ব্যবহৃত ভাষা ও দৃষ্টিভঙ্গি সামগ্রিকভাবে সমাজ বা জাতির বিরুদ্ধে তীব্র ও গুরুতর মাত্রার গালিগালাজমূলক মন্তব্য প্রকাশ করে।,rule-contextual,False,pending,
27057,করোনা এখন আর আসিস না পরিক্ষাটা শেষ হউক পরে জত খুশি আশিশ,,,Little to None,এটি একটি নিরপেক্ষ মন্তব্য যেখানে কাউকে লক্ষ্য করে কোনো অবমাননাকর বা বৈষম্যমূলক ভাষা ব্যবহার করা হয়নি।,rule-based,False,pending,
14477,ছোট বেলা থেকেই সবাই বলত তুই বলদ না থেকে স্মার্ট হ এখন কী আনন্দ ঘরে ঘরে আমরা সবাই স্মার্ট,Abusive,,Mild,এই বক্তব্যে ব্যবহৃত ভাষা ও দৃষ্টিভঙ্গি সাধারণভাবে মাঝারি মাত্রার গালিগালাজমূলক মন্তব্য প্রকাশ করে।,rule-contextual,False,pending,
13991,আল্লাহ পথভ্রষ্টদের পথ দেখাবে না ইসরাইলীদের জন্য জাহান্নামের আগুন অপেক্ষা করছে,Religious Hate,Society,Severe,এই মন্তব্যে ধর্মীয় প্রেক্ষাপটে সামগ্রিকভাবে সমাজ বা জাতির বিরুদ্ধে তীব্র ও গুরুতর মাত্রার সাম্প্রদায়িক বিদ্বেষ প্রকাশ করা হয়েছে।,rule-contextual,False,pending,
16932,তামিম ভাই শুধু কাঁদে নাই হাজারো হাজারো ভক্ত কেঁদেছে আমার বিশ্বাস ভক্তদের জন্য হলেও আবারো ফিরে আসবেনআমদের মাঝে,,,Little to None,এই বাক্যে কোনো ঘৃণামূলক শব্দ বা আক্রমণাত্মক প্রকাশ নেই এবং এটি সাধারণ মতামত প্রকাশ করে।,rule-based,False,pending,
7197,সব কয়টা আওয়ামী লীগের দালাক নাম্বার ওয়ান,Political Hate,Organization,Mild,"মন্তব্যটিতে ""লীগ"" উল্লেখ করে রাজনৈতিক বিদ্বেষ প্রকাশ করা হয়েছে। নির্দিষ্ট সংগঠন বা প্রতিষ্ঠানকে লক্ষ্য করে এই মাঝারি মাত্রার রাজনৈতিক ঘৃণামূলক বক্তব্য।",rule-contextual,False,pending,
35211,রেফারি বিদেশ থেকে আমদানি করা হোককোচ প্লেয়ার বল জুতা মুজা সবই তো আমদানি নির্ভরশীল তাহলে এইটা বাদ রাখছে কেন বাফুফে,Abusive,Organization,Little to None,"এই মন্তব্যের ভাষা ও সুর আক্রমণাত্মক এবং অবমাননাকর, যা একটি সংগঠন বা প্রতিষ্ঠানের বিরুদ্ধে মৃদু বা গৌণ মাত্রার গালিগালাজমূলক বক্তব্য হিসেবে চিহ্নিত।",rule-contextual,False,pending,
14801,বিএনপির কোন কর্মী নেই এখন তারা সবাইকেই নিজের কর্মী বানায় কয়দিন পর বলবে বঙ্গবন্ধু বিএনপি করতেন,Abusive,Organization,Little to None,"মন্তব্যটিতে ""বিএনপি"" এর মতো আক্রমণাত্মক ও গালিগালাজমূলক ভাষা ব্যবহার করা হয়েছে। এটি একটি সংগঠন বা প্রতিষ্ঠানের বিরুদ্ধে মৃদু বা গৌণ মাত্রার বক্তব্য।",rule-contextual,False,pending,
24949,আগের মাসে বাংলাদেশ ও পাকিস্তানের ভিখারি প্রধানমন্ত্রী ফ্রান্সে যাবে ঝাড়ু দিতে,Abusive,Individual,Severe,মন্তব্যটির সামগ্রিক সুর ও ভাষা একটি নির্দিষ্ট ব্যক্তির বিরুদ্ধে তীব্র ও গুরুতর মাত্রার আক্রমণাত্মক বক্তব্য নির্দেশ করে।,rule-contextual,False,pending,
21873,নাটক আস্তারা মাদারচোদ আমেরিকা বড় কুমিরা বড় মাদারচোদ,Abusive,Individual,Severe,এই মন্তব্যে অশ্লীল ও কুরুচিপূর্ণ ভাষা ব্যবহার করে একটি নির্দিষ্ট ব্যক্তির বিরুদ্ধে তীব্র ও গুরুতর মাত্রার আপত্তিকর বক্তব্য প্রকাশ করা হয়েছে।,rule-contextual,False,pending,
17617,হাজার হাজার কোটি টাকা দেশের বাহিরে ছলে গেছে কি করতে পারছেন আপনারা,Abusive,Community,Severe,"এই মন্তব্যের ভাষা ও সুর আক্রমণাত্মক এবং অবমাননাকর, যা একটি সম্প্রদায় বা গোষ্ঠীর বিরুদ্ধে তীব্র ও গুরুতর মাত্রার গালিগালাজমূলক বক্তব্য হিসেবে চিহ্নিত।",rule-contextual,False,pending,
3014,এটা হজের নমুনা হায়রে,Abusive,Individual,Mild,এই বক্তব্যে ব্যবহৃত ভাষা ও দৃষ্টিভঙ্গি একটি নির্দিষ্ট ব্যক্তির বিরুদ্ধে মাঝারি মাত্রার গালিগালাজমূলক মন্তব্য প্রকাশ করে।,rule-contextual,False,pending,
28942,খালেদা জিয়া ভোট চোর এবার আর ভোট চুরি করতে দেওয়া হবেনা খালেদা জিয়াকে সুষ্ঠু নির্বাচনের মাধ্যমে ক্ষমতা থেকে অপসারণ করা হবে,Political Hate,Individual,Mild,"মন্তব্যটিতে ""খালেদা"", ""ভোট"", ""নির্বাচন"" উল্লেখ করে রাজনৈতিক বিদ্বেষ প্রকাশ করা হয়েছে। নির্দিষ্ট ব্যক্তিকে লক্ষ্য করে এই মাঝারি মাত্রার রাজনৈতিক ঘৃণামূলক বক্তব্য।",rule-contextual,False,pending,
34971,এরা মুসলিমদের উপর অনেক নির্যাতন করে ছিল তাই হয়তো এটা আল্লাহর একটা গজব,Religious Hate,Community,Little to None,"মন্তব্যকারী ""মুসলিম"", ""আল্লাহ"" এর প্রসঙ্গে নির্দিষ্ট সম্প্রদায় বা গোষ্ঠীকে সম্পর্কে মৃদু বা গৌণ মাত্রার ধর্মীয় বিদ্বেষ ও সাম্প্রদায়িক ঘৃণা প্রকাশ করেছেন।",rule-contextual,False,pending,
8239,দেখ মাথা গরম করবি না জনগন কাকে পিঠাইবোসেটা জনগন পিঠাইলে ওই বুজবি কাকে পিঠা দেশ টাকে শেষ করে দিছে সাধারন জনগন কথা বলতে পারে নাতদের জন্যএকটা কিছু বল্লে ওই মামলা দিয়ে দেছ,,,Little to None,এটি একটি নিরপেক্ষ মন্তব্য যেখানে কাউকে লক্ষ্য করে কোনো অবমাননাকর বা বৈষম্যমূলক ভাষা ব্যবহার করা হয়নি।,rule-based,False,pending,
23345,সৌদি আরব যদি হজ্ব করতে আসেন ভালো কথা কিন্তু কাজের জন্য সৌদি আরব আসবেন তো পুটকিমারা খেয়েও মরবে,Abusive,Society,Severe,"এই বক্তব্যে সমাজ বা জাতিকে প্রতি ""মারা"" এর মতো অশ্লীল শব্দচয়ন এটিকে তীব্র ও গুরুতর মাত্রার কুরুচিপূর্ণ মন্তব্য হিসেবে চিহ্নিত করে।",rule-contextual,False,pending,
22548,আপনি যেভাবে সাফাই গাহিতেছেন আপনাকে দেখে সেই ভাবে মনে হচ্ছে না,,,Little to None,"মন্তব্যটিতে কোনো গালিগালাজ, বিদ্বেষ বা আপত্তিকর বিষয়বস্তু পাওয়া যায়নি বলে এটি নিরপেক্ষ মন্তব্য।",rule-based,False,pending,
6433,কথাটা সঠিক উস্কানি দিয়ে যুদ্ধ বাধালে ইউরোপের যবনিকাপাত ঘটবে,,,Little to None,"মন্তব্যটিতে কোনো নির্দিষ্ট ব্যক্তি, গোষ্ঠী বা সম্প্রদায়ের বিরুদ্ধে ঘৃণা বা বিদ্বেষ প্রকাশ পায়নি।",rule-based,False,pending,
23577,স্বাভাবিক ভাবে কথা বললে সমস্যা কি বুঝি না বাপু,,,Little to None,"এই মন্তব্যে কোনো আপত্তিকর, অশ্লীল বা ঘৃণাজনক বিষয়বস্তু নেই এবং এটি স্বাভাবিক আলোচনার অংশ।",rule-based,False,pending,
35064,আমি চাই রাশিয়ার জয় হোক থেকে কে একমত,,,Little to None,"মন্তব্যটিতে কোনো নির্দিষ্ট ব্যক্তি, গোষ্ঠী বা সম্প্রদায়ের বিরুদ্ধে ঘৃণা বা বিদ্বেষ প্রকাশ পায়নি।",rule-based,False,pending,
8644,আওয়ামিলীগের নিছের টা খাওয়া সাংবাদিক ভুল না সত্যি তোমােদের মত কুত্তার বাচ্ছাদের কাছ থেকে মানুষ পাবে নাবিবিসি নিউজ করেছে মানবজমিন করেছে এবং আরও কিছু নিউজ হয়েছে এ সব দালালী করে শেখ হাসিনা যখন পালাবে সাতে তোমরাও পালিয়ে যেও না হয় মানুষ এমন বিরক্ত হয়ে আছে পিটানো মাঠি পরবে না সব চামড়া তুলে নিবে,Abusive,Organization,Severe,"এই মন্তব্যে ""কুত্তা"", ""কুত্তার"", ""কুত্তা"" জাতীয় অশ্লীল শব্দ ব্যবহার করে নির্দিষ্ট সংগঠন বা প্রতিষ্ঠানকে অবমাননা করা হয়েছে, যা তীব্র ও গুরুতর মাত্রার কুরুচিপূর্ণ ভাষা নির্দেশ করে।",rule-contextual,False,pending,
4847,আল্লাহ বাংলাদেশে করোনা বাড়িয়ে দেও এইচ এস সি পরিক্ষার্থী ২০২২,,,Little to None,মন্তব্যকারী সাধারণ বিষয়ে মতামত দিয়েছেন এবং কোনো ঘৃণামূলক বক্তব্য প্রকাশ করেননি।,rule-based,False,pending,
24835,নগদ ইসলামের মাইরে বাপ,Abusive,Organization,Severe,"মন্তব্যটিতে ""ইসলাম"" এর মতো অশ্লীল ও কুরুচিপূর্ণ ভাষা ব্যবহার করা হয়েছে। এটি একটি সংগঠন বা প্রতিষ্ঠানের বিরুদ্ধে তীব্র ও গুরুতর মাত্রার বক্তব্য।",rule-contextual,False,pending,
28016,বুঝতে পারছি ঘটনা কিন্তু যে তিন জনকে আটক করা হইছে ওই তিনজন কি রাষ্ট্রের জামাইবাবু আসামি গ্রেপ্তার করছেন তাদেরকে হ্যান্ডকাপ লাগাবেন এটাই তো আপনাদের নিয়ম তাদের হাতে হ্যান্ডকাফ নাই কেনসাধারণ জনগণের হাতে তো পট করে হ্যান্ডকাপ লাগিয়ে দেনএরকম ঘটনা লিয়াকত প্রদীপ এর বেলায় করছিলেন আপনারা পরে কি করলেন মানুষের সমালোচনার মুখে পরে হ্যান্ডকাপ লাগানো হয়েছিল,,,Little to None,"মন্তব্যটিতে কোনো গালিগালাজ, বিদ্বেষ বা আপত্তিকর বিষয়বস্তু পাওয়া যায়নি বলে এটি নিরপেক্ষ মন্তব্য।",rule-based,False,pending,
3450,একটা মেছ ও বাংলাদেশ জিততে পারবে না এটা ১০০ বালের একাদশ এটা,Abusive,Community,Severe,"এই মন্তব্যে ""বাল"" জাতীয় অশ্লীল শব্দ ব্যবহার করে নির্দিষ্ট সম্প্রদায় বা গোষ্ঠীকে অবমাননা করা হয়েছে, যা তীব্র ও গুরুতর মাত্রার কুরুচিপূর্ণ ভাষা নির্দেশ করে।",rule-contextual,False,pending,
25267,সময় টিভি হচ্ছে চীনের চামচাএমন ভাবে কথা বলে যেন চীন ছারা অন্য কোনো দেশ চলতে পারবে নাআমেরিকা এগুলা পাত্তাও দেয় না,Abusive,Organization,Mild,"এই বক্তব্যে নির্দিষ্ট সংগঠন বা প্রতিষ্ঠানকে প্রতি ""চামচা"" এর মতো আপত্তিকর শব্দচয়ন এটিকে মাঝারি মাত্রার আক্রমণাত্মক মন্তব্য হিসেবে শ্রেণিবদ্ধ করে।",rule-contextual,False,pending,
28761,আর কোন দাবি নাই পাপনের পদত্যাগ চাই,Abusive,,Mild,এই বক্তব্যে ব্যবহৃত ভাষা ও দৃষ্টিভঙ্গি সাধারণভাবে মাঝারি মাত্রার গালিগালাজমূলক মন্তব্য প্রকাশ করে।,rule-contextual,False,pending,
1054,আমার দৃষ্টিতে হাতে যেহেতু সময় ছিল মুশফিক লিটনের সেঞ্চুরি টা পর্যন্ত অপেক্ষা করা উচিত ছিল তারপর ম্যাচ ডিক্লেয়ার করার সিদ্ধান্ত নেওয়ার সঠিক বলে মনে করি,,,Little to None,"মন্তব্যটিতে কোনো গালিগালাজ, বিদ্বেষ বা আপত্তিকর বিষয়বস্তু পাওয়া যায়নি বলে এটি নিরপেক্ষ মন্তব্য।",rule-based,False,pending,
33131,শালার ছাওয়াল শালা কয় কি,Abusive,Individual,Severe,"এই মন্তব্যে ""শালা"", ""শালা"" জাতীয় অশ্লীল শব্দ ব্যবহার করে নির্দিষ্ট ব্যক্তিকে অবমাননা করা হয়েছে, যা তীব্র ও গুরুতর মাত্রার কুরুচিপূর্ণ ভাষা নির্দেশ করে।",rule-contextual,False,pending,
13803,কাউয়া কাদের ভূয়া ভূয়া ভূয়া ভূয়া ভূয়া ভূয়া ভূয়া ভূয়া ভূয়া ভূয়া ভূয়া ভোট চোরের অধীনে কোন নির্বাচন সুষ্ঠু সম্ভব না,Abusive,Individual,Little to None,"এই মন্তব্যে ""চোর"" শব্দ ব্যবহার করে নির্দিষ্ট ব্যক্তিকে অবমাননা করা হয়েছে, যা মৃদু বা গৌণ মাত্রার আক্রমণাত্মক ভাষা নির্দেশ করে।",rule-contextual,False,pending,
11039,দেশ কে আছুলা বাঁশ দিয়া দংশ করে দিছে এই জালিম সরকার,Abusive,Organization,Mild,"মন্তব্যটিতে ""সরকার"" এর মতো আক্রমণাত্মক ও গালিগালাজমূলক ভাষা ব্যবহার করা হয়েছে। এটি একটি সংগঠন বা প্রতিষ্ঠানের বিরুদ্ধে মাঝারি মাত্রার বক্তব্য।",rule-contextual,False,pending,
12222,তুই লড়বে তোর সংবিধান লড়বে তোর চৌদ্দ গুষ্ঠি লড়বে অপেক্ষা কর কাউয়া,Political Hate,Individual,Severe,মন্তব্যটি রাজনৈতিক ব্যক্তি বা দলের প্রতি একটি নির্দিষ্ট ব্যক্তির বিরুদ্ধে তীব্র ও গুরুতর মাত্রার ঘৃণামূলক দৃষ্টিভঙ্গি প্রকাশ করে।,rule-contextual,False,pending,
29564,বাংলাদেশে রাজাকার আলবদরের দিন শেষ বিএনপির দিন শেষ কোনোদিন এরা আর ক্ষমতায় আসতে পারবে না,Political Hate,Society,Mild,"এই মন্তব্যে ""বিএনপি"", ""ক্ষমতা"", ""রাজাকার"" সম্পর্কিত রাজনৈতিক ঘৃণা প্রকাশ পেয়েছে যেখানে সমাজ বা জাতিকে আক্রমণের লক্ষ্যবস্তু। তীব্রতা মাঝারি মাত্রার।",rule-contextual,False,pending,
29706,পুরান চাল ভাতে বাড়ে আর বাঙালি দের কমে পা প ন,Abusive,Individual,Mild,"এই মন্তব্যের ভাষা ও সুর আক্রমণাত্মক এবং অবমাননাকর, যা একটি নির্দিষ্ট ব্যক্তির বিরুদ্ধে মাঝারি মাত্রার গালিগালাজমূলক বক্তব্য হিসেবে চিহ্নিত।",rule-contextual,False,pending,
10240,এই অবৈধ সরকারকে যারা অবৈধভাবে ঋণ সহায়তা দিয়ে জনগণের উপর ঋণের বোঝা ভাড়ি করছেজনগণের নামে লোন দেখিয়ে আম্লীগের নেতাকর্মীদের বিদেশী টাকা পাচার করতে যেসব বিদেশীরা সহায়তা করছে তাদেরকেও জনগণের মুখোমুখি হতে হবে একদিন এবং সেইসব বিদেশি সংস্থাগুলোও অর্থ পাচারের সাথে জড়িত,Political Hate,Organization,Mild,"রাজনৈতিক প্রেক্ষাপটে ""সরকার"", ""লীগ"" ব্যবহার করে নির্দিষ্ট সংগঠন বা প্রতিষ্ঠানকে প্রতি বিদ্বেষ প্রকাশ এই মন্তব্যকে মাঝারি মাত্রার রাজনৈতিক ঘৃণামূলক বক্তব্য করে তোলে।",rule-contextual,False,pending,
7396,দয়া করে বালের আডটা বাদ দেন,Abusive,Individual,Severe,"মন্তব্যকারী ""বাল"" ব্যবহার করে নির্দিষ্ট ব্যক্তিকে অশ্লীলভাবে আক্রমণ করেছেন। ভাষার মাত্রা তীব্র ও গুরুতর মাত্রার অশ্লীলতা নির্দেশ করে।",rule-contextual,False,pending,
34918,ওদের জন্মের ঠিক নাই তাই গাড়ী চালানো ও ঠিক হয়না,,,Little to None,এটি একটি নিরপেক্ষ মন্তব্য যেখানে কাউকে লক্ষ্য করে কোনো অবমাননাকর বা বৈষম্যমূলক ভাষা ব্যবহার করা হয়নি।,rule-based,False,pending,
17624,মাস শেষে সরকারি বেতন,,,Little to None,মন্তব্যকারী সাধারণ বিষয়ে মতামত দিয়েছেন এবং কোনো ঘৃণামূলক বক্তব্য প্রকাশ করেননি।,rule-based,False,pending,
29974,বালের এড প্রতি ভিডিওতে আর দেখতে ভালো লাগে না,Abusive,Organization,Severe,"নির্দিষ্ট সংগঠন বা প্রতিষ্ঠানকে উদ্দেশ্যে ""বাল"" এর মতো চরম অশ্লীল ভাষা প্রয়োগ এই মন্তব্যকে তীব্র ও গুরুতর মাত্রার অশ্লীল বক্তব্য হিসেবে শ্রেণিবদ্ধ করে।",rule-contextual,False,pending,
23427,আর এই সুযোগে ভারত সাগরের ইলিশ ধরে নিয়ে যাবেযেহুতু সাগরে বাংলাদেশী কোনো জেলে থাকবে নাভারতে কিন্তু অবরোধ দেয়নিআর এই সুযোগ টা আমাদেরদিবে ভারত কেকারন মাছ এমনিতে অনেক দিছে ভারত কেআবার যদি মাছ দেয় পাবলিক তো এমনিতে ক্ষ্যাপাএই জন্য সুযোগ করে দিছে,Political Hate,Community,Little to None,রাজনৈতিক বিষয়ে একটি সম্প্রদায় বা গোষ্ঠীর বিরুদ্ধে মৃদু বা গৌণ মাত্রার বিদ্বেষপূর্ণ মনোভাব এই মন্তব্যে স্পষ্ট।,rule-contextual,False,pending,
1690,জালেম সরকারের পাতন চাই,Political Hate,Organization,Mild,"নির্দিষ্ট সংগঠন বা প্রতিষ্ঠানকে বিরুদ্ধে ""সরকার"" এর মতো রাজনৈতিক বিদ্বেষমূলক শব্দ ব্যবহার করা হয়েছে। এটি মাঝারি মাত্রার রাজনৈতিক ঘৃণা প্রকাশ করে।",rule-contextual,False,pending,
4907,ক্ষমতা কারো চিয় স্থায়ী নয় একদিন এর কঠিন জবাব দিতে হবে,Political Hate,Organization,Mild,এই মন্তব্যে রাজনৈতিক প্রেক্ষাপটে একটি সংগঠন বা প্রতিষ্ঠানের বিরুদ্ধে মাঝারি মাত্রার বিদ্বেষ ও ঘৃণা প্রকাশ করা হয়েছে।,rule-contextual,False,pending,
9836,গতদিন আমি খুব কান্না করেছি কেননা আমাদের ভারতকে ইংল্যান্ড পরাজিত করেছে তাই আমি খুব কান্না করেছি কান্না করেছি এবং কষ্টে চুল ছিঁড়ে ফেলেছি,,,Little to None,"এই মন্তব্যে কোনো আপত্তিকর, অশ্লীল বা ঘৃণাজনক বিষয়বস্তু নেই এবং এটি স্বাভাবিক আলোচনার অংশ।",rule-based,False,pending,
27419,পরকীয়ার মাস্টার ডিগ্রিপ্রাপ্তরা যখন সেই বিষয়েই সুন্দর সুন্দর কথা বলে,Gender Hate,Community,Severe,এই মন্তব্যে নারীর প্রতি একটি সম্প্রদায় বা গোষ্ঠীর বিরুদ্ধে তীব্র ও গুরুতর মাত্রার বৈষম্যমূলক ও অবমাননাকর মনোভাব প্রকাশ পায়।,rule-contextual,False,pending,
1345,নির্লজ্জ বেহায়ার দল,Abusive,Organization,Severe,মন্তব্যটির সামগ্রিক সুর ও ভাষা একটি সংগঠন বা প্রতিষ্ঠানের বিরুদ্ধে তীব্র ও গুরুতর মাত্রার আক্রমণাত্মক বক্তব্য নির্দেশ করে।,rule-contextual,False,pending,
10782,দেওয়ার মধ্যে যে আনন্দ আছে নেওয়ার মধ্যে নাই মামুন ভাই দিতে পারছে তার ভাগ্য এমন হাজার মামুন আছে টাকা বুকে নিয়ে রাখছে কোটি কোটি টাকা কিন্তু মনে শান্তি নাই মামুন ভাইয়ের টাকা গেছে কিন্তু শান্তি তো পাইছে,,,Little to None,"মন্তব্যটিতে কোনো নির্দিষ্ট ব্যক্তি, গোষ্ঠী বা সম্প্রদায়ের বিরুদ্ধে ঘৃণা বা বিদ্বেষ প্রকাশ পায়নি।",rule-based,False,pending,
15182,এ দিকে বিসিবি কোটি কোটি টাকা দিয়ে পঞ্চপাণ্ডব পোষে তাদের কল্যাণে দশ দলের মধ্যে সেরা দশে বাংলাদেশর অবস্থান,,,Little to None,এই বাক্যে কোনো ঘৃণামূলক শব্দ বা আক্রমণাত্মক প্রকাশ নেই এবং এটি সাধারণ মতামত প্রকাশ করে।,rule-based,False,pending,
10037,মাননীয় প্রধানমন্ত্রী শেখ হাসিনা খালাকে বলছি সাধারণ জনগণ এর সাথে চিনিমিনি আপনার অবৈধ সরকারই খেলছে এটা দেশের সাধারণ খেটে খাওয়া জনগণ পরিস্কার হয়েগেছে,Political Hate,Individual,Mild,"রাজনৈতিক প্রেক্ষাপটে ""সরকার"", ""হাসিনা"", ""মন্ত্রী"" ব্যবহার করে নির্দিষ্ট ব্যক্তিকে প্রতি বিদ্বেষ প্রকাশ এই মন্তব্যকে মাঝারি মাত্রার রাজনৈতিক ঘৃণামূলক বক্তব্য করে তোলে।",rule-contextual,False,pending,
5806,বিলিয়ন বিলিয়ন ডলার খরচ করে খেলার আয়লজন কেন শরীর চর্চার কিছুটা খেলা জায়েজ আছে,,,Little to None,"এই মন্তব্যে কোনো আপত্তিকর, অশ্লীল বা ঘৃণাজনক বিষয়বস্তু নেই এবং এটি স্বাভাবিক আলোচনার অংশ।",rule-based,False,pending,
28658,পুলিশ প্রশাসন লজ্জা করতেছে আমার এই নামটি একজন প্রার্থী কেন্দ্রের ভিতর এইভাবে মারধর শিকার আমরা এই দেশে আর নির্বাচন চায় না আমাদের মাননীয় প্রধানমন্ত্রী আমাদের এই দেশকে রাজতন্ত্র ঘোষণা করে দিন,Abusive,Individual,Mild,"মন্তব্যকারী ""লজ্জা"" ব্যবহার করে নির্দিষ্ট ব্যক্তিকে আক্রমণ করেছেন। ভাষার তীব্রতা মাঝারি মাত্রার বলে প্রতীয়মান।",rule-contextual,False,pending,
14633,এ সালা পররাষ্ট্রমন্ত্রী পূরুষ নয় হিজরা,Abusive,Individual,Severe,এই মন্তব্যে অশ্লীল ও কুরুচিপূর্ণ ভাষা ব্যবহার করে একটি নির্দিষ্ট ব্যক্তির বিরুদ্ধে তীব্র ও গুরুতর মাত্রার আপত্তিকর বক্তব্য প্রকাশ করা হয়েছে।,rule-contextual,False,pending,
11158,ভারতের ন্যাকামিও আর ভালো লাগছে না,Abusive,Society,Little to None,মন্তব্যটির সামগ্রিক সুর ও ভাষা সামগ্রিকভাবে সমাজ বা জাতির বিরুদ্ধে মৃদু বা গৌণ মাত্রার আক্রমণাত্মক বক্তব্য নির্দেশ করে।,rule-contextual,False,pending,
15498,তুই কুত্তার বাচ্চা জারয সব সময় শুধু মিথ্যা কথা বলছ,Abusive,Individual,Severe,"মন্তব্যকারী ""কুত্তা"", ""কুত্তার"", ""কুত্তা"" ব্যবহার করে নির্দিষ্ট ব্যক্তিকে অশ্লীলভাবে আক্রমণ করেছেন। ভাষার মাত্রা তীব্র ও গুরুতর মাত্রার অশ্লীলতা নির্দেশ করে।",rule-contextual,False,pending,
12132,আমাদের সবাইকে ফিলিস্তিনের পাশে দাঁড়াতে হবে এবং ইসরাইলি পণ্য বয়কট করতে হবে,Abusive,Society,Little to None,এই বক্তব্যে ব্যবহৃত ভাষা ও দৃষ্টিভঙ্গি সামগ্রিকভাবে সমাজ বা জাতির বিরুদ্ধে মৃদু বা গৌণ মাত্রার গালিগালাজমূলক মন্তব্য প্রকাশ করে।,rule-contextual,False,pending,
19845,কুত্তালীগ গুলো পাকিস্তানী হানাদার বাহিনীর মতো,Political Hate,Organization,Severe,"নির্দিষ্ট সংগঠন বা প্রতিষ্ঠানকে বিরুদ্ধে ""লীগ"", ""কুত্তা"" এর মতো রাজনৈতিক বিদ্বেষমূলক শব্দ ব্যবহার করা হয়েছে। এটি তীব্র ও গুরুতর মাত্রার রাজনৈতিক ঘৃণা প্রকাশ করে।",rule-contextual,False,pending,
25037,মাশা আল্লাহ এগিয়ে যাও দেশকে এগিয়ে নিয়ে যায়ও,,,Little to None,"মন্তব্যটিতে কোনো গালিগালাজ, বিদ্বেষ বা আপত্তিকর বিষয়বস্তু পাওয়া যায়নি বলে এটি নিরপেক্ষ মন্তব্য।",rule-based,False,pending,
